God,Realm,Rank,Unique Bonuses (Weighted Averages),Additional Embem Count,Favor Rewarded per Run,Guaranteed Game Tickets,Knowledge Rewarded,Resources Reward,Treasure Rewarded,Spawn Dumpling Chance,Additional Nemesis Creatures,Spawn Treasure Golem,Buff Realm Boosts (Max 5),Debuff Realm Boosts (Max 5),Minion Realm Boost,Stat Decrease Realm Boost,Stat Increase Realm Boost,Damage Enemies,Next Battle Bonus,Spell Gem Effect,Faster Quest Completion,Reveal Area,Generic Bonuses (Guaranteed),Breakable Object Count,Dumpling Flee Chance,Dumpling Chance,Emblem Spawn Count,Nemesis Creature Count,Pandemonium Shrine Chance,Pre-Reveal God Altar,Pre-Reveal Teleportation Shrine,Resources from Battles,Resources from Resource Nodes,Resource Node Count,Treasure from All Sources,Treasure Chest Count,Treasure Golem Flee Chance,Treasure Golem Chance,Increased View Distance
"4080, God of Science",Forgotten Lab,0,,-,500,-,5,-,-,-,-,-,2,2,-,-,-,-,-,-,-,-,,-,-,-,-,-,-,-,-,-,-,-,-,-,-,-,-
"4080, God of Science",Forgotten Lab,1,,-,550,-,5,-,-,-,-,-,2,2,-,-,-,-,-,-,-,-,,-,-,-,-,-,-,-,-,-,-,-,-,-,-,-,-
"4080, God of Science",Forgotten Lab,2,,-,550,-,5,-,-,-,-,-,2,2,-,-,-,-,-,-,-,-,,-,-,-,-,-,-,-,-,5%,-,-,-,-,-,-,-
"4080, God of Science",Forgotten Lab,3,,-,550,-,5,-,-,-,-,-,2,3,-,-,-,-,-,-,-,-,,-,-,-,-,-,-,-,-,5%,-,-,-,-,-,-,-
"4080, God of Science",Forgotten Lab,4,,-,550,-,5,-,-,-,-,-,2,3,-,-,-,-,-,-,-,-,,-,-,-,-,-,-,-,-,5%,-,-,10%,-,-,-,-
"4080, God of Science",Forgotten Lab,5,,-,550,-,5,-,-,-,-,-,3,3,-,-,-,-,-,-,-,-,,-,-,-,-,-,-,-,-,5%,-,-,10%,-,-,-,-
"4080, God of Science",Forgotten Lab,6,,-,550,-,5,-,-,-,-,-,3,3,-,-,-,-,-,-,-,-,,-,-,-,-,-,-,-,-,5%,-,-,10%,-,-,50%,-
"4080, God of Science",Forgotten Lab,7,,-,600,-,5,-,-,-,-,-,3,3,-,-,-,-,-,-,-,-,,-,-,-,-,-,-,-,-,5%,-,-,10%,-,-,50%,-
"4080, God of Science",Forgotten Lab,8,,-,600,-,5,-,-,-,-,-,3,3,-,-,-,-,-,-,-,-,,-,-,-,-,-,-,-,-,5%,-,-,10%,-,-,50%,1
"4080, God of Science",Forgotten Lab,9,,-,600,-,5,-,-,-,-,-,3,3,-,-,-,-,-,-,-,-,,-,-,-,-,-,-,-,X,5%,-,-,10%,-,-,50%,1
"4080, God of Science",Forgotten Lab,10,,-,750,-,5,-,-,-,-,-,3,3,-,-,-,-,-,-,-,-,,-,-,-,-,-,-,-,X,5%,-,-,10%,-,-,50%,1
"4080, God of Science",Forgotten Lab,11,,-,750,-,5,-,-,-,-,-,3,3,-,-,-,-,-,-,-,-,,-,-,-,1,-,-,-,X,5%,-,-,10%,-,-,50%,1
"4080, God of Science",Forgotten Lab,12,,-,750,-,5,-,-,-,-,-,3,3,-,-,-,-,-,-,-,-,,-,-,50%,1,-,-,-,X,5%,-,-,10%,-,-,50%,1
"4080, God of Science",Forgotten Lab,13,,-,750,-,5,-,-,-,-,-,3,3,-,-,-,-,-,-,-,-,,-,-,50%,1,-,-,-,X,5%,-,-,10%,1,-,50%,1
"4080, God of Science",Forgotten Lab,14,,-,750,-,5,-,-,-,-,-,3,3,-,-,-,-,-,-,-,-,,-,-,50%,1,-,-,-,X,5%,-,1,10%,1,-,50%,1
"4080, God of Science",Forgotten Lab,15,,-,750,-,5,-,-,-,-,-,3,3,-,-,5,-,-,-,-,-,,-,-,50%,1,-,-,-,X,5%,-,1,10%,1,-,50%,1
"4080, God of Science",Forgotten Lab,16,,-,750,-,5,-,-,-,-,-,3,3,-,-,5,-,-,-,-,-,,-,-,50%,1,-,-,X,X,5%,-,1,10%,1,-,50%,1
"4080, God of Science",Forgotten Lab,17,,-,750,-,5,-,-,-,-,-,3,3,-,-,5,-,-,-,-,-,,1,-,50%,1,-,-,X,X,5%,-,1,10%,1,-,50%,1
"4080, God of Science",Forgotten Lab,18,,-,750,-,5,-,-,-,-,-,3,3,-,-,5,-,-,-,-,-,,1,-,50%,1,-,-,X,X,5%,-,1,20%,1,-,50%,1
"4080, God of Science",Forgotten Lab,19,,-,750,-,5,-,-,-,-,-,3,3,-,-,5,-,-,-,-,-,,1,-,50%,1,-,-,X,X,10%,-,1,20%,1,-,50%,1
"4080, God of Science",Forgotten Lab,20,,0.7,750,-,5,-,-,-,-,-,3,3,-,-,5,-,-,-,-,-,,1,-,50%,1,-,-,X,X,10%,-,1,20%,1,-,50%,1
"4080, God of Science",Forgotten Lab,21,,0.7,750,-,5,-,-,-,-,-,3,3,-,-,5,-,-,-,-,-,,1,-,50%,1,-,-,X,X,10%,-,1,20%,1,-,100%,1
"4080, God of Science",Forgotten Lab,22,,0.7,750,-,5,-,-,-,-,-,3,3,-,-,5,-,-,-,-,-,,1,-,50%,1,-,-,X,X,10%,-,1,20%,2,-,100%,1
"4080, God of Science",Forgotten Lab,23,,0.7,750,-,5,-,-,-,-,-,3,3,-,-,5,-,-,-,-,-,,1,-,50%,1,-,-,X,X,10%,-,2,20%,2,-,100%,1
"4080, God of Science",Forgotten Lab,24,,0.7,750,-,5,-,-,-,-,-,3,3,-,-,5,-,-,-,-,-,,1,-,50%,2,-,-,X,X,10%,-,2,20%,2,-,100%,1
"4080, God of Science",Forgotten Lab,25,,0.7,750,-,5,-,-,-,-,-,3,5,-,-,5,-,-,-,-,-,,1,-,50%,2,-,-,X,X,10%,-,2,20%,2,-,100%,1
"4080, God of Science",Forgotten Lab,26,,0.7,750,-,5,-,-,-,-,-,3,5,-,-,5,-,-,-,-,-,,1,-50%,50%,2,-,-,X,X,10%,-,2,20%,2,-,100%,1
"4080, God of Science",Forgotten Lab,27,,0.7,750,-,5,-,-,-,-,-,3,5,-,-,5,-,-,-,-,-,,1,-50%,100%,2,-,-,X,X,10%,-,2,20%,2,-,100%,1
"4080, God of Science",Forgotten Lab,28,,0.7,750,-,5,-,-,-,-,-,3,5,-,-,5,-,-,-,-,-,,1,-50%,100%,2,-,-,X,X,10%,-,2,20%,3,-,100%,1
"4080, God of Science",Forgotten Lab,29,,0.7,750,-,5,-,-,-,-,-,3,5,-,-,5,-,-,-,-,-,,1,-50%,100%,2,-,-,X,X,15%,-,2,20%,3,-,100%,1
"4080, God of Science",Forgotten Lab,30,,0.7,750,-,5,-,-,-,-,-,3,5,3,-,5,-,-,-,-,-,,1,-50%,100%,2,-,-,X,X,15%,-,2,20%,3,-,100%,1
"4080, God of Science",Forgotten Lab,31,,0.7,750,-,5,-,-,-,-,-,3,5,3,-,5,-,-,-,-,-,,1,-50%,100%,2,-,-,X,X,15%,-,2,20%,3,-,100%,2
"4080, God of Science",Forgotten Lab,32,,0.7,750,-,5,-,-,-,-,-,3,5,3,-,5,-,-,-,-,-,,1,-50%,100%,2,-,-,X,X,15%,-,2,20%,3,-50%,100%,2
"4080, God of Science",Forgotten Lab,33,,0.7,750,-,5,-,-,-,-,-,3,5,3,-,5,-,-,-,-,-,,1,-50%,100%,2,1,-,X,X,15%,-,2,20%,3,-50%,100%,2
"4080, God of Science",Forgotten Lab,34,,0.7,750,-,5,-,-,-,-,-,3,5,3,-,5,-,-,-,-,-,,1,-50%,100%,2,1,-,X,X,15%,-,3,20%,3,-50%,100%,2
"4080, God of Science",Forgotten Lab,35,,1.4,750,-,5,-,-,-,-,-,3,5,3,-,5,-,-,-,-,-,,1,-50%,100%,2,1,-,X,X,15%,-,3,20%,3,-50%,100%,2
"4080, God of Science",Forgotten Lab,36,,1.4,750,-,5,-,-,-,-,-,3,5,3,-,5,-,-,-,-,-,,2,-50%,100%,2,1,-,X,X,15%,-,3,20%,3,-50%,100%,2
"4080, God of Science",Forgotten Lab,37,,1.4,750,-,5,-,-,-,-,-,3,5,3,-,5,-,-,-,-,-,,2,-50%,100%,2,1,-,X,X,15%,-,3,30%,3,-50%,100%,2
"4080, God of Science",Forgotten Lab,38,,1.4,750,-,5,-,-,-,-,-,3,5,3,-,5,-,-,-,-,-,,2,-50%,100%,2,1,-,X,X,15%,-,3,30%,3,-50%,150%,2
"4080, God of Science",Forgotten Lab,39,,1.4,750,-,5,-,-,-,-,-,3,5,3,-,5,-,-,-,-,-,,2,-50%,100%,2,1,-,X,X,15%,-,4,30%,3,-50%,150%,2
"4080, God of Science",Forgotten Lab,40,,1.4,750,-,5,-,-,-,-,-,3,5,3,-,10,-,-,-,-,-,,2,-50%,100%,2,1,-,X,X,15%,-,4,30%,3,-50%,150%,2
"4080, God of Science",Forgotten Lab,41,,1.4,750,-,5,-,-,-,-,-,3,5,3,-,10,-,-,-,-,-,,3,-50%,100%,2,1,-,X,X,15%,-,4,30%,3,-50%,150%,2
"4080, God of Science",Forgotten Lab,42,,1.4,750,-,5,-,-,-,-,-,3,5,3,-,10,-,-,-,-,-,,3,-50%,100%,2,1,100%,X,X,15%,-,4,30%,3,-50%,150%,2
"4080, God of Science",Forgotten Lab,43,,1.4,750,-,5,-,-,-,-,-,3,5,3,-,10,-,-,-,-,-,,3,-50%,100%,2,1,100%,X,X,15%,-,4,40%,3,-50%,150%,2
"4080, God of Science",Forgotten Lab,44,,1.4,750,-,5,-,-,-,-,-,3,5,3,-,10,-,-,-,-,-,,3,-50%,100%,2,1,100%,X,X,20%,-,4,40%,3,-50%,150%,2
"4080, God of Science",Forgotten Lab,45,,1.4,750,-,5,-,-,-,-,-,3,5,3,-,10,-,-,5,-,-,,3,-50%,100%,2,1,1,X,X,20%,-,4,40%,3,-50%,150%,2
"4080, God of Science",Forgotten Lab,46,,1.4,750,-,5,-,-,-,-,-,3,5,3,-,10,-,-,5,-,-,,3,-50%,100%,2,1,100%,X,X,20%,10%,4,40%,3,-50%,150%,2
"4080, God of Science",Forgotten Lab,47,,1.4,750,-,5,-,-,-,-,-,3,5,3,-,10,-,-,5,-,-,,3,-50%,150%,2,1,100%,X,X,20%,10%,4,40%,3,-50%,150%,2
"4080, God of Science",Forgotten Lab,48,,1.4,750,-,5,-,-,-,-,-,3,5,3,-,10,-,-,5,-,-,,4,-50%,150%,2,1,100%,X,X,20%,10%,4,40%,3,-50%,150%,2
"4080, God of Science",Forgotten Lab,49,,1.4,750,-,5,-,-,-,-,-,3,5,3,-,10,-,-,5,-,-,,4,-50%,150%,2,1,100%,X,X,20%,10%,4,50%,3,-50%,150%,2
"4080, God of Science",Forgotten Lab,50,,1.4,750,-,5,-,2,-,-,-,3,5,3,-,10,-,-,5,-,-,,4,-50%,150%,2,1,1,X,X,20%,10%,4,50%,3,-50%,150%,2
"4080, God of Science",Forgotten Lab,51,,1.4,750,-,5,-,2,-,-,-,3,5,3,-,10,-,-,5,-,-,,4,-50%,150%,2,1,100%,X,X,25%,10%,4,50%,3,-50%,150%,2
"4080, God of Science",Forgotten Lab,52,,1.4,750,-,5,-,2,-,-,-,3,5,3,-,10,-,-,5,-,-,,4,-50%,150%,2,2,100%,X,X,25%,10%,4,50%,3,-50%,150%,2
"4080, God of Science",Forgotten Lab,53,,1.4,750,-,5,-,2,-,-,-,3,5,3,-,10,-,-,5,-,-,,4,-50%,150%,2,2,100%,X,X,25%,20%,4,50%,3,-50%,150%,2
"4080, God of Science",Forgotten Lab,54,,1.4,750,-,5,-,2,-,-,-,3,5,3,-,10,-,-,5,-,-,,4,-50%,150%,2,2,100%,X,X,25%,20%,4,60%,3,-50%,150%,2
"4080, God of Science",Forgotten Lab,55,,1.4,750,-,5,-,2,-,-,-,3,5,3,-,10,-,-,5,-,-,,4,-50%,150%,2,2,100%,X,X,25%,20%,4,60%,3,-50%,150%,3
"4080, God of Science",Forgotten Lab,56,,1.4,750,-,5,-,2,-,-,-,3,5,3,-,10,-,-,5,-,-,,4,-100%,150%,2,2,100%,X,X,25%,20%,4,60%,3,-50%,150%,3
"4080, God of Science",Forgotten Lab,57,,1.4,750,-,5,-,2,-,-,-,3,5,3,-,10,-,-,5,-,-,,5,-100%,150%,2,2,100%,X,X,25%,20%,4,60%,3,-50%,150%,3
"4080, God of Science",Forgotten Lab,58,,1.4,750,-,5,-,2,-,-,-,3,5,3,-,10,-,-,5,-,-,,5,-100%,150%,2,2,100%,X,X,25%,20%,4,70%,3,-50%,150%,3
"4080, God of Science",Forgotten Lab,59,,1.4,750,-,5,-,2,-,-,-,3,5,3,-,10,-,-,5,-,-,,5,-100%,150%,2,2,100%,X,X,30%,20%,4,70%,3,-50%,150%,3
"4080, God of Science",Forgotten Lab,60,,1.4,750,-,5,-,2,-,-,-,3,5,3,3,10,-,-,5,-,-,,5,-100%,150%,2,2,1,X,X,30%,20%,4,70%,3,-50%,150%,3
"4080, God of Science",Forgotten Lab,61,,1.4,750,-,5,-,2,-,-,-,3,5,3,3,10,-,-,5,-,-,,5,-100%,150%,2,2,100%,X,X,30%,30%,4,70%,3,-50%,150%,3
"4080, God of Science",Forgotten Lab,62,,1.4,750,-,5,-,2,-,-,-,3,5,3,3,10,-,-,5,-,-,,5,-100%,150%,2,2,100%,X,X,30%,30%,4,80%,3,-50%,150%,3
"4080, God of Science",Forgotten Lab,63,,1.4,750,-,5,-,2,-,-,-,3,5,3,3,10,-,-,5,-,-,,5,-100%,150%,2,2,100%,X,X,35%,30%,4,80%,3,-50%,150%,3
"4080, God of Science",Forgotten Lab,64,,1.4,750,-,5,-,2,-,-,-,3,5,3,3,10,-,-,5,-,-,,5,-100%,150%,2,2,100%,X,X,35%,40%,4,80%,3,-50%,150%,3
"4080, God of Science",Forgotten Lab,65,,1.4,750,-,5,-,2,-,-,-,3,5,3,3,10,-,-,5,-,-,,5,-100%,150%,2,2,100%,X,X,35%,40%,4,80%,3,-50%,200%,3
"4080, God of Science",Forgotten Lab,66,,1.4,750,-,5,-,2,-,-,-,3,5,3,3,10,-,-,5,-,-,,5,-100%,150%,2,2,100%,X,X,35%,40%,4,80%,3,-100%,200%,3
"4080, God of Science",Forgotten Lab,67,,1.4,750,-,5,-,2,-,-,-,3,5,3,3,10,-,-,5,-,-,,5,-100%,150%,2,2,100%,X,X,35%,40%,4,90%,3,-100%,200%,3
"4080, God of Science",Forgotten Lab,68,,1.4,750,-,5,-,2,-,-,-,3,5,3,3,10,-,-,5,-,-,,5,-100%,150%,2,2,100%,X,X,35%,50%,4,90%,3,-100%,200%,3
"4080, God of Science",Forgotten Lab,69,,1.4,750,-,5,-,2,-,-,-,3,5,3,3,10,-,-,5,-,-,,5,-100%,150%,2,2,100%,X,X,40%,50%,4,90%,3,-100%,200%,3
"4080, God of Science",Forgotten Lab,70,,1.4,750,-,5,-,2,-,-,-,3,5,3,3,10,3,-,5,-,-,,5,-100%,150%,2,2,1,X,X,40%,50%,4,90%,3,-100%,200%,3
"4080, God of Science",Forgotten Lab,71,,1.4,750,-,5,-,2,-,-,-,3,5,3,3,10,3,-,5,-,-,,5,-100%,150%,2,2,100%,X,X,40%,50%,4,100%,3,-100%,200%,3
"4080, God of Science",Forgotten Lab,72,,1.4,750,-,5,-,2,-,-,-,3,5,3,3,10,3,-,5,-,-,,5,-100%,150%,2,2,100%,X,X,40%,60%,4,100%,3,-100%,200%,3
"4080, God of Science",Forgotten Lab,73,,1.4,750,-,5,-,2,-,-,-,3,5,3,3,10,3,-,5,-,-,,5,-100%,150%,2,2,100%,X,X,45%,60%,4,100%,3,-100%,200%,3
"4080, God of Science",Forgotten Lab,74,,1.4,750,-,5,-,2,-,-,-,3,5,3,3,10,3,-,5,-,-,,5,-100%,150%,2,2,100%,X,X,45%,70%,4,100%,3,-100%,200%,3
"4080, God of Science",Forgotten Lab,75,,1.4,750,-,5,-,2,-,-,-,3,5,3,3,10,3,-,5,-,-,,5,-100%,150%,2,2,100%,X,X,45%,80%,4,100%,3,-100%,200%,3
"4080, God of Science",Forgotten Lab,76,,1.4,750,-,5,-,2,-,-,-,3,5,3,3,10,3,-,5,-,-,,5,-100%,200%,2,2,100%,X,X,45%,80%,4,100%,3,-100%,200%,3
"4080, God of Science",Forgotten Lab,77,,1.4,750,-,5,-,2,-,-,-,3,5,3,3,10,3,-,5,-,-,,5,-100%,200%,2,2,100%,X,X,45%,90%,4,100%,3,-100%,200%,3
"4080, God of Science",Forgotten Lab,78,,1.4,750,-,5,-,2,-,-,-,3,5,3,3,10,3,-,5,-,-,,5,-100%,200%,2,2,100%,X,X,45%,90%,4,110%,3,-100%,200%,3
"4080, God of Science",Forgotten Lab,79,,1.4,750,-,5,-,2,-,-,-,3,5,3,3,10,3,-,5,-,-,,5,-100%,200%,2,2,100%,X,X,50%,90%,4,110%,3,-100%,200%,3
"4080, God of Science",Forgotten Lab,80,,1.4,750,-,5,-,4,-,-,-,3,5,3,3,10,3,-,5,-,-,,5,-100%,200%,2,2,1,X,X,50%,90%,4,110%,3,-100%,200%,3
"4080, God of Science",Forgotten Lab,81,,1.4,750,-,5,-,4,-,-,-,3,5,3,3,10,3,-,5,-,-,,5,-100%,200%,2,2,100%,X,X,50%,100%,4,110%,3,-100%,200%,3
"4080, God of Science",Forgotten Lab,82,,1.4,750,-,5,-,4,-,-,-,3,5,3,3,10,3,-,5,-,-,,5,-100%,200%,2,2,100%,X,X,50%,100%,4,120%,3,-100%,200%,3
"4080, God of Science",Forgotten Lab,83,,1.4,750,-,5,-,4,-,-,-,3,5,3,3,10,3,-,5,-,-,,5,-100%,200%,2,2,100%,X,X,50%,110%,4,120%,3,-100%,200%,3
"4080, God of Science",Forgotten Lab,84,,1.4,750,-,5,-,4,-,-,-,3,5,3,3,10,3,-,5,-,-,,5,-100%,200%,2,2,100%,X,X,55%,110%,4,120%,3,-100%,200%,3
"4080, God of Science",Forgotten Lab,85,,1.4,750,-,5,-,4,-,-,-,3,5,3,3,10,3,-,5,-,-,,5,-100%,200%,2,2,100%,X,X,55%,110%,4,120%,3,-100%,250%,3
"4080, God of Science",Forgotten Lab,86,,1.4,750,-,5,-,4,-,-,-,3,5,3,3,10,3,-,5,-,-,,5,-100%,200%,2,2,100%,X,X,60%,110%,4,120%,3,-100%,250%,3
"4080, God of Science",Forgotten Lab,87,,1.4,750,-,5,-,4,-,-,-,3,5,3,3,10,3,-,5,-,-,,5,-100%,200%,2,2,100%,X,X,60%,110%,4,130%,3,-100%,250%,3
"4080, God of Science",Forgotten Lab,88,,1.4,750,-,5,-,4,-,-,-,3,5,3,3,10,3,-,5,-,-,,5,-100%,200%,2,2,100%,X,X,65%,110%,4,130%,3,-100%,250%,3
"4080, God of Science",Forgotten Lab,89,,1.4,750,-,5,-,4,-,-,-,3,5,3,3,10,3,-,5,-,-,,5,-100%,200%,2,2,100%,X,X,65%,120%,4,130%,3,-100%,250%,3
"4080, God of Science",Forgotten Lab,90,,1.4,750,-,5,-,4,-,-,15%,3,5,3,3,10,3,-,5,-,-,,5,-100%,200%,2,2,1,X,X,65%,120%,4,130%,3,-100%,250%,3
"4080, God of Science",Forgotten Lab,91,,1.4,750,-,5,-,4,-,-,15%,3,5,3,3,10,3,-,5,-,-,,5,-100%,200%,2,2,100%,X,X,65%,130%,4,130%,3,-100%,250%,3
"4080, God of Science",Forgotten Lab,92,,1.4,750,-,5,-,4,-,-,15%,3,5,3,3,10,3,-,5,-,-,,5,-100%,200%,2,2,100%,X,X,65%,130%,4,140%,3,-100%,250%,3
"4080, God of Science",Forgotten Lab,93,,1.4,750,-,5,-,4,-,-,15%,3,5,3,3,10,3,-,5,-,-,,5,-100%,200%,2,2,100%,X,X,70%,130%,4,140%,3,-100%,250%,3
"4080, God of Science",Forgotten Lab,94,,1.4,750,-,5,-,4,-,-,15%,3,5,3,3,10,3,-,5,-,-,,5,-100%,250%,2,2,100%,X,X,70%,130%,4,140%,3,-100%,250%,3
"4080, God of Science",Forgotten Lab,95,,1.4,750,-,5,-,4,-,-,15%,3,5,3,3,10,3,-,5,-,-,,5,-100%,250%,2,2,100%,X,X,70%,140%,4,140%,3,-100%,250%,3
"4080, God of Science",Forgotten Lab,96,,1.4,750,-,5,-,4,-,-,15%,3,5,3,3,10,3,-,5,-,-,,5,-100%,250%,2,2,100%,X,X,70%,140%,4,150%,3,-100%,250%,3
"4080, God of Science",Forgotten Lab,97,,1.4,750,-,5,-,4,-,-,15%,3,5,3,3,10,3,-,5,-,-,,5,-100%,250%,2,2,100%,X,X,75%,140%,4,150%,3,-100%,250%,3
"4080, God of Science",Forgotten Lab,98,,1.4,750,-,5,-,4,-,-,15%,3,5,3,3,10,3,-,5,-,-,,5,-100%,250%,2,2,100%,X,X,75%,150%,4,150%,3,-100%,250%,3
"4080, God of Science",Forgotten Lab,99,,1.4,750,-,5,-,4,-,-,15%,3,5,3,3,10,3,-,5,-,-,,5,-100%,250%,2,2,100%,X,X,80%,150%,4,150%,3,-100%,250%,3
"4080, God of Science",Forgotten Lab,100,,1.4,750,-,5,-,4,-,-,15%,3,5,3,3,10,3,-,10,-,-,,5,-100%,250%,2,2,1,X,X,80%,150%,4,150%,3,-100%,250%,3
"Aeolian, God of Wind",Unsullied Meadows,0,,-,425,-,-,-,8,-,-,-,3,-,-,-,5,-,-,-,-,-,,-,-,-,-,-,-,-,-,-,-,-,-,-,-,-,-
"Aeolian, God of Wind",Unsullied Meadows,1,,-,425,-,-,-,9.5,-,-,-,3,-,-,-,5,-,-,-,-,-,,-,-,-,-,-,-,-,-,-,-,-,-,-,-,-,-
"Aeolian, God of Wind",Unsullied Meadows,2,,-,425,-,-,-,9.5,-,-,-,3,-,-,-,5,-,-,-,-,-,,-,-,-,-,-,-,-,-,5%,-,-,-,-,-,-,-
"Aeolian, God of Wind",Unsullied Meadows,3,,-,425,-,-,-,12,-,-,-,3,-,-,-,5,-,-,-,-,-,,-,-,-,-,-,-,-,-,5%,-,-,-,-,-,-,-
"Aeolian, God of Wind",Unsullied Meadows,4,,-,425,-,-,-,12,-,-,-,3,-,-,-,5,-,-,-,-,-,,-,-,-,-,-,-,-,-,5%,-,-,10%,-,-,-,-
"Aeolian, God of Wind",Unsullied Meadows,5,,-,575,-,-,-,12,-,-,-,3,-,-,-,5,-,-,-,-,-,,-,-,-,-,-,-,-,-,5%,-,-,10%,-,-,-,-
"Aeolian, God of Wind",Unsullied Meadows,6,,-,575,-,-,-,12,-,-,-,3,-,-,-,5,-,-,-,-,-,,-,-,-,-,-,-,-,-,5%,-,-,10%,-,-,50%,-
"Aeolian, God of Wind",Unsullied Meadows,7,,-,635,-,-,-,12,-,-,-,3,-,-,-,5,-,-,-,-,-,,-,-,-,-,-,-,-,-,5%,-,-,10%,-,-,50%,-
"Aeolian, God of Wind",Unsullied Meadows,8,,-,635,-,-,-,12,-,-,-,3,-,-,-,5,-,-,-,-,-,,-,-,-,-,-,-,-,-,5%,-,-,10%,-,-,50%,1
"Aeolian, God of Wind",Unsullied Meadows,9,,-,635,-,-,-,12,-,-,-,3,-,-,-,5,-,-,-,-,-,,-,-,-,-,-,-,-,X,5%,-,-,10%,-,-,50%,1
"Aeolian, God of Wind",Unsullied Meadows,10,,-,635,-,-,-,12,-,-,-,3,3,-,-,5,-,-,-,-,-,,-,-,-,-,-,-,-,X,5%,-,-,10%,-,-,50%,1
"Aeolian, God of Wind",Unsullied Meadows,11,,-,635,-,-,-,12,-,-,-,3,3,-,-,5,-,-,-,-,-,,-,-,-,1,-,-,-,X,5%,-,-,10%,-,-,50%,1
"Aeolian, God of Wind",Unsullied Meadows,12,,-,635,-,-,-,12,-,-,-,3,3,-,-,5,-,-,-,-,-,,-,-,50%,1,-,-,-,X,5%,-,-,10%,-,-,50%,1
"Aeolian, God of Wind",Unsullied Meadows,13,,-,635,-,-,-,12,-,-,-,3,3,-,-,5,-,-,-,-,-,,-,-,50%,1,-,-,-,X,5%,-,-,10%,1,-,50%,1
"Aeolian, God of Wind",Unsullied Meadows,14,,-,635,-,-,-,12,-,-,-,3,3,-,-,5,-,-,-,-,-,,-,-,50%,1,-,-,-,X,5%,-,1,10%,1,-,50%,1
"Aeolian, God of Wind",Unsullied Meadows,15,,-,635,-,-,-,12,-,-,-,3,3,-,5,5,-,-,-,-,-,,-,-,50%,1,-,-,-,X,5%,-,1,10%,1,-,50%,1
"Aeolian, God of Wind",Unsullied Meadows,16,,-,635,-,-,-,12,-,-,-,3,3,-,5,5,-,-,-,-,-,,-,-,50%,1,-,-,X,X,5%,-,1,10%,1,-,50%,1
"Aeolian, God of Wind",Unsullied Meadows,17,,-,635,-,-,-,12,-,-,-,3,3,-,5,5,-,-,-,-,-,,1,-,50%,1,-,-,X,X,5%,-,1,10%,1,-,50%,1
"Aeolian, God of Wind",Unsullied Meadows,18,,-,635,-,-,-,12,-,-,-,3,3,-,5,5,-,-,-,-,-,,1,-,50%,1,-,-,X,X,5%,-,1,20%,1,-,50%,1
"Aeolian, God of Wind",Unsullied Meadows,19,,-,635,-,-,-,12,-,-,-,3,3,-,5,5,-,-,-,-,-,,1,-,50%,1,-,-,X,X,10%,-,1,20%,1,-,50%,1
"Aeolian, God of Wind",Unsullied Meadows,20,,-,635,-,-,-,12,-,-,-,3,3,-,5,5,-,-,3,-,-,,1,-,50%,1,-,-,X,X,10%,-,1,20%,1,-,50%,1
"Aeolian, God of Wind",Unsullied Meadows,21,,-,635,-,-,-,12,-,-,-,3,3,-,5,5,-,-,3,-,-,,1,-,50%,1,-,-,X,X,10%,-,1,20%,1,-,100%,1
"Aeolian, God of Wind",Unsullied Meadows,22,,-,635,-,-,-,12,-,-,-,3,3,-,5,5,-,-,3,-,-,,1,-,50%,1,-,-,X,X,10%,-,1,20%,2,-,100%,1
"Aeolian, God of Wind",Unsullied Meadows,23,,-,635,-,-,-,12,-,-,-,3,3,-,5,5,-,-,3,-,-,,1,-,50%,1,-,-,X,X,10%,-,2,20%,2,-,100%,1
"Aeolian, God of Wind",Unsullied Meadows,24,,-,635,-,-,-,12,-,-,-,3,3,-,5,5,-,-,3,-,-,,1,-,50%,2,-,-,X,X,10%,-,2,20%,2,-,100%,1
"Aeolian, God of Wind",Unsullied Meadows,25,,1.25,635,-,-,-,12,-,-,-,3,3,-,5,5,-,-,3,-,-,,1,-,50%,2,-,-,X,X,10%,-,2,20%,2,-,100%,1
"Aeolian, God of Wind",Unsullied Meadows,26,,1.25,635,-,-,-,12,-,-,-,3,3,-,5,5,-,-,3,-,-,,1,-50%,50%,2,-,-,X,X,10%,-,2,20%,2,-,100%,1
"Aeolian, God of Wind",Unsullied Meadows,27,,1.25,635,-,-,-,12,-,-,-,3,3,-,5,5,-,-,3,-,-,,1,-50%,100%,2,-,-,X,X,10%,-,2,20%,2,-,100%,1
"Aeolian, God of Wind",Unsullied Meadows,28,,1.25,635,-,-,-,12,-,-,-,3,3,-,5,5,-,-,3,-,-,,1,-50%,100%,2,-,-,X,X,10%,-,2,20%,3,-,100%,1
"Aeolian, God of Wind",Unsullied Meadows,29,,1.25,635,-,-,-,12,-,-,-,3,3,-,5,5,-,-,3,-,-,,1,-50%,100%,2,-,-,X,X,15%,-,2,20%,3,-,100%,1
"Aeolian, God of Wind",Unsullied Meadows,30,,1.25,635,-,-,-,12,-,-,-,3,3,-,5,5,-,-,3,1,-,,1,-50%,100%,2,-,-,X,X,15%,-,2,20%,3,-,100%,1
"Aeolian, God of Wind",Unsullied Meadows,31,,1.25,635,-,-,-,12,-,-,-,3,3,-,5,5,-,-,3,1,-,,1,-50%,100%,2,-,-,X,X,15%,-,2,20%,3,-,100%,2
"Aeolian, God of Wind",Unsullied Meadows,32,,1.25,635,-,-,-,12,-,-,-,3,3,-,5,5,-,-,3,1,-,,1,-50%,100%,2,-,-,X,X,15%,-,2,20%,3,-50%,100%,2
"Aeolian, God of Wind",Unsullied Meadows,33,,1.25,635,-,-,-,12,-,-,-,3,3,-,5,5,-,-,3,1,-,,1,-50%,100%,2,1,-,X,X,15%,-,2,20%,3,-50%,100%,2
"Aeolian, God of Wind",Unsullied Meadows,34,,1.25,635,-,-,-,12,-,-,-,3,3,-,5,5,-,-,3,1,-,,1,-50%,100%,2,1,-,X,X,15%,-,3,20%,3,-50%,100%,2
"Aeolian, God of Wind",Unsullied Meadows,35,,1.25,635,-,-,-,12,-,-,-,3,3,-,5,10,-,-,3,1,-,,1,-50%,100%,2,1,-,X,X,15%,-,3,20%,3,-50%,100%,2
"Aeolian, God of Wind",Unsullied Meadows,36,,1.25,635,-,-,-,12,-,-,-,3,3,-,5,10,-,-,3,1,-,,2,-50%,100%,2,1,-,X,X,15%,-,3,20%,3,-50%,100%,2
"Aeolian, God of Wind",Unsullied Meadows,37,,1.25,635,-,-,-,12,-,-,-,3,3,-,5,10,-,-,3,1,-,,2,-50%,100%,2,1,-,X,X,15%,-,3,30%,3,-50%,100%,2
"Aeolian, God of Wind",Unsullied Meadows,38,,1.25,635,-,-,-,12,-,-,-,3,3,-,5,10,-,-,3,1,-,,2,-50%,100%,2,1,-,X,X,15%,-,3,30%,3,-50%,150%,2
"Aeolian, God of Wind",Unsullied Meadows,39,,1.25,635,-,-,-,12,-,-,-,3,3,-,5,10,-,-,3,1,-,,2,-50%,100%,2,1,-,X,X,15%,-,4,30%,3,-50%,150%,2
"Aeolian, God of Wind",Unsullied Meadows,40,,1.25,635,-,-,-,12,-,-,-,3,3,-,5,10,-,3,3,1,-,,2,-50%,100%,2,1,-,X,X,15%,-,4,30%,3,-50%,150%,2
"Aeolian, God of Wind",Unsullied Meadows,41,,1.25,635,-,-,-,12,-,-,-,3,3,-,5,10,-,3,3,1,-,,3,-50%,100%,2,1,-,X,X,15%,-,4,30%,3,-50%,150%,2
"Aeolian, God of Wind",Unsullied Meadows,42,,1.25,635,-,-,-,12,-,-,-,3,3,-,5,10,-,3,3,1,-,,3,-50%,100%,2,1,100%,X,X,15%,-,4,30%,3,-50%,150%,2
"Aeolian, God of Wind",Unsullied Meadows,43,,1.25,635,-,-,-,12,-,-,-,3,3,-,5,10,-,3,3,1,-,,3,-50%,100%,2,1,100%,X,X,15%,-,4,40%,3,-50%,150%,2
"Aeolian, God of Wind",Unsullied Meadows,44,,1.25,635,-,-,-,12,-,-,-,3,3,-,5,10,-,3,3,1,-,,3,-50%,100%,2,1,100%,X,X,20%,-,4,40%,3,-50%,150%,2
"Aeolian, God of Wind",Unsullied Meadows,45,,1.25,635,-,-,-,12,-,-,-,3,3,-,5,10,-,8,3,1,-,,3,-50%,100%,2,1,1,X,X,20%,-,4,40%,3,-50%,150%,2
"Aeolian, God of Wind",Unsullied Meadows,46,,1.25,635,-,-,-,12,-,-,-,3,3,-,5,10,-,8,3,1,-,,3,-50%,100%,2,1,100%,X,X,20%,10%,4,40%,3,-50%,150%,2
"Aeolian, God of Wind",Unsullied Meadows,47,,1.25,635,-,-,-,12,-,-,-,3,3,-,5,10,-,8,3,1,-,,3,-50%,150%,2,1,100%,X,X,20%,10%,4,40%,3,-50%,150%,2
"Aeolian, God of Wind",Unsullied Meadows,48,,1.25,635,-,-,-,12,-,-,-,3,3,-,5,10,-,8,3,1,-,,4,-50%,150%,2,1,100%,X,X,20%,10%,4,40%,3,-50%,150%,2
"Aeolian, God of Wind",Unsullied Meadows,49,,1.25,635,-,-,-,12,-,-,-,3,3,-,5,10,-,8,3,1,-,,4,-50%,150%,2,1,100%,X,X,20%,10%,4,50%,3,-50%,150%,2
"Aeolian, God of Wind",Unsullied Meadows,50,,1.25,635,-,-,-,15,-,-,-,3,3,-,5,10,-,8,3,1,-,,4,-50%,150%,2,1,1,X,X,20%,10%,4,50%,3,-50%,150%,2
"Aeolian, God of Wind",Unsullied Meadows,51,,1.25,635,-,-,-,15,-,-,-,3,3,-,5,10,-,8,3,1,-,,4,-50%,150%,2,1,100%,X,X,25%,10%,4,50%,3,-50%,150%,2
"Aeolian, God of Wind",Unsullied Meadows,52,,1.25,635,-,-,-,15,-,-,-,3,3,-,5,10,-,8,3,1,-,,4,-50%,150%,2,2,100%,X,X,25%,10%,4,50%,3,-50%,150%,2
"Aeolian, God of Wind",Unsullied Meadows,53,,1.25,635,-,-,-,15,-,-,-,3,3,-,5,10,-,8,3,1,-,,4,-50%,150%,2,2,100%,X,X,25%,20%,4,50%,3,-50%,150%,2
"Aeolian, God of Wind",Unsullied Meadows,54,,1.25,635,-,-,-,15,-,-,-,3,3,-,5,10,-,8,3,1,-,,4,-50%,150%,2,2,100%,X,X,25%,20%,4,60%,3,-50%,150%,2
"Aeolian, God of Wind",Unsullied Meadows,55,,1.25,635,-,-,-,15,-,-,-,3,3,-,5,10,-,8,3,1,-,,4,-50%,150%,2,2,100%,X,X,25%,20%,4,60%,3,-50%,150%,3
"Aeolian, God of Wind",Unsullied Meadows,56,,1.25,635,-,-,-,15,-,-,-,3,3,-,5,10,-,8,3,1,-,,4,-100%,150%,2,2,100%,X,X,25%,20%,4,60%,3,-50%,150%,3
"Aeolian, God of Wind",Unsullied Meadows,57,,1.25,635,-,-,-,15,-,-,-,3,3,-,5,10,-,8,3,1,-,,5,-100%,150%,2,2,100%,X,X,25%,20%,4,60%,3,-50%,150%,3
"Aeolian, God of Wind",Unsullied Meadows,58,,1.25,635,-,-,-,15,-,-,-,3,3,-,5,10,-,8,3,1,-,,5,-100%,150%,2,2,100%,X,X,25%,20%,4,70%,3,-50%,150%,3
"Aeolian, God of Wind",Unsullied Meadows,59,,1.25,635,-,-,-,15,-,-,-,3,3,-,5,10,-,8,3,1,-,,5,-100%,150%,2,2,100%,X,X,30%,20%,4,70%,3,-50%,150%,3
"Aeolian, God of Wind",Unsullied Meadows,60,,1.25,635,-,-,-,15,-,-,-,3,3,-,5,10,-,13,3,1,-,,5,-100%,150%,2,2,1,X,X,30%,20%,4,70%,3,-50%,150%,3
"Aeolian, God of Wind",Unsullied Meadows,61,,1.25,635,-,-,-,15,-,-,-,3,3,-,5,10,-,13,3,1,-,,5,-100%,150%,2,2,100%,X,X,30%,30%,4,70%,3,-50%,150%,3
"Aeolian, God of Wind",Unsullied Meadows,62,,1.25,635,-,-,-,15,-,-,-,3,3,-,5,10,-,13,3,1,-,,5,-100%,150%,2,2,100%,X,X,30%,30%,4,80%,3,-50%,150%,3
"Aeolian, God of Wind",Unsullied Meadows,63,,1.25,635,-,-,-,15,-,-,-,3,3,-,5,10,-,13,3,1,-,,5,-100%,150%,2,2,100%,X,X,35%,30%,4,80%,3,-50%,150%,3
"Aeolian, God of Wind",Unsullied Meadows,64,,1.25,635,-,-,-,15,-,-,-,3,3,-,5,10,-,13,3,1,-,,5,-100%,150%,2,2,100%,X,X,35%,40%,4,80%,3,-50%,150%,3
"Aeolian, God of Wind",Unsullied Meadows,65,,1.25,635,-,-,-,15,-,-,-,3,3,-,5,10,-,13,3,1,-,,5,-100%,150%,2,2,100%,X,X,35%,40%,4,80%,3,-50%,200%,3
"Aeolian, God of Wind",Unsullied Meadows,66,,1.25,635,-,-,-,15,-,-,-,3,3,-,5,10,-,13,3,1,-,,5,-100%,150%,2,2,100%,X,X,35%,40%,4,80%,3,-100%,200%,3
"Aeolian, God of Wind",Unsullied Meadows,67,,1.25,635,-,-,-,15,-,-,-,3,3,-,5,10,-,13,3,1,-,,5,-100%,150%,2,2,100%,X,X,35%,40%,4,90%,3,-100%,200%,3
"Aeolian, God of Wind",Unsullied Meadows,68,,1.25,635,-,-,-,15,-,-,-,3,3,-,5,10,-,13,3,1,-,,5,-100%,150%,2,2,100%,X,X,35%,50%,4,90%,3,-100%,200%,3
"Aeolian, God of Wind",Unsullied Meadows,69,,1.25,635,-,-,-,15,-,-,-,3,3,-,5,10,-,13,3,1,-,,5,-100%,150%,2,2,100%,X,X,40%,50%,4,90%,3,-100%,200%,3
"Aeolian, God of Wind",Unsullied Meadows,70,,1.25,635,-,-,-,15,-,-,-,3,3,-,5,10,-,13,3,2,-,,5,-100%,150%,2,2,1,X,X,40%,50%,4,90%,3,-100%,200%,3
"Aeolian, God of Wind",Unsullied Meadows,71,,1.25,635,-,-,-,15,-,-,-,3,3,-,5,10,-,13,3,2,-,,5,-100%,150%,2,2,100%,X,X,40%,50%,4,100%,3,-100%,200%,3
"Aeolian, God of Wind",Unsullied Meadows,72,,1.25,635,-,-,-,15,-,-,-,3,3,-,5,10,-,13,3,2,-,,5,-100%,150%,2,2,100%,X,X,40%,60%,4,100%,3,-100%,200%,3
"Aeolian, God of Wind",Unsullied Meadows,73,,1.25,635,-,-,-,15,-,-,-,3,3,-,5,10,-,13,3,2,-,,5,-100%,150%,2,2,100%,X,X,45%,60%,4,100%,3,-100%,200%,3
"Aeolian, God of Wind",Unsullied Meadows,74,,1.25,635,-,-,-,15,-,-,-,3,3,-,5,10,-,13,3,2,-,,5,-100%,150%,2,2,100%,X,X,45%,70%,4,100%,3,-100%,200%,3
"Aeolian, God of Wind",Unsullied Meadows,75,,1.25,635,-,-,-,15,-,-,-,3,3,-,5,10,-,13,3,2,-,,5,-100%,150%,2,2,100%,X,X,45%,80%,4,100%,3,-100%,200%,3
"Aeolian, God of Wind",Unsullied Meadows,76,,1.25,635,-,-,-,15,-,-,-,3,3,-,5,10,-,13,3,2,-,,5,-100%,200%,2,2,100%,X,X,45%,80%,4,100%,3,-100%,200%,3
"Aeolian, God of Wind",Unsullied Meadows,77,,1.25,635,-,-,-,15,-,-,-,3,3,-,5,10,-,13,3,2,-,,5,-100%,200%,2,2,100%,X,X,45%,90%,4,100%,3,-100%,200%,3
"Aeolian, God of Wind",Unsullied Meadows,78,,1.25,635,-,-,-,15,-,-,-,3,3,-,5,10,-,13,3,2,-,,5,-100%,200%,2,2,100%,X,X,45%,90%,4,110%,3,-100%,200%,3
"Aeolian, God of Wind",Unsullied Meadows,79,,1.25,635,-,-,-,15,-,-,-,3,3,-,5,10,-,13,3,2,-,,5,-100%,200%,2,2,100%,X,X,50%,90%,4,110%,3,-100%,200%,3
"Aeolian, God of Wind",Unsullied Meadows,80,,1.25,635,-,-,-,20,-,-,-,3,3,-,5,10,-,13,3,2,-,,5,-100%,200%,2,2,1,X,X,50%,90%,4,110%,3,-100%,200%,3
"Aeolian, God of Wind",Unsullied Meadows,81,,1.25,635,-,-,-,20,-,-,-,3,3,-,5,10,-,13,3,2,-,,5,-100%,200%,2,2,100%,X,X,50%,100%,4,110%,3,-100%,200%,3
"Aeolian, God of Wind",Unsullied Meadows,82,,1.25,635,-,-,-,20,-,-,-,3,3,-,5,10,-,13,3,2,-,,5,-100%,200%,2,2,100%,X,X,50%,100%,4,120%,3,-100%,200%,3
"Aeolian, God of Wind",Unsullied Meadows,83,,1.25,635,-,-,-,20,-,-,-,3,3,-,5,10,-,13,3,2,-,,5,-100%,200%,2,2,100%,X,X,50%,110%,4,120%,3,-100%,200%,3
"Aeolian, God of Wind",Unsullied Meadows,84,,1.25,635,-,-,-,20,-,-,-,3,3,-,5,10,-,13,3,2,-,,5,-100%,200%,2,2,100%,X,X,55%,110%,4,120%,3,-100%,200%,3
"Aeolian, God of Wind",Unsullied Meadows,85,,1.25,635,-,-,-,20,-,-,-,3,3,-,5,10,-,13,3,2,-,,5,-100%,200%,2,2,100%,X,X,55%,110%,4,120%,3,-100%,250%,3
"Aeolian, God of Wind",Unsullied Meadows,86,,1.25,635,-,-,-,20,-,-,-,3,3,-,5,10,-,13,3,2,-,,5,-100%,200%,2,2,100%,X,X,60%,110%,4,120%,3,-100%,250%,3
"Aeolian, God of Wind",Unsullied Meadows,87,,1.25,635,-,-,-,20,-,-,-,3,3,-,5,10,-,13,3,2,-,,5,-100%,200%,2,2,100%,X,X,60%,110%,4,130%,3,-100%,250%,3
"Aeolian, God of Wind",Unsullied Meadows,88,,1.25,635,-,-,-,20,-,-,-,3,3,-,5,10,-,13,3,2,-,,5,-100%,200%,2,2,100%,X,X,65%,110%,4,130%,3,-100%,250%,3
"Aeolian, God of Wind",Unsullied Meadows,89,,1.25,635,-,-,-,20,-,-,-,3,3,-,5,10,-,13,3,2,-,,5,-100%,200%,2,2,100%,X,X,65%,120%,4,130%,3,-100%,250%,3
"Aeolian, God of Wind",Unsullied Meadows,90,,1.25,635,-,-,-,20,-,-,-,5,5,-,5,10,-,15,3,2,-,,5,-100%,200%,2,2,1,X,X,65%,120%,4,130%,3,-100%,250%,3
"Aeolian, God of Wind",Unsullied Meadows,91,,1.25,635,-,-,-,20,-,-,-,5,5,-,5,10,-,15,3,2,-,,5,-100%,200%,2,2,100%,X,X,65%,130%,4,130%,3,-100%,250%,3
"Aeolian, God of Wind",Unsullied Meadows,92,,1.25,635,-,-,-,20,-,-,-,5,5,-,5,10,-,15,3,2,-,,5,-100%,200%,2,2,100%,X,X,65%,130%,4,140%,3,-100%,250%,3
"Aeolian, God of Wind",Unsullied Meadows,93,,1.25,635,-,-,-,20,-,-,-,5,5,-,5,10,-,15,3,2,-,,5,-100%,200%,2,2,100%,X,X,70%,130%,4,140%,3,-100%,250%,3
"Aeolian, God of Wind",Unsullied Meadows,94,,1.25,635,-,-,-,20,-,-,-,5,5,-,5,10,-,15,3,2,-,,5,-100%,250%,2,2,100%,X,X,70%,130%,4,140%,3,-100%,250%,3
"Aeolian, God of Wind",Unsullied Meadows,95,,1.25,635,-,-,-,20,-,-,-,5,5,-,5,10,-,15,3,2,-,,5,-100%,250%,2,2,100%,X,X,70%,140%,4,140%,3,-100%,250%,3
"Aeolian, God of Wind",Unsullied Meadows,96,,1.25,635,-,-,-,20,-,-,-,5,5,-,5,10,-,15,3,2,-,,5,-100%,250%,2,2,100%,X,X,70%,140%,4,150%,3,-100%,250%,3
"Aeolian, God of Wind",Unsullied Meadows,97,,1.25,635,-,-,-,20,-,-,-,5,5,-,5,10,-,15,3,2,-,,5,-100%,250%,2,2,100%,X,X,75%,140%,4,150%,3,-100%,250%,3
"Aeolian, God of Wind",Unsullied Meadows,98,,1.25,635,-,-,-,20,-,-,-,5,5,-,5,10,-,15,3,2,-,,5,-100%,250%,2,2,100%,X,X,75%,150%,4,150%,3,-100%,250%,3
"Aeolian, God of Wind",Unsullied Meadows,99,,1.25,635,-,-,-,20,-,-,-,5,5,-,5,10,-,15,3,2,-,,5,-100%,250%,2,2,100%,X,X,80%,150%,4,150%,3,-100%,250%,3
"Aeolian, God of Wind",Unsullied Meadows,100,,1.25,635,-,-,-,20,-,-,-,5,5,-,5,10,-,20,3,2,-,,5,-100%,250%,2,2,1,X,X,80%,150%,4,150%,3,-100%,250%,3
"Alexandria, God of Falsity",Damarel,0,,-,650,-,-,3,7,-,-,-,5,-,-,-,-,-,-,-,-,-,,-,-,-,-,-,-,-,-,-,-,-,-,-,-,-,-
"Alexandria, God of Falsity",Damarel,1,,-,650,-,-,3,7,-,-,-,5,-,-,-,-,-,-,-,-,-,,-,-,-,-,-,-,-,-,-,-,-,-,-,-,-,-
"Alexandria, God of Falsity",Damarel,2,,-,650,-,-,3,7,-,-,-,5,-,-,-,-,-,-,-,-,-,,-,-,-,-,-,-,-,-,5%,-,-,-,-,-,-,-
"Alexandria, God of Falsity",Damarel,3,,-,750,-,-,3,7,-,-,-,5,-,-,-,-,-,-,-,-,-,,-,-,-,-,-,-,-,-,5%,-,-,-,-,-,-,-
"Alexandria, God of Falsity",Damarel,4,,-,750,-,-,3,7,-,-,-,5,-,-,-,-,-,-,-,-,-,,-,-,-,-,-,-,-,-,5%,-,-,10%,-,-,-,-
"Alexandria, God of Falsity",Damarel,5,,0.75,750,-,-,3,7,-,-,-,5,-,-,-,-,-,-,-,-,-,,-,-,-,-,-,-,-,-,5%,-,-,10%,-,-,-,-
"Alexandria, God of Falsity",Damarel,6,,0.75,750,-,-,3,7,-,-,-,5,-,-,-,-,-,-,-,-,-,,-,-,-,-,-,-,-,-,5%,-,-,10%,-,-,50%,-
"Alexandria, God of Falsity",Damarel,7,,0.75,850,-,-,3,7,-,-,-,5,-,-,-,-,-,-,-,-,-,,-,-,-,-,-,-,-,-,5%,-,-,10%,-,-,50%,-
"Alexandria, God of Falsity",Damarel,8,,0.75,850,-,-,3,7,-,-,-,5,-,-,-,-,-,-,-,-,-,,-,-,-,-,-,-,-,-,5%,-,-,10%,-,-,50%,1
"Alexandria, God of Falsity",Damarel,9,,0.75,850,-,-,3,7,-,-,-,5,-,-,-,-,-,-,-,-,-,,-,-,-,-,-,-,-,X,5%,-,-,10%,-,-,50%,1
"Alexandria, God of Falsity",Damarel,10,,0.75,900,-,-,4,7,-,-,-,5,-,-,-,-,-,-,-,-,-,,-,-,-,-,-,-,-,X,5%,-,-,10%,-,-,50%,1
"Alexandria, God of Falsity",Damarel,11,,0.75,900,-,-,4,7,-,-,-,5,-,-,-,-,-,-,-,-,-,,-,-,-,1,-,-,-,X,5%,-,-,10%,-,-,50%,1
"Alexandria, God of Falsity",Damarel,12,,0.75,900,-,-,4,7,-,-,-,5,-,-,-,-,-,-,-,-,-,,-,-,50%,1,-,-,-,X,5%,-,-,10%,-,-,50%,1
"Alexandria, God of Falsity",Damarel,13,,0.75,900,-,-,4,7,-,-,-,5,-,-,-,-,-,-,-,-,-,,-,-,50%,1,-,-,-,X,5%,-,-,10%,1,-,50%,1
"Alexandria, God of Falsity",Damarel,14,,0.75,900,-,-,4,7,-,-,-,5,-,-,-,-,-,-,-,-,-,,-,-,50%,1,-,-,-,X,5%,-,1,10%,1,-,50%,1
"Alexandria, God of Falsity",Damarel,15,,0.75,900,-,-,4,7,-,-,-,5,-,-,-,-,-,-,-,-,-,,-,-,50%,1,-,-,-,X,5%,-,1,10%,1,-,50%,1
"Alexandria, God of Falsity",Damarel,16,,0.75,900,-,-,4,7,-,-,-,5,-,-,-,-,-,-,-,-,-,,-,-,50%,1,-,-,X,X,5%,-,1,10%,1,-,50%,1
"Alexandria, God of Falsity",Damarel,17,,0.75,900,-,-,4,7,-,-,-,5,-,-,-,-,-,-,-,-,-,,1,-,50%,1,-,-,X,X,5%,-,1,10%,1,-,50%,1
"Alexandria, God of Falsity",Damarel,18,,0.75,900,-,-,4,7,-,-,-,5,-,-,-,-,-,-,-,-,-,,1,-,50%,1,-,-,X,X,5%,-,1,20%,1,-,50%,1
"Alexandria, God of Falsity",Damarel,19,,0.75,900,-,-,4,7,-,-,-,5,-,-,-,-,-,-,-,-,-,,1,-,50%,1,-,-,X,X,10%,-,1,20%,1,-,50%,1
"Alexandria, God of Falsity",Damarel,20,,1.25,900,-,-,4,7,-,-,-,5,-,-,-,-,-,-,-,-,-,,1,-,50%,1,-,-,X,X,10%,-,1,20%,1,-,50%,1
"Alexandria, God of Falsity",Damarel,21,,1.25,900,-,-,4,7,-,-,-,5,-,-,-,-,-,-,-,-,-,,1,-,50%,1,-,-,X,X,10%,-,1,20%,1,-,100%,1
"Alexandria, God of Falsity",Damarel,22,,1.25,900,-,-,4,7,-,-,-,5,-,-,-,-,-,-,-,-,-,,1,-,50%,1,-,-,X,X,10%,-,1,20%,2,-,100%,1
"Alexandria, God of Falsity",Damarel,23,,1.25,900,-,-,4,7,-,-,-,5,-,-,-,-,-,-,-,-,-,,1,-,50%,1,-,-,X,X,10%,-,2,20%,2,-,100%,1
"Alexandria, God of Falsity",Damarel,24,,1.25,900,-,-,4,7,-,-,-,5,-,-,-,-,-,-,-,-,-,,1,-,50%,2,-,-,X,X,10%,-,2,20%,2,-,100%,1
"Alexandria, God of Falsity",Damarel,25,,1.25,900,-,-,4,7,-,-,-,5,-,-,-,8,-,-,-,-,-,,1,-,50%,2,-,-,X,X,10%,-,2,20%,2,-,100%,1
"Alexandria, God of Falsity",Damarel,26,,1.25,900,-,-,4,7,-,-,-,5,-,-,-,8,-,-,-,-,-,,1,-50%,50%,2,-,-,X,X,10%,-,2,20%,2,-,100%,1
"Alexandria, God of Falsity",Damarel,27,,1.25,900,-,-,4,7,-,-,-,5,-,-,-,8,-,-,-,-,-,,1,-50%,100%,2,-,-,X,X,10%,-,2,20%,2,-,100%,1
"Alexandria, God of Falsity",Damarel,28,,1.25,900,-,-,4,7,-,-,-,5,-,-,-,8,-,-,-,-,-,,1,-50%,100%,2,-,-,X,X,10%,-,2,20%,3,-,100%,1
"Alexandria, God of Falsity",Damarel,29,,1.25,900,-,-,4,7,-,-,-,5,-,-,-,8,-,-,-,-,-,,1,-50%,100%,2,-,-,X,X,15%,-,2,20%,3,-,100%,1
"Alexandria, God of Falsity",Damarel,30,,1.25,900,-,-,4,7,-,-,-,5,-,-,-,8,-,-,-,-,3,,1,-50%,100%,2,-,-,X,X,15%,-,2,20%,3,-,100%,1
"Alexandria, God of Falsity",Damarel,31,,1.25,900,-,-,4,7,-,-,-,5,-,-,-,8,-,-,-,-,3,,1,-50%,100%,2,-,-,X,X,15%,-,2,20%,3,-,100%,2
"Alexandria, God of Falsity",Damarel,32,,1.25,900,-,-,4,7,-,-,-,5,-,-,-,8,-,-,-,-,3,,1,-50%,100%,2,-,-,X,X,15%,-,2,20%,3,-50%,100%,2
"Alexandria, God of Falsity",Damarel,33,,1.25,900,-,-,4,7,-,-,-,5,-,-,-,8,-,-,-,-,3,,1,-50%,100%,2,1,-,X,X,15%,-,2,20%,3,-50%,100%,2
"Alexandria, God of Falsity",Damarel,34,,1.25,900,-,-,4,7,-,-,-,5,-,-,-,8,-,-,-,-,3,,1,-50%,100%,2,1,-,X,X,15%,-,3,20%,3,-50%,100%,2
"Alexandria, God of Falsity",Damarel,35,,1.25,900,-,-,4,7,-,-,-,5,-,-,-,8,-,2,-,-,3,,1,-50%,100%,2,1,-,X,X,15%,-,3,20%,3,-50%,100%,2
"Alexandria, God of Falsity",Damarel,36,,1.25,900,-,-,4,7,-,-,-,5,-,-,-,8,-,2,-,-,3,,2,-50%,100%,2,1,-,X,X,15%,-,3,20%,3,-50%,100%,2
"Alexandria, God of Falsity",Damarel,37,,1.25,900,-,-,4,7,-,-,-,5,-,-,-,8,-,2,-,-,3,,2,-50%,100%,2,1,-,X,X,15%,-,3,30%,3,-50%,100%,2
"Alexandria, God of Falsity",Damarel,38,,1.25,900,-,-,4,7,-,-,-,5,-,-,-,8,-,2,-,-,3,,2,-50%,100%,2,1,-,X,X,15%,-,3,30%,3,-50%,150%,2
"Alexandria, God of Falsity",Damarel,39,,1.25,900,-,-,4,7,-,-,-,5,-,-,-,8,-,2,-,-,3,,2,-50%,100%,2,1,-,X,X,15%,-,4,30%,3,-50%,150%,2
"Alexandria, God of Falsity",Damarel,40,,1.25,1000,-,-,6,7,-,-,-,5,-,-,-,8,-,2,-,-,3,,2,-50%,100%,2,1,-,X,X,15%,-,4,30%,3,-50%,150%,2
"Alexandria, God of Falsity",Damarel,41,,1.25,1000,-,-,6,7,-,-,-,5,-,-,-,8,-,2,-,-,3,,3,-50%,100%,2,1,-,X,X,15%,-,4,30%,3,-50%,150%,2
"Alexandria, God of Falsity",Damarel,42,,1.25,1000,-,-,6,7,-,-,-,5,-,-,-,8,-,2,-,-,3,,3,-50%,100%,2,1,100%,X,X,15%,-,4,30%,3,-50%,150%,2
"Alexandria, God of Falsity",Damarel,43,,1.25,1000,-,-,6,7,-,-,-,5,-,-,-,8,-,2,-,-,3,,3,-50%,100%,2,1,100%,X,X,15%,-,4,40%,3,-50%,150%,2
"Alexandria, God of Falsity",Damarel,44,,1.25,1000,-,-,6,7,-,-,-,5,-,-,-,8,-,2,-,-,3,,3,-50%,100%,2,1,100%,X,X,20%,-,4,40%,3,-50%,150%,2
"Alexandria, God of Falsity",Damarel,45,,1.25,1000,-,-,6,7,-,-,-,5,-,-,2,8,-,2,-,-,3,,3,-50%,100%,2,1,1,X,X,20%,-,4,40%,3,-50%,150%,2
"Alexandria, God of Falsity",Damarel,46,,1.25,1000,-,-,6,7,-,-,-,5,-,-,2,8,-,2,-,-,3,,3,-50%,100%,2,1,100%,X,X,20%,10%,4,40%,3,-50%,150%,2
"Alexandria, God of Falsity",Damarel,47,,1.25,1000,-,-,6,7,-,-,-,5,-,-,2,8,-,2,-,-,3,,3,-50%,150%,2,1,100%,X,X,20%,10%,4,40%,3,-50%,150%,2
"Alexandria, God of Falsity",Damarel,48,,1.25,1000,-,-,6,7,-,-,-,5,-,-,2,8,-,2,-,-,3,,4,-50%,150%,2,1,100%,X,X,20%,10%,4,40%,3,-50%,150%,2
"Alexandria, God of Falsity",Damarel,49,,1.25,1000,-,-,6,7,-,-,-,5,-,-,2,8,-,2,-,-,3,,4,-50%,150%,2,1,100%,X,X,20%,10%,4,50%,3,-50%,150%,2
"Alexandria, God of Falsity",Damarel,50,,1.25,1000,-,-,6,7,10%,-,-,5,-,-,2,8,-,2,-,-,3,,4,-50%,150%,2,1,1,X,X,20%,10%,4,50%,3,-50%,150%,2
"Alexandria, God of Falsity",Damarel,51,,1.25,1000,-,-,6,7,10%,-,-,5,-,-,2,8,-,2,-,-,3,,4,-50%,150%,2,1,100%,X,X,25%,10%,4,50%,3,-50%,150%,2
"Alexandria, God of Falsity",Damarel,52,,1.25,1000,-,-,6,7,10%,-,-,5,-,-,2,8,-,2,-,-,3,,4,-50%,150%,2,2,100%,X,X,25%,10%,4,50%,3,-50%,150%,2
"Alexandria, God of Falsity",Damarel,53,,1.25,1000,-,-,6,7,10%,-,-,5,-,-,2,8,-,2,-,-,3,,4,-50%,150%,2,2,100%,X,X,25%,20%,4,50%,3,-50%,150%,2
"Alexandria, God of Falsity",Damarel,54,,1.25,1000,-,-,6,7,10%,-,-,5,-,-,2,8,-,2,-,-,3,,4,-50%,150%,2,2,100%,X,X,25%,20%,4,60%,3,-50%,150%,2
"Alexandria, God of Falsity",Damarel,55,,1.25,1000,-,-,6,7,10%,-,-,5,-,-,2,8,-,2,-,-,3,,4,-50%,150%,2,2,100%,X,X,25%,20%,4,60%,3,-50%,150%,3
"Alexandria, God of Falsity",Damarel,56,,1.25,1000,-,-,6,7,10%,-,-,5,-,-,2,8,-,2,-,-,3,,4,-100%,150%,2,2,100%,X,X,25%,20%,4,60%,3,-50%,150%,3
"Alexandria, God of Falsity",Damarel,57,,1.25,1000,-,-,6,7,10%,-,-,5,-,-,2,8,-,2,-,-,3,,5,-100%,150%,2,2,100%,X,X,25%,20%,4,60%,3,-50%,150%,3
"Alexandria, God of Falsity",Damarel,58,,1.25,1000,-,-,6,7,10%,-,-,5,-,-,2,8,-,2,-,-,3,,5,-100%,150%,2,2,100%,X,X,25%,20%,4,70%,3,-50%,150%,3
"Alexandria, God of Falsity",Damarel,59,,1.25,1000,-,-,6,7,10%,-,-,5,-,-,2,8,-,2,-,-,3,,5,-100%,150%,2,2,100%,X,X,30%,20%,4,70%,3,-50%,150%,3
"Alexandria, God of Falsity",Damarel,60,,1.25,1000,-,-,6,7,10%,-,-,5,-,-,2,16,-,2,-,-,3,,5,-100%,150%,2,2,1,X,X,30%,20%,4,70%,3,-50%,150%,3
"Alexandria, God of Falsity",Damarel,61,,1.25,1000,-,-,6,7,10%,-,-,5,-,-,2,16,-,2,-,-,3,,5,-100%,150%,2,2,100%,X,X,30%,30%,4,70%,3,-50%,150%,3
"Alexandria, God of Falsity",Damarel,62,,1.25,1000,-,-,6,7,10%,-,-,5,-,-,2,16,-,2,-,-,3,,5,-100%,150%,2,2,100%,X,X,30%,30%,4,80%,3,-50%,150%,3
"Alexandria, God of Falsity",Damarel,63,,1.25,1000,-,-,6,7,10%,-,-,5,-,-,2,16,-,2,-,-,3,,5,-100%,150%,2,2,100%,X,X,35%,30%,4,80%,3,-50%,150%,3
"Alexandria, God of Falsity",Damarel,64,,1.25,1000,-,-,6,7,10%,-,-,5,-,-,2,16,-,2,-,-,3,,5,-100%,150%,2,2,100%,X,X,35%,40%,4,80%,3,-50%,150%,3
"Alexandria, God of Falsity",Damarel,65,,1.25,1000,-,-,6,7,10%,-,-,5,-,-,2,16,-,2,-,-,3,,5,-100%,150%,2,2,100%,X,X,35%,40%,4,80%,3,-50%,200%,3
"Alexandria, God of Falsity",Damarel,66,,1.25,1000,-,-,6,7,10%,-,-,5,-,-,2,16,-,2,-,-,3,,5,-100%,150%,2,2,100%,X,X,35%,40%,4,80%,3,-100%,200%,3
"Alexandria, God of Falsity",Damarel,67,,1.25,1000,-,-,6,7,10%,-,-,5,-,-,2,16,-,2,-,-,3,,5,-100%,150%,2,2,100%,X,X,35%,40%,4,90%,3,-100%,200%,3
"Alexandria, God of Falsity",Damarel,68,,1.25,1000,-,-,6,7,10%,-,-,5,-,-,2,16,-,2,-,-,3,,5,-100%,150%,2,2,100%,X,X,35%,50%,4,90%,3,-100%,200%,3
"Alexandria, God of Falsity",Damarel,69,,1.25,1000,-,-,6,7,10%,-,-,5,-,-,2,16,-,2,-,-,3,,5,-100%,150%,2,2,100%,X,X,40%,50%,4,90%,3,-100%,200%,3
"Alexandria, God of Falsity",Damarel,70,,1.25,1000,-,-,6,7,10%,-,-,5,-,-,2,16,3,2,-,-,3,,5,-100%,150%,2,2,1,X,X,40%,50%,4,90%,3,-100%,200%,3
"Alexandria, God of Falsity",Damarel,71,,1.25,1000,-,-,6,7,10%,-,-,5,-,-,2,16,3,2,-,-,3,,5,-100%,150%,2,2,100%,X,X,40%,50%,4,100%,3,-100%,200%,3
"Alexandria, God of Falsity",Damarel,72,,1.25,1000,-,-,6,7,10%,-,-,5,-,-,2,16,3,2,-,-,3,,5,-100%,150%,2,2,100%,X,X,40%,60%,4,100%,3,-100%,200%,3
"Alexandria, God of Falsity",Damarel,73,,1.25,1000,-,-,6,7,10%,-,-,5,-,-,2,16,3,2,-,-,3,,5,-100%,150%,2,2,100%,X,X,45%,60%,4,100%,3,-100%,200%,3
"Alexandria, God of Falsity",Damarel,74,,1.25,1000,-,-,6,7,10%,-,-,5,-,-,2,16,3,2,-,-,3,,5,-100%,150%,2,2,100%,X,X,45%,70%,4,100%,3,-100%,200%,3
"Alexandria, God of Falsity",Damarel,75,,1.25,1000,-,-,6,7,10%,-,-,5,-,-,2,16,3,2,-,-,3,,5,-100%,150%,2,2,100%,X,X,45%,80%,4,100%,3,-100%,200%,3
"Alexandria, God of Falsity",Damarel,76,,1.25,1000,-,-,6,7,10%,-,-,5,-,-,2,16,3,2,-,-,3,,5,-100%,200%,2,2,100%,X,X,45%,80%,4,100%,3,-100%,200%,3
"Alexandria, God of Falsity",Damarel,77,,1.25,1000,-,-,6,7,10%,-,-,5,-,-,2,16,3,2,-,-,3,,5,-100%,200%,2,2,100%,X,X,45%,90%,4,100%,3,-100%,200%,3
"Alexandria, God of Falsity",Damarel,78,,1.25,1000,-,-,6,7,10%,-,-,5,-,-,2,16,3,2,-,-,3,,5,-100%,200%,2,2,100%,X,X,45%,90%,4,110%,3,-100%,200%,3
"Alexandria, God of Falsity",Damarel,79,,1.25,1000,-,-,6,7,10%,-,-,5,-,-,2,16,3,2,-,-,3,,5,-100%,200%,2,2,100%,X,X,50%,90%,4,110%,3,-100%,200%,3
"Alexandria, God of Falsity",Damarel,80,,1.25,1000,-,-,6,9,10%,-,-,5,-,-,2,16,3,2,-,-,3,,5,-100%,200%,2,2,1,X,X,50%,90%,4,110%,3,-100%,200%,3
"Alexandria, God of Falsity",Damarel,81,,1.25,1000,-,-,6,9,10%,-,-,5,-,-,2,16,3,2,-,-,3,,5,-100%,200%,2,2,100%,X,X,50%,100%,4,110%,3,-100%,200%,3
"Alexandria, God of Falsity",Damarel,82,,1.25,1000,-,-,6,9,10%,-,-,5,-,-,2,16,3,2,-,-,3,,5,-100%,200%,2,2,100%,X,X,50%,100%,4,120%,3,-100%,200%,3
"Alexandria, God of Falsity",Damarel,83,,1.25,1000,-,-,6,9,10%,-,-,5,-,-,2,16,3,2,-,-,3,,5,-100%,200%,2,2,100%,X,X,50%,110%,4,120%,3,-100%,200%,3
"Alexandria, God of Falsity",Damarel,84,,1.25,1000,-,-,6,9,10%,-,-,5,-,-,2,16,3,2,-,-,3,,5,-100%,200%,2,2,100%,X,X,55%,110%,4,120%,3,-100%,200%,3
"Alexandria, God of Falsity",Damarel,85,,1.25,1000,-,-,6,9,10%,-,-,5,-,-,2,16,3,2,-,-,3,,5,-100%,200%,2,2,100%,X,X,55%,110%,4,120%,3,-100%,250%,3
"Alexandria, God of Falsity",Damarel,86,,1.25,1000,-,-,6,9,10%,-,-,5,-,-,2,16,3,2,-,-,3,,5,-100%,200%,2,2,100%,X,X,60%,110%,4,120%,3,-100%,250%,3
"Alexandria, God of Falsity",Damarel,87,,1.25,1000,-,-,6,9,10%,-,-,5,-,-,2,16,3,2,-,-,3,,5,-100%,200%,2,2,100%,X,X,60%,110%,4,130%,3,-100%,250%,3
"Alexandria, God of Falsity",Damarel,88,,1.25,1000,-,-,6,9,10%,-,-,5,-,-,2,16,3,2,-,-,3,,5,-100%,200%,2,2,100%,X,X,65%,110%,4,130%,3,-100%,250%,3
"Alexandria, God of Falsity",Damarel,89,,1.25,1000,-,-,6,9,10%,-,-,5,-,-,2,16,3,2,-,-,3,,5,-100%,200%,2,2,100%,X,X,65%,120%,4,130%,3,-100%,250%,3
"Alexandria, God of Falsity",Damarel,90,,1.25,1075,-,-,7.5,9,10%,-,-,5,-,-,2,16,3,2,-,-,3,,5,-100%,200%,2,2,1,X,X,65%,120%,4,130%,3,-100%,250%,3
"Alexandria, God of Falsity",Damarel,91,,1.25,1075,-,-,7.5,9,10%,-,-,5,-,-,2,16,3,2,-,-,3,,5,-100%,200%,2,2,100%,X,X,65%,130%,4,130%,3,-100%,250%,3
"Alexandria, God of Falsity",Damarel,92,,1.25,1075,-,-,7.5,9,10%,-,-,5,-,-,2,16,3,2,-,-,3,,5,-100%,200%,2,2,100%,X,X,65%,130%,4,140%,3,-100%,250%,3
"Alexandria, God of Falsity",Damarel,93,,1.25,1075,-,-,7.5,9,10%,-,-,5,-,-,2,16,3,2,-,-,3,,5,-100%,200%,2,2,100%,X,X,70%,130%,4,140%,3,-100%,250%,3
"Alexandria, God of Falsity",Damarel,94,,1.25,1075,-,-,7.5,9,10%,-,-,5,-,-,2,16,3,2,-,-,3,,5,-100%,250%,2,2,100%,X,X,70%,130%,4,140%,3,-100%,250%,3
"Alexandria, God of Falsity",Damarel,95,,1.25,1075,-,-,7.5,9,10%,-,-,5,-,-,2,16,3,2,-,-,3,,5,-100%,250%,2,2,100%,X,X,70%,140%,4,140%,3,-100%,250%,3
"Alexandria, God of Falsity",Damarel,96,,1.25,1075,-,-,7.5,9,10%,-,-,5,-,-,2,16,3,2,-,-,3,,5,-100%,250%,2,2,100%,X,X,70%,140%,4,150%,3,-100%,250%,3
"Alexandria, God of Falsity",Damarel,97,,1.25,1075,-,-,7.5,9,10%,-,-,5,-,-,2,16,3,2,-,-,3,,5,-100%,250%,2,2,100%,X,X,75%,140%,4,150%,3,-100%,250%,3
"Alexandria, God of Falsity",Damarel,98,,1.25,1075,-,-,7.5,9,10%,-,-,5,-,-,2,16,3,2,-,-,3,,5,-100%,250%,2,2,100%,X,X,75%,150%,4,150%,3,-100%,250%,3
"Alexandria, God of Falsity",Damarel,99,,1.25,1075,-,-,7.5,9,10%,-,-,5,-,-,2,16,3,2,-,-,3,,5,-100%,250%,2,2,100%,X,X,80%,150%,4,150%,3,-100%,250%,3
"Alexandria, God of Falsity",Damarel,100,,1.25,1075,-,-,7.5,9,10%,-,-,5,-,-,4,16,3,2,-,-,3,,5,-100%,250%,2,2,1,X,X,80%,150%,4,150%,3,-100%,250%,3
"Anneltha, Goddess of Earth",Forbidden Depths,0,,0.2,520,-,-,1,0.2,-,-,-,2.2,2.2,-,-,-,-,-,-,-,-,,-,-,-,-,-,-,-,-,-,-,-,-,-,-,-,-
"Anneltha, Goddess of Earth",Forbidden Depths,1,,0.2,540,-,-,2,0.4,-,-,-,2.2,2.2,-,-,-,-,-,-,-,-,,-,-,-,-,-,-,-,-,-,-,-,-,-,-,-,-
"Anneltha, Goddess of Earth",Forbidden Depths,2,,0.2,540,-,-,2,0.4,-,-,-,2.2,2.2,-,-,-,-,-,-,-,-,,-,-,-,-,-,-,-,-,5%,-,-,-,-,-,-,-
"Anneltha, Goddess of Earth",Forbidden Depths,3,,0.2,540,-,-,2,0.4,-,-,-,2.2,2.2,-,2,-,-,-,-,-,-,,-,-,-,-,-,-,-,-,5%,-,-,-,-,-,-,-
"Anneltha, Goddess of Earth",Forbidden Depths,4,,0.2,540,-,-,2,0.4,-,-,-,2.2,2.2,-,2,-,-,-,-,-,-,,-,-,-,-,-,-,-,-,5%,-,-,10%,-,-,-,-
"Anneltha, Goddess of Earth",Forbidden Depths,5,,0.2,540,-,-,2,0.4,-,-,-,3.2,2.2,-,2,-,-,-,-,-,-,,-,-,-,-,-,-,-,-,5%,-,-,10%,-,-,-,-
"Anneltha, Goddess of Earth",Forbidden Depths,6,,0.2,540,-,-,2,0.4,-,-,-,3.2,2.2,-,2,-,-,-,-,-,-,,-,-,-,-,-,-,-,-,5%,-,-,10%,-,-,50%,-
"Anneltha, Goddess of Earth",Forbidden Depths,7,,0.2,690,-,-,2,0.4,-,-,-,3.2,2.2,-,2,-,-,-,-,-,-,,-,-,-,-,-,-,-,-,5%,-,-,10%,-,-,50%,-
"Anneltha, Goddess of Earth",Forbidden Depths,8,,0.2,690,-,-,2,0.4,-,-,-,3.2,2.2,-,2,-,-,-,-,-,-,,-,-,-,-,-,-,-,-,5%,-,-,10%,-,-,50%,1
"Anneltha, Goddess of Earth",Forbidden Depths,9,,0.2,690,-,-,2,0.4,-,-,-,3.2,2.2,-,2,-,-,-,-,-,-,,-,-,-,-,-,-,-,X,5%,-,-,10%,-,-,50%,1
"Anneltha, Goddess of Earth",Forbidden Depths,10,,0.2,740,-,-,2,0.4,-,-,-,3.2,2.2,-,2,-,-,-,-,-,-,,-,-,-,-,-,-,-,X,5%,-,-,10%,-,-,50%,1
"Anneltha, Goddess of Earth",Forbidden Depths,11,,0.2,740,-,-,2,0.4,-,-,-,3.2,2.2,-,2,-,-,-,-,-,-,,-,-,-,1,-,-,-,X,5%,-,-,10%,-,-,50%,1
"Anneltha, Goddess of Earth",Forbidden Depths,12,,0.2,740,-,-,2,0.4,-,-,-,3.2,2.2,-,2,-,-,-,-,-,-,,-,-,50%,1,-,-,-,X,5%,-,-,10%,-,-,50%,1
"Anneltha, Goddess of Earth",Forbidden Depths,13,,0.2,740,-,-,2,0.4,-,-,-,3.2,2.2,-,2,-,-,-,-,-,-,,-,-,50%,1,-,-,-,X,5%,-,-,10%,1,-,50%,1
"Anneltha, Goddess of Earth",Forbidden Depths,14,,0.2,740,-,-,2,0.4,-,-,-,3.2,2.2,-,2,-,-,-,-,-,-,,-,-,50%,1,-,-,-,X,5%,-,1,10%,1,-,50%,1
"Anneltha, Goddess of Earth",Forbidden Depths,15,,0.2,790,-,-,2,0.4,-,-,-,3.2,2.2,-,2,-,-,-,-,-,-,,-,-,50%,1,-,-,-,X,5%,-,1,10%,1,-,50%,1
"Anneltha, Goddess of Earth",Forbidden Depths,16,,0.2,790,-,-,2,0.4,-,-,-,3.2,2.2,-,2,-,-,-,-,-,-,,-,-,50%,1,-,-,X,X,5%,-,1,10%,1,-,50%,1
"Anneltha, Goddess of Earth",Forbidden Depths,17,,0.2,790,-,-,2,0.4,-,-,-,3.2,2.2,-,2,-,-,-,-,-,-,,1,-,50%,1,-,-,X,X,5%,-,1,10%,1,-,50%,1
"Anneltha, Goddess of Earth",Forbidden Depths,18,,0.2,790,-,-,2,0.4,-,-,-,3.2,2.2,-,2,-,-,-,-,-,-,,1,-,50%,1,-,-,X,X,5%,-,1,20%,1,-,50%,1
"Anneltha, Goddess of Earth",Forbidden Depths,19,,0.2,790,-,-,2,0.4,-,-,-,3.2,2.2,-,2,-,-,-,-,-,-,,1,-,50%,1,-,-,X,X,10%,-,1,20%,1,-,50%,1
"Anneltha, Goddess of Earth",Forbidden Depths,20,,0.2,810,-,-,3,0.6,-,-,-,3.2,2.2,-,2,-,-,-,-,-,-,,1,-,50%,1,-,-,X,X,10%,-,1,20%,1,-,50%,1
"Anneltha, Goddess of Earth",Forbidden Depths,21,,0.2,810,-,-,3,0.6,-,-,-,3.2,2.2,-,2,-,-,-,-,-,-,,1,-,50%,1,-,-,X,X,10%,-,1,20%,1,-,100%,1
"Anneltha, Goddess of Earth",Forbidden Depths,22,,0.2,810,-,-,3,0.6,-,-,-,3.2,2.2,-,2,-,-,-,-,-,-,,1,-,50%,1,-,-,X,X,10%,-,1,20%,2,-,100%,1
"Anneltha, Goddess of Earth",Forbidden Depths,23,,0.2,810,-,-,3,0.6,-,-,-,3.2,2.2,-,2,-,-,-,-,-,-,,1,-,50%,1,-,-,X,X,10%,-,2,20%,2,-,100%,1
"Anneltha, Goddess of Earth",Forbidden Depths,24,,0.2,810,-,-,3,0.6,-,-,-,3.2,2.2,-,2,-,-,-,-,-,-,,1,-,50%,2,-,-,X,X,10%,-,2,20%,2,-,100%,1
"Anneltha, Goddess of Earth",Forbidden Depths,25,,0.2,810,-,-,3,0.6,-,-,-,3.2,2.2,-,4,-,-,-,-,-,-,,1,-,50%,2,-,-,X,X,10%,-,2,20%,2,-,100%,1
"Anneltha, Goddess of Earth",Forbidden Depths,26,,0.2,810,-,-,3,0.6,-,-,-,3.2,2.2,-,4,-,-,-,-,-,-,,1,-50%,50%,2,-,-,X,X,10%,-,2,20%,2,-,100%,1
"Anneltha, Goddess of Earth",Forbidden Depths,27,,0.2,810,-,-,3,0.6,-,-,-,3.2,2.2,-,4,-,-,-,-,-,-,,1,-50%,100%,2,-,-,X,X,10%,-,2,20%,2,-,100%,1
"Anneltha, Goddess of Earth",Forbidden Depths,28,,0.2,810,-,-,3,0.6,-,-,-,3.2,2.2,-,4,-,-,-,-,-,-,,1,-50%,100%,2,-,-,X,X,10%,-,2,20%,3,-,100%,1
"Anneltha, Goddess of Earth",Forbidden Depths,29,,0.2,810,-,-,3,0.6,-,-,-,3.2,2.2,-,4,-,-,-,-,-,-,,1,-50%,100%,2,-,-,X,X,15%,-,2,20%,3,-,100%,1
"Anneltha, Goddess of Earth",Forbidden Depths,30,,0.2,810,-,-,3,0.6,-,-,-,5,2.2,-,4,-,-,-,-,-,-,,1,-50%,100%,2,-,-,X,X,15%,-,2,20%,3,-,100%,1
"Anneltha, Goddess of Earth",Forbidden Depths,31,,0.2,810,-,-,3,0.6,-,-,-,5,2.2,-,4,-,-,-,-,-,-,,1,-50%,100%,2,-,-,X,X,15%,-,2,20%,3,-,100%,2
"Anneltha, Goddess of Earth",Forbidden Depths,32,,0.2,810,-,-,3,0.6,-,-,-,5,2.2,-,4,-,-,-,-,-,-,,1,-50%,100%,2,-,-,X,X,15%,-,2,20%,3,-50%,100%,2
"Anneltha, Goddess of Earth",Forbidden Depths,33,,0.2,810,-,-,3,0.6,-,-,-,5,2.2,-,4,-,-,-,-,-,-,,1,-50%,100%,2,1,-,X,X,15%,-,2,20%,3,-50%,100%,2
"Anneltha, Goddess of Earth",Forbidden Depths,34,,0.2,810,-,-,3,0.6,-,-,-,5,2.2,-,4,-,-,-,-,-,-,,1,-50%,100%,2,1,-,X,X,15%,-,3,20%,3,-50%,100%,2
"Anneltha, Goddess of Earth",Forbidden Depths,35,,1.2,810,-,-,3,0.6,-,-,-,5,2.2,-,4,-,-,-,-,-,-,,1,-50%,100%,2,1,-,X,X,15%,-,3,20%,3,-50%,100%,2
"Anneltha, Goddess of Earth",Forbidden Depths,36,,1.2,810,-,-,3,0.6,-,-,-,5,2.2,-,4,-,-,-,-,-,-,,2,-50%,100%,2,1,-,X,X,15%,-,3,20%,3,-50%,100%,2
"Anneltha, Goddess of Earth",Forbidden Depths,37,,1.2,810,-,-,3,0.6,-,-,-,5,2.2,-,4,-,-,-,-,-,-,,2,-50%,100%,2,1,-,X,X,15%,-,3,30%,3,-50%,100%,2
"Anneltha, Goddess of Earth",Forbidden Depths,38,,1.2,810,-,-,3,0.6,-,-,-,5,2.2,-,4,-,-,-,-,-,-,,2,-50%,100%,2,1,-,X,X,15%,-,3,30%,3,-50%,150%,2
"Anneltha, Goddess of Earth",Forbidden Depths,39,,1.2,810,-,-,3,0.6,-,-,-,5,2.2,-,4,-,-,-,-,-,-,,2,-50%,100%,2,1,-,X,X,15%,-,4,30%,3,-50%,150%,2
"Anneltha, Goddess of Earth",Forbidden Depths,40,,1.2,810,-,-,3,0.6,-,-,10%,5,2.2,-,4,-,-,-,-,-,-,,2,-50%,100%,2,1,-,X,X,15%,-,4,30%,3,-50%,150%,2
"Anneltha, Goddess of Earth",Forbidden Depths,41,,1.2,810,-,-,3,0.6,-,-,10%,5,2.2,-,4,-,-,-,-,-,-,,3,-50%,100%,2,1,-,X,X,15%,-,4,30%,3,-50%,150%,2
"Anneltha, Goddess of Earth",Forbidden Depths,42,,1.2,810,-,-,3,0.6,-,-,10%,5,2.2,-,4,-,-,-,-,-,-,,3,-50%,100%,2,1,100%,X,X,15%,-,4,30%,3,-50%,150%,2
"Anneltha, Goddess of Earth",Forbidden Depths,43,,1.2,810,-,-,3,0.6,-,-,10%,5,2.2,-,4,-,-,-,-,-,-,,3,-50%,100%,2,1,100%,X,X,15%,-,4,40%,3,-50%,150%,2
"Anneltha, Goddess of Earth",Forbidden Depths,44,,1.2,810,-,-,3,0.6,-,-,10%,5,2.2,-,4,-,-,-,-,-,-,,3,-50%,100%,2,1,100%,X,X,20%,-,4,40%,3,-50%,150%,2
"Anneltha, Goddess of Earth",Forbidden Depths,45,,1.2,810,-,-,3,2.6,-,-,10%,5,2.2,-,4,-,-,-,-,-,-,,3,-50%,100%,2,1,1,X,X,20%,-,4,40%,3,-50%,150%,2
"Anneltha, Goddess of Earth",Forbidden Depths,46,,1.2,810,-,-,3,2.6,-,-,10%,5,2.2,-,4,-,-,-,-,-,-,,3,-50%,100%,2,1,100%,X,X,20%,10%,4,40%,3,-50%,150%,2
"Anneltha, Goddess of Earth",Forbidden Depths,47,,1.2,810,-,-,3,2.6,-,-,10%,5,2.2,-,4,-,-,-,-,-,-,,3,-50%,150%,2,1,100%,X,X,20%,10%,4,40%,3,-50%,150%,2
"Anneltha, Goddess of Earth",Forbidden Depths,48,,1.2,810,-,-,3,2.6,-,-,10%,5,2.2,-,4,-,-,-,-,-,-,,4,-50%,150%,2,1,100%,X,X,20%,10%,4,40%,3,-50%,150%,2
"Anneltha, Goddess of Earth",Forbidden Depths,49,,1.2,810,-,-,3,2.6,-,-,10%,5,2.2,-,4,-,-,-,-,-,-,,4,-50%,150%,2,1,100%,X,X,20%,10%,4,50%,3,-50%,150%,2
"Anneltha, Goddess of Earth",Forbidden Depths,50,,1.2,830,-,-,4,2.8,-,-,10%,5,2.2,-,4,-,-,-,-,-,-,,4,-50%,150%,2,1,1,X,X,20%,10%,4,50%,3,-50%,150%,2
"Anneltha, Goddess of Earth",Forbidden Depths,51,,1.2,830,-,-,4,2.8,-,-,10%,5,2.2,-,4,-,-,-,-,-,-,,4,-50%,150%,2,1,100%,X,X,25%,10%,4,50%,3,-50%,150%,2
"Anneltha, Goddess of Earth",Forbidden Depths,52,,1.2,830,-,-,4,2.8,-,-,10%,5,2.2,-,4,-,-,-,-,-,-,,4,-50%,150%,2,2,100%,X,X,25%,10%,4,50%,3,-50%,150%,2
"Anneltha, Goddess of Earth",Forbidden Depths,53,,1.2,830,-,-,4,2.8,-,-,10%,5,2.2,-,4,-,-,-,-,-,-,,4,-50%,150%,2,2,100%,X,X,25%,20%,4,50%,3,-50%,150%,2
"Anneltha, Goddess of Earth",Forbidden Depths,54,,1.2,830,-,-,4,2.8,-,-,10%,5,2.2,-,4,-,-,-,-,-,-,,4,-50%,150%,2,2,100%,X,X,25%,20%,4,60%,3,-50%,150%,2
"Anneltha, Goddess of Earth",Forbidden Depths,55,,1.2,830,-,-,4,2.8,-,-,10%,5,2.2,-,4,-,-,-,-,-,-,,4,-50%,150%,2,2,100%,X,X,25%,20%,4,60%,3,-50%,150%,3
"Anneltha, Goddess of Earth",Forbidden Depths,56,,1.2,830,-,-,4,2.8,-,-,10%,5,2.2,-,4,-,-,-,-,-,-,,4,-100%,150%,2,2,100%,X,X,25%,20%,4,60%,3,-50%,150%,3
"Anneltha, Goddess of Earth",Forbidden Depths,57,,1.2,830,-,-,4,2.8,-,-,10%,5,2.2,-,4,-,-,-,-,-,-,,5,-100%,150%,2,2,100%,X,X,25%,20%,4,60%,3,-50%,150%,3
"Anneltha, Goddess of Earth",Forbidden Depths,58,,1.2,830,-,-,4,2.8,-,-,10%,5,2.2,-,4,-,-,-,-,-,-,,5,-100%,150%,2,2,100%,X,X,25%,20%,4,70%,3,-50%,150%,3
"Anneltha, Goddess of Earth",Forbidden Depths,59,,1.2,830,-,-,4,2.8,-,-,10%,5,2.2,-,4,-,-,-,-,-,-,,5,-100%,150%,2,2,100%,X,X,30%,20%,4,70%,3,-50%,150%,3
"Anneltha, Goddess of Earth",Forbidden Depths,60,,1.2,830,-,-,4,2.8,-,-,10%,5,2.2,-,6,-,-,-,-,-,-,,5,-100%,150%,2,2,1,X,X,30%,20%,4,70%,3,-50%,150%,3
"Anneltha, Goddess of Earth",Forbidden Depths,61,,1.2,830,-,-,4,2.8,-,-,10%,5,2.2,-,6,-,-,-,-,-,-,,5,-100%,150%,2,2,100%,X,X,30%,30%,4,70%,3,-50%,150%,3
"Anneltha, Goddess of Earth",Forbidden Depths,62,,1.2,830,-,-,4,2.8,-,-,10%,5,2.2,-,6,-,-,-,-,-,-,,5,-100%,150%,2,2,100%,X,X,30%,30%,4,80%,3,-50%,150%,3
"Anneltha, Goddess of Earth",Forbidden Depths,63,,1.2,830,-,-,4,2.8,-,-,10%,5,2.2,-,6,-,-,-,-,-,-,,5,-100%,150%,2,2,100%,X,X,35%,30%,4,80%,3,-50%,150%,3
"Anneltha, Goddess of Earth",Forbidden Depths,64,,1.2,830,-,-,4,2.8,-,-,10%,5,2.2,-,6,-,-,-,-,-,-,,5,-100%,150%,2,2,100%,X,X,35%,40%,4,80%,3,-50%,150%,3
"Anneltha, Goddess of Earth",Forbidden Depths,65,,1.2,830,-,-,4,2.8,-,-,10%,5,2.2,-,6,-,-,-,-,-,-,,5,-100%,150%,2,2,100%,X,X,35%,40%,4,80%,3,-50%,200%,3
"Anneltha, Goddess of Earth",Forbidden Depths,66,,1.2,830,-,-,4,2.8,-,-,10%,5,2.2,-,6,-,-,-,-,-,-,,5,-100%,150%,2,2,100%,X,X,35%,40%,4,80%,3,-100%,200%,3
"Anneltha, Goddess of Earth",Forbidden Depths,67,,1.2,830,-,-,4,2.8,-,-,10%,5,2.2,-,6,-,-,-,-,-,-,,5,-100%,150%,2,2,100%,X,X,35%,40%,4,90%,3,-100%,200%,3
"Anneltha, Goddess of Earth",Forbidden Depths,68,,1.2,830,-,-,4,2.8,-,-,10%,5,2.2,-,6,-,-,-,-,-,-,,5,-100%,150%,2,2,100%,X,X,35%,50%,4,90%,3,-100%,200%,3
"Anneltha, Goddess of Earth",Forbidden Depths,69,,1.2,830,-,-,4,2.8,-,-,10%,5,2.2,-,6,-,-,-,-,-,-,,5,-100%,150%,2,2,100%,X,X,40%,50%,4,90%,3,-100%,200%,3
"Anneltha, Goddess of Earth",Forbidden Depths,70,,1.2,830,-,-,4,2.8,-,-,10%,5,2.2,-,6,3,-,-,-,-,-,,5,-100%,150%,2,2,1,X,X,40%,50%,4,90%,3,-100%,200%,3
"Anneltha, Goddess of Earth",Forbidden Depths,71,,1.2,830,-,-,4,2.8,-,-,10%,5,2.2,-,6,3,-,-,-,-,-,,5,-100%,150%,2,2,100%,X,X,40%,50%,4,100%,3,-100%,200%,3
"Anneltha, Goddess of Earth",Forbidden Depths,72,,1.2,830,-,-,4,2.8,-,-,10%,5,2.2,-,6,3,-,-,-,-,-,,5,-100%,150%,2,2,100%,X,X,40%,60%,4,100%,3,-100%,200%,3
"Anneltha, Goddess of Earth",Forbidden Depths,73,,1.2,830,-,-,4,2.8,-,-,10%,5,2.2,-,6,3,-,-,-,-,-,,5,-100%,150%,2,2,100%,X,X,45%,60%,4,100%,3,-100%,200%,3
"Anneltha, Goddess of Earth",Forbidden Depths,74,,1.2,830,-,-,4,2.8,-,-,10%,5,2.2,-,6,3,-,-,-,-,-,,5,-100%,150%,2,2,100%,X,X,45%,70%,4,100%,3,-100%,200%,3
"Anneltha, Goddess of Earth",Forbidden Depths,75,,1.2,830,-,-,4,2.8,-,-,10%,5,2.2,-,6,3,-,-,-,-,-,,5,-100%,150%,2,2,100%,X,X,45%,80%,4,100%,3,-100%,200%,3
"Anneltha, Goddess of Earth",Forbidden Depths,76,,1.2,830,-,-,4,2.8,-,-,10%,5,2.2,-,6,3,-,-,-,-,-,,5,-100%,200%,2,2,100%,X,X,45%,80%,4,100%,3,-100%,200%,3
"Anneltha, Goddess of Earth",Forbidden Depths,77,,1.2,830,-,-,4,2.8,-,-,10%,5,2.2,-,6,3,-,-,-,-,-,,5,-100%,200%,2,2,100%,X,X,45%,90%,4,100%,3,-100%,200%,3
"Anneltha, Goddess of Earth",Forbidden Depths,78,,1.2,830,-,-,4,2.8,-,-,10%,5,2.2,-,6,3,-,-,-,-,-,,5,-100%,200%,2,2,100%,X,X,45%,90%,4,110%,3,-100%,200%,3
"Anneltha, Goddess of Earth",Forbidden Depths,79,,1.2,830,-,-,4,2.8,-,-,10%,5,2.2,-,6,3,-,-,-,-,-,,5,-100%,200%,2,2,100%,X,X,50%,90%,4,110%,3,-100%,200%,3
"Anneltha, Goddess of Earth",Forbidden Depths,80,,1.2,830,-,-,4,4.8,-,-,10%,5,2.2,-,6,3,-,-,-,-,-,,5,-100%,200%,2,2,1,X,X,50%,90%,4,110%,3,-100%,200%,3
"Anneltha, Goddess of Earth",Forbidden Depths,81,,1.2,830,-,-,4,4.8,-,-,10%,5,2.2,-,6,3,-,-,-,-,-,,5,-100%,200%,2,2,100%,X,X,50%,100%,4,110%,3,-100%,200%,3
"Anneltha, Goddess of Earth",Forbidden Depths,82,,1.2,830,-,-,4,4.8,-,-,10%,5,2.2,-,6,3,-,-,-,-,-,,5,-100%,200%,2,2,100%,X,X,50%,100%,4,120%,3,-100%,200%,3
"Anneltha, Goddess of Earth",Forbidden Depths,83,,1.2,830,-,-,4,4.8,-,-,10%,5,2.2,-,6,3,-,-,-,-,-,,5,-100%,200%,2,2,100%,X,X,50%,110%,4,120%,3,-100%,200%,3
"Anneltha, Goddess of Earth",Forbidden Depths,84,,1.2,830,-,-,4,4.8,-,-,10%,5,2.2,-,6,3,-,-,-,-,-,,5,-100%,200%,2,2,100%,X,X,55%,110%,4,120%,3,-100%,200%,3
"Anneltha, Goddess of Earth",Forbidden Depths,85,,1.2,830,-,-,4,4.8,-,-,10%,5,2.2,-,6,3,-,-,-,-,-,,5,-100%,200%,2,2,100%,X,X,55%,110%,4,120%,3,-100%,250%,3
"Anneltha, Goddess of Earth",Forbidden Depths,86,,1.2,830,-,-,4,4.8,-,-,10%,5,2.2,-,6,3,-,-,-,-,-,,5,-100%,200%,2,2,100%,X,X,60%,110%,4,120%,3,-100%,250%,3
"Anneltha, Goddess of Earth",Forbidden Depths,87,,1.2,830,-,-,4,4.8,-,-,10%,5,2.2,-,6,3,-,-,-,-,-,,5,-100%,200%,2,2,100%,X,X,60%,110%,4,130%,3,-100%,250%,3
"Anneltha, Goddess of Earth",Forbidden Depths,88,,1.2,830,-,-,4,4.8,-,-,10%,5,2.2,-,6,3,-,-,-,-,-,,5,-100%,200%,2,2,100%,X,X,65%,110%,4,130%,3,-100%,250%,3
"Anneltha, Goddess of Earth",Forbidden Depths,89,,1.2,830,-,-,4,4.8,-,-,10%,5,2.2,-,6,3,-,-,-,-,-,,5,-100%,200%,2,2,100%,X,X,65%,120%,4,130%,3,-100%,250%,3
"Anneltha, Goddess of Earth",Forbidden Depths,90,,1.2,830,-,-,4,6.8,-,-,10%,5,2.2,-,6,3,-,-,-,-,-,,5,-100%,200%,2,2,1,X,X,65%,120%,4,130%,3,-100%,250%,3
"Anneltha, Goddess of Earth",Forbidden Depths,91,,1.2,830,-,-,4,6.8,-,-,10%,5,2.2,-,6,3,-,-,-,-,-,,5,-100%,200%,2,2,100%,X,X,65%,130%,4,130%,3,-100%,250%,3
"Anneltha, Goddess of Earth",Forbidden Depths,92,,1.2,830,-,-,4,6.8,-,-,10%,5,2.2,-,6,3,-,-,-,-,-,,5,-100%,200%,2,2,100%,X,X,65%,130%,4,140%,3,-100%,250%,3
"Anneltha, Goddess of Earth",Forbidden Depths,93,,1.2,830,-,-,4,6.8,-,-,10%,5,2.2,-,6,3,-,-,-,-,-,,5,-100%,200%,2,2,100%,X,X,70%,130%,4,140%,3,-100%,250%,3
"Anneltha, Goddess of Earth",Forbidden Depths,94,,1.2,830,-,-,4,6.8,-,-,10%,5,2.2,-,6,3,-,-,-,-,-,,5,-100%,250%,2,2,100%,X,X,70%,130%,4,140%,3,-100%,250%,3
"Anneltha, Goddess of Earth",Forbidden Depths,95,,1.2,830,-,-,4,6.8,-,-,10%,5,2.2,-,6,3,-,-,-,-,-,,5,-100%,250%,2,2,100%,X,X,70%,140%,4,140%,3,-100%,250%,3
"Anneltha, Goddess of Earth",Forbidden Depths,96,,1.2,830,-,-,4,6.8,-,-,10%,5,2.2,-,6,3,-,-,-,-,-,,5,-100%,250%,2,2,100%,X,X,70%,140%,4,150%,3,-100%,250%,3
"Anneltha, Goddess of Earth",Forbidden Depths,97,,1.2,830,-,-,4,6.8,-,-,10%,5,2.2,-,6,3,-,-,-,-,-,,5,-100%,250%,2,2,100%,X,X,75%,140%,4,150%,3,-100%,250%,3
"Anneltha, Goddess of Earth",Forbidden Depths,98,,1.2,830,-,-,4,6.8,-,-,10%,5,2.2,-,6,3,-,-,-,-,-,,5,-100%,250%,2,2,100%,X,X,75%,150%,4,150%,3,-100%,250%,3
"Anneltha, Goddess of Earth",Forbidden Depths,99,,1.2,830,-,-,4,6.8,-,-,10%,5,2.2,-,6,3,-,-,-,-,-,,5,-100%,250%,2,2,100%,X,X,80%,150%,4,150%,3,-100%,250%,3
"Anneltha, Goddess of Earth",Forbidden Depths,100,,1.2,830,-,-,4,6.8,-,-,10%,5,2.2,-,6,3,-,2,-,-,-,,5,-100%,250%,2,2,1,X,X,80%,150%,4,150%,3,-100%,250%,3
"Apocranox, God of the Hunt",Blood Grove,0,,-,400,-,-,2.7,7,-,-,-,3,0.3,-,-,-,-,-,-,-,-,,-,-,-,-,-,-,-,-,-,-,-,-,-,-,-,-
"Apocranox, God of the Hunt",Blood Grove,1,,-,400,-,-,4.05,7,-,-,-,3,0.3,-,-,-,-,-,-,-,-,,-,-,-,-,-,-,-,-,-,-,-,-,-,-,-,-
"Apocranox, God of the Hunt",Blood Grove,2,,-,400,-,-,4.05,7,-,-,-,3,0.3,-,-,-,-,-,-,-,-,,-,-,-,-,-,-,-,-,5%,-,-,-,-,-,-,-
"Apocranox, God of the Hunt",Blood Grove,3,,-,400,-,-,4.05,8.5,-,-,-,3,0.3,-,-,-,-,-,-,-,-,,-,-,-,-,-,-,-,-,5%,-,-,-,-,-,-,-
"Apocranox, God of the Hunt",Blood Grove,4,,-,400,-,-,4.05,8.5,-,-,-,3,0.3,-,-,-,-,-,-,-,-,,-,-,-,-,-,-,-,-,5%,-,-,10%,-,-,-,-
"Apocranox, God of the Hunt",Blood Grove,5,,-,450,-,-,4.05,8.5,-,-,-,3,0.3,-,-,-,-,-,-,-,-,,-,-,-,-,-,-,-,-,5%,-,-,10%,-,-,-,-
"Apocranox, God of the Hunt",Blood Grove,6,,-,450,-,-,4.05,8.5,-,-,-,3,0.3,-,-,-,-,-,-,-,-,,-,-,-,-,-,-,-,-,5%,-,-,10%,-,-,50%,-
"Apocranox, God of the Hunt",Blood Grove,7,,-,500,-,-,4.05,8.5,-,-,-,3,0.3,-,-,-,-,-,-,-,-,,-,-,-,-,-,-,-,-,5%,-,-,10%,-,-,50%,-
"Apocranox, God of the Hunt",Blood Grove,8,,-,500,-,-,4.05,8.5,-,-,-,3,0.3,-,-,-,-,-,-,-,-,,-,-,-,-,-,-,-,-,5%,-,-,10%,-,-,50%,1
"Apocranox, God of the Hunt",Blood Grove,9,,-,500,-,-,4.05,8.5,-,-,-,3,0.3,-,-,-,-,-,-,-,-,,-,-,-,-,-,-,-,X,5%,-,-,10%,-,-,50%,1
"Apocranox, God of the Hunt",Blood Grove,10,,-,600,-,-,4.05,8.5,-,-,-,3,0.3,-,-,-,-,-,-,-,-,,-,-,-,-,-,-,-,X,5%,-,-,10%,-,-,50%,1
"Apocranox, God of the Hunt",Blood Grove,11,,-,600,-,-,4.05,8.5,-,-,-,3,0.3,-,-,-,-,-,-,-,-,,-,-,-,1,-,-,-,X,5%,-,-,10%,-,-,50%,1
"Apocranox, God of the Hunt",Blood Grove,12,,-,600,-,-,4.05,8.5,-,-,-,3,0.3,-,-,-,-,-,-,-,-,,-,-,50%,1,-,-,-,X,5%,-,-,10%,-,-,50%,1
"Apocranox, God of the Hunt",Blood Grove,13,,-,600,-,-,4.05,8.5,-,-,-,3,0.3,-,-,-,-,-,-,-,-,,-,-,50%,1,-,-,-,X,5%,-,-,10%,1,-,50%,1
"Apocranox, God of the Hunt",Blood Grove,14,,-,600,-,-,4.05,8.5,-,-,-,3,0.3,-,-,-,-,-,-,-,-,,-,-,50%,1,-,-,-,X,5%,-,1,10%,1,-,50%,1
"Apocranox, God of the Hunt",Blood Grove,15,,-,600,-,-,4.05,8.5,-,-,-,3,3.3,-,-,-,-,-,-,-,-,,-,-,50%,1,-,-,-,X,5%,-,1,10%,1,-,50%,1
"Apocranox, God of the Hunt",Blood Grove,16,,-,600,-,-,4.05,8.5,-,-,-,3,3.3,-,-,-,-,-,-,-,-,,-,-,50%,1,-,-,X,X,5%,-,1,10%,1,-,50%,1
"Apocranox, God of the Hunt",Blood Grove,17,,-,600,-,-,4.05,8.5,-,-,-,3,3.3,-,-,-,-,-,-,-,-,,1,-,50%,1,-,-,X,X,5%,-,1,10%,1,-,50%,1
"Apocranox, God of the Hunt",Blood Grove,18,,-,600,-,-,4.05,8.5,-,-,-,3,3.3,-,-,-,-,-,-,-,-,,1,-,50%,1,-,-,X,X,5%,-,1,20%,1,-,50%,1
"Apocranox, God of the Hunt",Blood Grove,19,,-,600,-,-,4.05,8.5,-,-,-,3,3.3,-,-,-,-,-,-,-,-,,1,-,50%,1,-,-,X,X,10%,-,1,20%,1,-,50%,1
"Apocranox, God of the Hunt",Blood Grove,20,,-,600,-,-,5.4,8.5,-,-,-,3,3.3,-,-,-,-,-,-,-,-,,1,-,50%,1,-,-,X,X,10%,-,1,20%,1,-,50%,1
"Apocranox, God of the Hunt",Blood Grove,21,,-,600,-,-,5.4,8.5,-,-,-,3,3.3,-,-,-,-,-,-,-,-,,1,-,50%,1,-,-,X,X,10%,-,1,20%,1,-,100%,1
"Apocranox, God of the Hunt",Blood Grove,22,,-,600,-,-,5.4,8.5,-,-,-,3,3.3,-,-,-,-,-,-,-,-,,1,-,50%,1,-,-,X,X,10%,-,1,20%,2,-,100%,1
"Apocranox, God of the Hunt",Blood Grove,23,,-,600,-,-,5.4,8.5,-,-,-,3,3.3,-,-,-,-,-,-,-,-,,1,-,50%,1,-,-,X,X,10%,-,2,20%,2,-,100%,1
"Apocranox, God of the Hunt",Blood Grove,24,,-,600,-,-,5.4,8.5,-,-,-,3,3.3,-,-,-,-,-,-,-,-,,1,-,50%,2,-,-,X,X,10%,-,2,20%,2,-,100%,1
"Apocranox, God of the Hunt",Blood Grove,25,,0.9,600,-,-,5.4,8.5,-,-,-,3,3.3,-,-,-,-,-,-,-,-,,1,-,50%,2,-,-,X,X,10%,-,2,20%,2,-,100%,1
"Apocranox, God of the Hunt",Blood Grove,26,,0.9,600,-,-,5.4,8.5,-,-,-,3,3.3,-,-,-,-,-,-,-,-,,1,-50%,50%,2,-,-,X,X,10%,-,2,20%,2,-,100%,1
"Apocranox, God of the Hunt",Blood Grove,27,,0.9,600,-,-,5.4,8.5,-,-,-,3,3.3,-,-,-,-,-,-,-,-,,1,-50%,100%,2,-,-,X,X,10%,-,2,20%,2,-,100%,1
"Apocranox, God of the Hunt",Blood Grove,28,,0.9,600,-,-,5.4,8.5,-,-,-,3,3.3,-,-,-,-,-,-,-,-,,1,-50%,100%,2,-,-,X,X,10%,-,2,20%,3,-,100%,1
"Apocranox, God of the Hunt",Blood Grove,29,,0.9,600,-,-,5.4,8.5,-,-,-,3,3.3,-,-,-,-,-,-,-,-,,1,-50%,100%,2,-,-,X,X,15%,-,2,20%,3,-,100%,1
"Apocranox, God of the Hunt",Blood Grove,30,,0.9,600,-,-,5.4,10.5,-,-,-,3,3.3,-,-,-,-,-,-,-,-,,1,-50%,100%,2,-,-,X,X,15%,-,2,20%,3,-,100%,1
"Apocranox, God of the Hunt",Blood Grove,31,,0.9,600,-,-,5.4,10.5,-,-,-,3,3.3,-,-,-,-,-,-,-,-,,1,-50%,100%,2,-,-,X,X,15%,-,2,20%,3,-,100%,2
"Apocranox, God of the Hunt",Blood Grove,32,,0.9,600,-,-,5.4,10.5,-,-,-,3,3.3,-,-,-,-,-,-,-,-,,1,-50%,100%,2,-,-,X,X,15%,-,2,20%,3,-50%,100%,2
"Apocranox, God of the Hunt",Blood Grove,33,,0.9,600,-,-,5.4,10.5,-,-,-,3,3.3,-,-,-,-,-,-,-,-,,1,-50%,100%,2,1,-,X,X,15%,-,2,20%,3,-50%,100%,2
"Apocranox, God of the Hunt",Blood Grove,34,,0.9,600,-,-,5.4,10.5,-,-,-,3,3.3,-,-,-,-,-,-,-,-,,1,-50%,100%,2,1,-,X,X,15%,-,3,20%,3,-50%,100%,2
"Apocranox, God of the Hunt",Blood Grove,35,,0.9,600,-,-,5.4,11.5,-,-,-,3,3.3,-,-,-,-,-,-,-,-,,1,-50%,100%,2,1,-,X,X,15%,-,3,20%,3,-50%,100%,2
"Apocranox, God of the Hunt",Blood Grove,36,,0.9,600,-,-,5.4,11.5,-,-,-,3,3.3,-,-,-,-,-,-,-,-,,2,-50%,100%,2,1,-,X,X,15%,-,3,20%,3,-50%,100%,2
"Apocranox, God of the Hunt",Blood Grove,37,,0.9,600,-,-,5.4,11.5,-,-,-,3,3.3,-,-,-,-,-,-,-,-,,2,-50%,100%,2,1,-,X,X,15%,-,3,30%,3,-50%,100%,2
"Apocranox, God of the Hunt",Blood Grove,38,,0.9,600,-,-,5.4,11.5,-,-,-,3,3.3,-,-,-,-,-,-,-,-,,2,-50%,100%,2,1,-,X,X,15%,-,3,30%,3,-50%,150%,2
"Apocranox, God of the Hunt",Blood Grove,39,,0.9,600,-,-,5.4,11.5,-,-,-,3,3.3,-,-,-,-,-,-,-,-,,2,-50%,100%,2,1,-,X,X,15%,-,4,30%,3,-50%,150%,2
"Apocranox, God of the Hunt",Blood Grove,40,,0.9,600,-,-,13.4,11.5,-,-,-,3,3.3,-,-,-,-,-,-,-,-,,2,-50%,100%,2,1,-,X,X,15%,-,4,30%,3,-50%,150%,2
"Apocranox, God of the Hunt",Blood Grove,41,,0.9,600,-,-,13.4,11.5,-,-,-,3,3.3,-,-,-,-,-,-,-,-,,3,-50%,100%,2,1,-,X,X,15%,-,4,30%,3,-50%,150%,2
"Apocranox, God of the Hunt",Blood Grove,42,,0.9,600,-,-,13.4,11.5,-,-,-,3,3.3,-,-,-,-,-,-,-,-,,3,-50%,100%,2,1,100%,X,X,15%,-,4,30%,3,-50%,150%,2
"Apocranox, God of the Hunt",Blood Grove,43,,0.9,600,-,-,13.4,11.5,-,-,-,3,3.3,-,-,-,-,-,-,-,-,,3,-50%,100%,2,1,100%,X,X,15%,-,4,40%,3,-50%,150%,2
"Apocranox, God of the Hunt",Blood Grove,44,,0.9,600,-,-,13.4,11.5,-,-,-,3,3.3,-,-,-,-,-,-,-,-,,3,-50%,100%,2,1,100%,X,X,20%,-,4,40%,3,-50%,150%,2
"Apocranox, God of the Hunt",Blood Grove,45,,0.9,600,-,-,13.4,11.5,-,-,-,4,4.3,-,-,-,-,-,-,-,-,,3,-50%,100%,2,1,1,X,X,20%,-,4,40%,3,-50%,150%,2
"Apocranox, God of the Hunt",Blood Grove,46,,0.9,600,-,-,13.4,11.5,-,-,-,4,4.3,-,-,-,-,-,-,-,-,,3,-50%,100%,2,1,100%,X,X,20%,10%,4,40%,3,-50%,150%,2
"Apocranox, God of the Hunt",Blood Grove,47,,0.9,600,-,-,13.4,11.5,-,-,-,4,4.3,-,-,-,-,-,-,-,-,,3,-50%,150%,2,1,100%,X,X,20%,10%,4,40%,3,-50%,150%,2
"Apocranox, God of the Hunt",Blood Grove,48,,0.9,600,-,-,13.4,11.5,-,-,-,4,4.3,-,-,-,-,-,-,-,-,,4,-50%,150%,2,1,100%,X,X,20%,10%,4,40%,3,-50%,150%,2
"Apocranox, God of the Hunt",Blood Grove,49,,0.9,600,-,-,13.4,11.5,-,-,-,4,4.3,-,-,-,-,-,-,-,-,,4,-50%,150%,2,1,100%,X,X,20%,10%,4,50%,3,-50%,150%,2
"Apocranox, God of the Hunt",Blood Grove,50,,0.9,600,-,-,14.75,11.5,-,-,-,4,4.3,-,-,-,-,-,-,-,-,,4,-50%,150%,2,1,1,X,X,20%,10%,4,50%,3,-50%,150%,2
"Apocranox, God of the Hunt",Blood Grove,51,,0.9,600,-,-,14.75,11.5,-,-,-,4,4.3,-,-,-,-,-,-,-,-,,4,-50%,150%,2,1,100%,X,X,25%,10%,4,50%,3,-50%,150%,2
"Apocranox, God of the Hunt",Blood Grove,52,,0.9,600,-,-,14.75,11.5,-,-,-,4,4.3,-,-,-,-,-,-,-,-,,4,-50%,150%,2,2,100%,X,X,25%,10%,4,50%,3,-50%,150%,2
"Apocranox, God of the Hunt",Blood Grove,53,,0.9,600,-,-,14.75,11.5,-,-,-,4,4.3,-,-,-,-,-,-,-,-,,4,-50%,150%,2,2,100%,X,X,25%,20%,4,50%,3,-50%,150%,2
"Apocranox, God of the Hunt",Blood Grove,54,,0.9,600,-,-,14.75,11.5,-,-,-,4,4.3,-,-,-,-,-,-,-,-,,4,-50%,150%,2,2,100%,X,X,25%,20%,4,60%,3,-50%,150%,2
"Apocranox, God of the Hunt",Blood Grove,55,,0.9,600,-,-,14.75,11.5,-,-,-,4,4.3,-,-,-,-,-,-,-,-,,4,-50%,150%,2,2,100%,X,X,25%,20%,4,60%,3,-50%,150%,3
"Apocranox, God of the Hunt",Blood Grove,56,,0.9,600,-,-,14.75,11.5,-,-,-,4,4.3,-,-,-,-,-,-,-,-,,4,-100%,150%,2,2,100%,X,X,25%,20%,4,60%,3,-50%,150%,3
"Apocranox, God of the Hunt",Blood Grove,57,,0.9,600,-,-,14.75,11.5,-,-,-,4,4.3,-,-,-,-,-,-,-,-,,5,-100%,150%,2,2,100%,X,X,25%,20%,4,60%,3,-50%,150%,3
"Apocranox, God of the Hunt",Blood Grove,58,,0.9,600,-,-,14.75,11.5,-,-,-,4,4.3,-,-,-,-,-,-,-,-,,5,-100%,150%,2,2,100%,X,X,25%,20%,4,70%,3,-50%,150%,3
"Apocranox, God of the Hunt",Blood Grove,59,,0.9,600,-,-,14.75,11.5,-,-,-,4,4.3,-,-,-,-,-,-,-,-,,5,-100%,150%,2,2,100%,X,X,30%,20%,4,70%,3,-50%,150%,3
"Apocranox, God of the Hunt",Blood Grove,60,,0.9,600,-,-,14.75,11.5,-,-,-,4,4.3,-,-,-,-,3,-,-,-,,5,-100%,150%,2,2,1,X,X,30%,20%,4,70%,3,-50%,150%,3
"Apocranox, God of the Hunt",Blood Grove,61,,0.9,600,-,-,14.75,11.5,-,-,-,4,4.3,-,-,-,-,3,-,-,-,,5,-100%,150%,2,2,100%,X,X,30%,30%,4,70%,3,-50%,150%,3
"Apocranox, God of the Hunt",Blood Grove,62,,0.9,600,-,-,14.75,11.5,-,-,-,4,4.3,-,-,-,-,3,-,-,-,,5,-100%,150%,2,2,100%,X,X,30%,30%,4,80%,3,-50%,150%,3
"Apocranox, God of the Hunt",Blood Grove,63,,0.9,600,-,-,14.75,11.5,-,-,-,4,4.3,-,-,-,-,3,-,-,-,,5,-100%,150%,2,2,100%,X,X,35%,30%,4,80%,3,-50%,150%,3
"Apocranox, God of the Hunt",Blood Grove,64,,0.9,600,-,-,14.75,11.5,-,-,-,4,4.3,-,-,-,-,3,-,-,-,,5,-100%,150%,2,2,100%,X,X,35%,40%,4,80%,3,-50%,150%,3
"Apocranox, God of the Hunt",Blood Grove,65,,0.9,600,-,-,14.75,11.5,-,-,-,4,4.3,-,-,-,-,3,-,-,-,,5,-100%,150%,2,2,100%,X,X,35%,40%,4,80%,3,-50%,200%,3
"Apocranox, God of the Hunt",Blood Grove,66,,0.9,600,-,-,14.75,11.5,-,-,-,4,4.3,-,-,-,-,3,-,-,-,,5,-100%,150%,2,2,100%,X,X,35%,40%,4,80%,3,-100%,200%,3
"Apocranox, God of the Hunt",Blood Grove,67,,0.9,600,-,-,14.75,11.5,-,-,-,4,4.3,-,-,-,-,3,-,-,-,,5,-100%,150%,2,2,100%,X,X,35%,40%,4,90%,3,-100%,200%,3
"Apocranox, God of the Hunt",Blood Grove,68,,0.9,600,-,-,14.75,11.5,-,-,-,4,4.3,-,-,-,-,3,-,-,-,,5,-100%,150%,2,2,100%,X,X,35%,50%,4,90%,3,-100%,200%,3
"Apocranox, God of the Hunt",Blood Grove,69,,0.9,600,-,-,14.75,11.5,-,-,-,4,4.3,-,-,-,-,3,-,-,-,,5,-100%,150%,2,2,100%,X,X,40%,50%,4,90%,3,-100%,200%,3
"Apocranox, God of the Hunt",Blood Grove,70,,0.9,600,-,-,14.75,11.5,-,-,-,4,4.3,-,-,-,-,5,-,-,-,,5,-100%,150%,2,2,1,X,X,40%,50%,4,90%,3,-100%,200%,3
"Apocranox, God of the Hunt",Blood Grove,71,,0.9,600,-,-,14.75,11.5,-,-,-,4,4.3,-,-,-,-,5,-,-,-,,5,-100%,150%,2,2,100%,X,X,40%,50%,4,100%,3,-100%,200%,3
"Apocranox, God of the Hunt",Blood Grove,72,,0.9,600,-,-,14.75,11.5,-,-,-,4,4.3,-,-,-,-,5,-,-,-,,5,-100%,150%,2,2,100%,X,X,40%,60%,4,100%,3,-100%,200%,3
"Apocranox, God of the Hunt",Blood Grove,73,,0.9,600,-,-,14.75,11.5,-,-,-,4,4.3,-,-,-,-,5,-,-,-,,5,-100%,150%,2,2,100%,X,X,45%,60%,4,100%,3,-100%,200%,3
"Apocranox, God of the Hunt",Blood Grove,74,,0.9,600,-,-,14.75,11.5,-,-,-,4,4.3,-,-,-,-,5,-,-,-,,5,-100%,150%,2,2,100%,X,X,45%,70%,4,100%,3,-100%,200%,3
"Apocranox, God of the Hunt",Blood Grove,75,,0.9,600,-,-,14.75,11.5,-,-,-,4,4.3,-,-,-,-,5,-,-,-,,5,-100%,150%,2,2,100%,X,X,45%,80%,4,100%,3,-100%,200%,3
"Apocranox, God of the Hunt",Blood Grove,76,,0.9,600,-,-,14.75,11.5,-,-,-,4,4.3,-,-,-,-,5,-,-,-,,5,-100%,200%,2,2,100%,X,X,45%,80%,4,100%,3,-100%,200%,3
"Apocranox, God of the Hunt",Blood Grove,77,,0.9,600,-,-,14.75,11.5,-,-,-,4,4.3,-,-,-,-,5,-,-,-,,5,-100%,200%,2,2,100%,X,X,45%,90%,4,100%,3,-100%,200%,3
"Apocranox, God of the Hunt",Blood Grove,78,,0.9,600,-,-,14.75,11.5,-,-,-,4,4.3,-,-,-,-,5,-,-,-,,5,-100%,200%,2,2,100%,X,X,45%,90%,4,110%,3,-100%,200%,3
"Apocranox, God of the Hunt",Blood Grove,79,,0.9,600,-,-,14.75,11.5,-,-,-,4,4.3,-,-,-,-,5,-,-,-,,5,-100%,200%,2,2,100%,X,X,50%,90%,4,110%,3,-100%,200%,3
"Apocranox, God of the Hunt",Blood Grove,80,,0.9,600,-,-,14.75,11.5,-,-,-,4,4.3,-,-,-,-,7,-,-,-,,5,-100%,200%,2,2,1,X,X,50%,90%,4,110%,3,-100%,200%,3
"Apocranox, God of the Hunt",Blood Grove,81,,0.9,600,-,-,14.75,11.5,-,-,-,4,4.3,-,-,-,-,7,-,-,-,,5,-100%,200%,2,2,100%,X,X,50%,100%,4,110%,3,-100%,200%,3
"Apocranox, God of the Hunt",Blood Grove,82,,0.9,600,-,-,14.75,11.5,-,-,-,4,4.3,-,-,-,-,7,-,-,-,,5,-100%,200%,2,2,100%,X,X,50%,100%,4,120%,3,-100%,200%,3
"Apocranox, God of the Hunt",Blood Grove,83,,0.9,600,-,-,14.75,11.5,-,-,-,4,4.3,-,-,-,-,7,-,-,-,,5,-100%,200%,2,2,100%,X,X,50%,110%,4,120%,3,-100%,200%,3
"Apocranox, God of the Hunt",Blood Grove,84,,0.9,600,-,-,14.75,11.5,-,-,-,4,4.3,-,-,-,-,7,-,-,-,,5,-100%,200%,2,2,100%,X,X,55%,110%,4,120%,3,-100%,200%,3
"Apocranox, God of the Hunt",Blood Grove,85,,0.9,600,-,-,14.75,11.5,-,-,-,4,4.3,-,-,-,-,7,-,-,-,,5,-100%,200%,2,2,100%,X,X,55%,110%,4,120%,3,-100%,250%,3
"Apocranox, God of the Hunt",Blood Grove,86,,0.9,600,-,-,14.75,11.5,-,-,-,4,4.3,-,-,-,-,7,-,-,-,,5,-100%,200%,2,2,100%,X,X,60%,110%,4,120%,3,-100%,250%,3
"Apocranox, God of the Hunt",Blood Grove,87,,0.9,600,-,-,14.75,11.5,-,-,-,4,4.3,-,-,-,-,7,-,-,-,,5,-100%,200%,2,2,100%,X,X,60%,110%,4,130%,3,-100%,250%,3
"Apocranox, God of the Hunt",Blood Grove,88,,0.9,600,-,-,14.75,11.5,-,-,-,4,4.3,-,-,-,-,7,-,-,-,,5,-100%,200%,2,2,100%,X,X,65%,110%,4,130%,3,-100%,250%,3
"Apocranox, God of the Hunt",Blood Grove,89,,0.9,600,-,-,14.75,11.5,-,-,-,4,4.3,-,-,-,-,7,-,-,-,,5,-100%,200%,2,2,100%,X,X,65%,120%,4,130%,3,-100%,250%,3
"Apocranox, God of the Hunt",Blood Grove,90,,0.9,600,-,-,14.75,11.5,-,-,-,4,4.3,-,-,-,8,7,-,-,-,,5,-100%,200%,2,2,1,X,X,65%,120%,4,130%,3,-100%,250%,3
"Apocranox, God of the Hunt",Blood Grove,91,,0.9,600,-,-,14.75,11.5,-,-,-,4,4.3,-,-,-,8,7,-,-,-,,5,-100%,200%,2,2,100%,X,X,65%,130%,4,130%,3,-100%,250%,3
"Apocranox, God of the Hunt",Blood Grove,92,,0.9,600,-,-,14.75,11.5,-,-,-,4,4.3,-,-,-,8,7,-,-,-,,5,-100%,200%,2,2,100%,X,X,65%,130%,4,140%,3,-100%,250%,3
"Apocranox, God of the Hunt",Blood Grove,93,,0.9,600,-,-,14.75,11.5,-,-,-,4,4.3,-,-,-,8,7,-,-,-,,5,-100%,200%,2,2,100%,X,X,70%,130%,4,140%,3,-100%,250%,3
"Apocranox, God of the Hunt",Blood Grove,94,,0.9,600,-,-,14.75,11.5,-,-,-,4,4.3,-,-,-,8,7,-,-,-,,5,-100%,250%,2,2,100%,X,X,70%,130%,4,140%,3,-100%,250%,3
"Apocranox, God of the Hunt",Blood Grove,95,,0.9,600,-,-,14.75,11.5,-,-,-,4,4.3,-,-,-,8,7,-,-,-,,5,-100%,250%,2,2,100%,X,X,70%,140%,4,140%,3,-100%,250%,3
"Apocranox, God of the Hunt",Blood Grove,96,,0.9,600,-,-,14.75,11.5,-,-,-,4,4.3,-,-,-,8,7,-,-,-,,5,-100%,250%,2,2,100%,X,X,70%,140%,4,150%,3,-100%,250%,3
"Apocranox, God of the Hunt",Blood Grove,97,,0.9,600,-,-,14.75,11.5,-,-,-,4,4.3,-,-,-,8,7,-,-,-,,5,-100%,250%,2,2,100%,X,X,75%,140%,4,150%,3,-100%,250%,3
"Apocranox, God of the Hunt",Blood Grove,98,,0.9,600,-,-,14.75,11.5,-,-,-,4,4.3,-,-,-,8,7,-,-,-,,5,-100%,250%,2,2,100%,X,X,75%,150%,4,150%,3,-100%,250%,3
"Apocranox, God of the Hunt",Blood Grove,99,,0.9,600,-,-,14.75,11.5,-,-,-,4,4.3,-,-,-,8,7,-,-,-,,5,-100%,250%,2,2,100%,X,X,80%,150%,4,150%,3,-100%,250%,3
"Apocranox, God of the Hunt",Blood Grove,100,,2.1,600,-,-,14.75,11.5,-,-,-,4,4.3,-,-,-,8,7,-,-,-,,5,-100%,250%,2,2,1,X,X,80%,150%,4,150%,3,-100%,250%,3
"Ariamaki, God of Balance",Land of Breath and Balance,0,,-,430,-,-,1.5,3,-,-,-,3.3,3.3,-,-,-,-,-,-,-,-,,-,-,-,-,-,-,-,-,-,-,-,-,-,-,-,-
"Ariamaki, God of Balance",Land of Breath and Balance,1,,-,530,-,-,1.5,3,-,-,-,3.3,3.3,-,-,-,-,-,-,-,-,,-,-,-,-,-,-,-,-,-,-,-,-,-,-,-,-
"Ariamaki, God of Balance",Land of Breath and Balance,2,,-,530,-,-,1.5,3,-,-,-,3.3,3.3,-,-,-,-,-,-,-,-,,-,-,-,-,-,-,-,-,5%,-,-,-,-,-,-,-
"Ariamaki, God of Balance",Land of Breath and Balance,3,,-,530,-,-,1.5,3,-,-,-,5,3.3,-,-,-,-,-,-,-,-,,-,-,-,-,-,-,-,-,5%,-,-,-,-,-,-,-
"Ariamaki, God of Balance",Land of Breath and Balance,4,,-,530,-,-,1.5,3,-,-,-,5,3.3,-,-,-,-,-,-,-,-,,-,-,-,-,-,-,-,-,5%,-,-,10%,-,-,-,-
"Ariamaki, God of Balance",Land of Breath and Balance,5,,-,530,-,-,1.5,3,-,-,-,5,5,-,-,-,-,-,-,-,-,,-,-,-,-,-,-,-,-,5%,-,-,10%,-,-,-,-
"Ariamaki, God of Balance",Land of Breath and Balance,6,,-,530,-,-,1.5,3,-,-,-,5,5,-,-,-,-,-,-,-,-,,-,-,-,-,-,-,-,-,5%,-,-,10%,-,-,50%,-
"Ariamaki, God of Balance",Land of Breath and Balance,7,,-,545,-,-,2.25,3,-,-,-,5,5,-,-,-,-,-,-,-,-,,-,-,-,-,-,-,-,-,5%,-,-,10%,-,-,50%,-
"Ariamaki, God of Balance",Land of Breath and Balance,8,,-,545,-,-,2.25,3,-,-,-,5,5,-,-,-,-,-,-,-,-,,-,-,-,-,-,-,-,-,5%,-,-,10%,-,-,50%,1
"Ariamaki, God of Balance",Land of Breath and Balance,9,,-,545,-,-,2.25,3,-,-,-,5,5,-,-,-,-,-,-,-,-,,-,-,-,-,-,-,-,X,5%,-,-,10%,-,-,50%,1
"Ariamaki, God of Balance",Land of Breath and Balance,10,,-,545,-,-,2.25,3,-,-,-,5,5,-,-,-,-,-,-,-,3,,-,-,-,-,-,-,-,X,5%,-,-,10%,-,-,50%,1
"Ariamaki, God of Balance",Land of Breath and Balance,11,,-,545,-,-,2.25,3,-,-,-,5,5,-,-,-,-,-,-,-,3,,-,-,-,1,-,-,-,X,5%,-,-,10%,-,-,50%,1
"Ariamaki, God of Balance",Land of Breath and Balance,12,,-,545,-,-,2.25,3,-,-,-,5,5,-,-,-,-,-,-,-,3,,-,-,50%,1,-,-,-,X,5%,-,-,10%,-,-,50%,1
"Ariamaki, God of Balance",Land of Breath and Balance,13,,-,545,-,-,2.25,3,-,-,-,5,5,-,-,-,-,-,-,-,3,,-,-,50%,1,-,-,-,X,5%,-,-,10%,1,-,50%,1
"Ariamaki, God of Balance",Land of Breath and Balance,14,,-,545,-,-,2.25,3,-,-,-,5,5,-,-,-,-,-,-,-,3,,-,-,50%,1,-,-,-,X,5%,-,1,10%,1,-,50%,1
"Ariamaki, God of Balance",Land of Breath and Balance,15,,-,645,-,-,2.25,3,-,-,-,5,5,-,-,-,-,-,-,-,3,,-,-,50%,1,-,-,-,X,5%,-,1,10%,1,-,50%,1
"Ariamaki, God of Balance",Land of Breath and Balance,16,,-,645,-,-,2.25,3,-,-,-,5,5,-,-,-,-,-,-,-,3,,-,-,50%,1,-,-,X,X,5%,-,1,10%,1,-,50%,1
"Ariamaki, God of Balance",Land of Breath and Balance,17,,-,645,-,-,2.25,3,-,-,-,5,5,-,-,-,-,-,-,-,3,,1,-,50%,1,-,-,X,X,5%,-,1,10%,1,-,50%,1
"Ariamaki, God of Balance",Land of Breath and Balance,18,,-,645,-,-,2.25,3,-,-,-,5,5,-,-,-,-,-,-,-,3,,1,-,50%,1,-,-,X,X,5%,-,1,20%,1,-,50%,1
"Ariamaki, God of Balance",Land of Breath and Balance,19,,-,645,-,-,2.25,3,-,-,-,5,5,-,-,-,-,-,-,-,3,,1,-,50%,1,-,-,X,X,10%,-,1,20%,1,-,50%,1
"Ariamaki, God of Balance",Land of Breath and Balance,20,,0.5,645,-,-,2.25,3,-,-,-,5,5,-,-,-,-,-,-,-,3,,1,-,50%,1,-,-,X,X,10%,-,1,20%,1,-,50%,1
"Ariamaki, God of Balance",Land of Breath and Balance,21,,0.5,645,-,-,2.25,3,-,-,-,5,5,-,-,-,-,-,-,-,3,,1,-,50%,1,-,-,X,X,10%,-,1,20%,1,-,100%,1
"Ariamaki, God of Balance",Land of Breath and Balance,22,,0.5,645,-,-,2.25,3,-,-,-,5,5,-,-,-,-,-,-,-,3,,1,-,50%,1,-,-,X,X,10%,-,1,20%,2,-,100%,1
"Ariamaki, God of Balance",Land of Breath and Balance,23,,0.5,645,-,-,2.25,3,-,-,-,5,5,-,-,-,-,-,-,-,3,,1,-,50%,1,-,-,X,X,10%,-,2,20%,2,-,100%,1
"Ariamaki, God of Balance",Land of Breath and Balance,24,,0.5,645,-,-,2.25,3,-,-,-,5,5,-,-,-,-,-,-,-,3,,1,-,50%,2,-,-,X,X,10%,-,2,20%,2,-,100%,1
"Ariamaki, God of Balance",Land of Breath and Balance,25,,1.25,645,-,-,2.25,3,-,-,-,5,5,-,-,-,-,-,-,-,3,,1,-,50%,2,-,-,X,X,10%,-,2,20%,2,-,100%,1
"Ariamaki, God of Balance",Land of Breath and Balance,26,,1.25,645,-,-,2.25,3,-,-,-,5,5,-,-,-,-,-,-,-,3,,1,-50%,50%,2,-,-,X,X,10%,-,2,20%,2,-,100%,1
"Ariamaki, God of Balance",Land of Breath and Balance,27,,1.25,645,-,-,2.25,3,-,-,-,5,5,-,-,-,-,-,-,-,3,,1,-50%,100%,2,-,-,X,X,10%,-,2,20%,2,-,100%,1
"Ariamaki, God of Balance",Land of Breath and Balance,28,,1.25,645,-,-,2.25,3,-,-,-,5,5,-,-,-,-,-,-,-,3,,1,-50%,100%,2,-,-,X,X,10%,-,2,20%,3,-,100%,1
"Ariamaki, God of Balance",Land of Breath and Balance,29,,1.25,645,-,-,2.25,3,-,-,-,5,5,-,-,-,-,-,-,-,3,,1,-50%,100%,2,-,-,X,X,15%,-,2,20%,3,-,100%,1
"Ariamaki, God of Balance",Land of Breath and Balance,30,,1.25,645,-,-,2.25,3,-,-,-,5,5,-,3,-,-,-,-,-,3,,1,-50%,100%,2,-,-,X,X,15%,-,2,20%,3,-,100%,1
"Ariamaki, God of Balance",Land of Breath and Balance,31,,1.25,645,-,-,2.25,3,-,-,-,5,5,-,3,-,-,-,-,-,3,,1,-50%,100%,2,-,-,X,X,15%,-,2,20%,3,-,100%,2
"Ariamaki, God of Balance",Land of Breath and Balance,32,,1.25,645,-,-,2.25,3,-,-,-,5,5,-,3,-,-,-,-,-,3,,1,-50%,100%,2,-,-,X,X,15%,-,2,20%,3,-50%,100%,2
"Ariamaki, God of Balance",Land of Breath and Balance,33,,1.25,645,-,-,2.25,3,-,-,-,5,5,-,3,-,-,-,-,-,3,,1,-50%,100%,2,1,-,X,X,15%,-,2,20%,3,-50%,100%,2
"Ariamaki, God of Balance",Land of Breath and Balance,34,,1.25,645,-,-,2.25,3,-,-,-,5,5,-,3,-,-,-,-,-,3,,1,-50%,100%,2,1,-,X,X,15%,-,3,20%,3,-50%,100%,2
"Ariamaki, God of Balance",Land of Breath and Balance,35,,1.25,645,-,-,3,3,-,-,-,5,5,-,3,-,-,-,-,-,3,,1,-50%,100%,2,1,-,X,X,15%,-,3,20%,3,-50%,100%,2
"Ariamaki, God of Balance",Land of Breath and Balance,36,,1.25,645,-,-,3,3,-,-,-,5,5,-,3,-,-,-,-,-,3,,2,-50%,100%,2,1,-,X,X,15%,-,3,20%,3,-50%,100%,2
"Ariamaki, God of Balance",Land of Breath and Balance,37,,1.25,645,-,-,3,3,-,-,-,5,5,-,3,-,-,-,-,-,3,,2,-50%,100%,2,1,-,X,X,15%,-,3,30%,3,-50%,100%,2
"Ariamaki, God of Balance",Land of Breath and Balance,38,,1.25,645,-,-,3,3,-,-,-,5,5,-,3,-,-,-,-,-,3,,2,-50%,100%,2,1,-,X,X,15%,-,3,30%,3,-50%,150%,2
"Ariamaki, God of Balance",Land of Breath and Balance,39,,1.25,645,-,-,3,3,-,-,-,5,5,-,3,-,-,-,-,-,3,,2,-50%,100%,2,1,-,X,X,15%,-,4,30%,3,-50%,150%,2
"Ariamaki, God of Balance",Land of Breath and Balance,40,,1.25,645,-,-,3,3,-,-,-,5,5,-,3,-,-,-,-,-,3,,2,-50%,100%,2,1,-,X,X,15%,-,4,30%,3,-50%,150%,2
"Ariamaki, God of Balance",Land of Breath and Balance,41,,1.25,645,-,-,3,3,-,-,-,5,5,-,3,-,-,-,-,-,3,,3,-50%,100%,2,1,-,X,X,15%,-,4,30%,3,-50%,150%,2
"Ariamaki, God of Balance",Land of Breath and Balance,42,,1.25,645,-,-,3,3,-,-,-,5,5,-,3,-,-,-,-,-,3,,3,-50%,100%,2,1,100%,X,X,15%,-,4,30%,3,-50%,150%,2
"Ariamaki, God of Balance",Land of Breath and Balance,43,,1.25,645,-,-,3,3,-,-,-,5,5,-,3,-,-,-,-,-,3,,3,-50%,100%,2,1,100%,X,X,15%,-,4,40%,3,-50%,150%,2
"Ariamaki, God of Balance",Land of Breath and Balance,44,,1.25,645,-,-,3,3,-,-,-,5,5,-,3,-,-,-,-,-,3,,3,-50%,100%,2,1,100%,X,X,20%,-,4,40%,3,-50%,150%,2
"Ariamaki, God of Balance",Land of Breath and Balance,45,,1.25,645,-,-,3,3,-,-,-,5,5,-,3,8,-,-,-,-,3,,3,-50%,100%,2,1,1,X,X,20%,-,4,40%,3,-50%,150%,2
"Ariamaki, God of Balance",Land of Breath and Balance,46,,1.25,645,-,-,3,3,-,-,-,5,5,-,3,8,-,-,-,-,3,,3,-50%,100%,2,1,100%,X,X,20%,10%,4,40%,3,-50%,150%,2
"Ariamaki, God of Balance",Land of Breath and Balance,47,,1.25,645,-,-,3,3,-,-,-,5,5,-,3,8,-,-,-,-,3,,3,-50%,150%,2,1,100%,X,X,20%,10%,4,40%,3,-50%,150%,2
"Ariamaki, God of Balance",Land of Breath and Balance,48,,1.25,645,-,-,3,3,-,-,-,5,5,-,3,8,-,-,-,-,3,,4,-50%,150%,2,1,100%,X,X,20%,10%,4,40%,3,-50%,150%,2
"Ariamaki, God of Balance",Land of Breath and Balance,49,,1.25,645,-,-,3,3,-,-,-,5,5,-,3,8,-,-,-,-,3,,4,-50%,150%,2,1,100%,X,X,20%,10%,4,50%,3,-50%,150%,2
"Ariamaki, God of Balance",Land of Breath and Balance,50,,1.25,645,-,-,3,5,-,-,-,5,5,-,3,8,-,-,-,-,3,,4,-50%,150%,2,1,1,X,X,20%,10%,4,50%,3,-50%,150%,2
"Ariamaki, God of Balance",Land of Breath and Balance,51,,1.25,645,-,-,3,5,-,-,-,5,5,-,3,8,-,-,-,-,3,,4,-50%,150%,2,1,100%,X,X,25%,10%,4,50%,3,-50%,150%,2
"Ariamaki, God of Balance",Land of Breath and Balance,52,,1.25,645,-,-,3,5,-,-,-,5,5,-,3,8,-,-,-,-,3,,4,-50%,150%,2,2,100%,X,X,25%,10%,4,50%,3,-50%,150%,2
"Ariamaki, God of Balance",Land of Breath and Balance,53,,1.25,645,-,-,3,5,-,-,-,5,5,-,3,8,-,-,-,-,3,,4,-50%,150%,2,2,100%,X,X,25%,20%,4,50%,3,-50%,150%,2
"Ariamaki, God of Balance",Land of Breath and Balance,54,,1.25,645,-,-,3,5,-,-,-,5,5,-,3,8,-,-,-,-,3,,4,-50%,150%,2,2,100%,X,X,25%,20%,4,60%,3,-50%,150%,2
"Ariamaki, God of Balance",Land of Breath and Balance,55,,1.25,645,-,-,3,5,-,-,-,5,5,-,3,8,-,-,-,-,3,,4,-50%,150%,2,2,100%,X,X,25%,20%,4,60%,3,-50%,150%,3
"Ariamaki, God of Balance",Land of Breath and Balance,56,,1.25,645,-,-,3,5,-,-,-,5,5,-,3,8,-,-,-,-,3,,4,-100%,150%,2,2,100%,X,X,25%,20%,4,60%,3,-50%,150%,3
"Ariamaki, God of Balance",Land of Breath and Balance,57,,1.25,645,-,-,3,5,-,-,-,5,5,-,3,8,-,-,-,-,3,,5,-100%,150%,2,2,100%,X,X,25%,20%,4,60%,3,-50%,150%,3
"Ariamaki, God of Balance",Land of Breath and Balance,58,,1.25,645,-,-,3,5,-,-,-,5,5,-,3,8,-,-,-,-,3,,5,-100%,150%,2,2,100%,X,X,25%,20%,4,70%,3,-50%,150%,3
"Ariamaki, God of Balance",Land of Breath and Balance,59,,1.25,645,-,-,3,5,-,-,-,5,5,-,3,8,-,-,-,-,3,,5,-100%,150%,2,2,100%,X,X,30%,20%,4,70%,3,-50%,150%,3
"Ariamaki, God of Balance",Land of Breath and Balance,60,,1.25,645,-,-,3,6.5,-,-,-,5,5,-,3,8,-,-,-,-,3,,5,-100%,150%,2,2,1,X,X,30%,20%,4,70%,3,-50%,150%,3
"Ariamaki, God of Balance",Land of Breath and Balance,61,,1.25,645,-,-,3,6.5,-,-,-,5,5,-,3,8,-,-,-,-,3,,5,-100%,150%,2,2,100%,X,X,30%,30%,4,70%,3,-50%,150%,3
"Ariamaki, God of Balance",Land of Breath and Balance,62,,1.25,645,-,-,3,6.5,-,-,-,5,5,-,3,8,-,-,-,-,3,,5,-100%,150%,2,2,100%,X,X,30%,30%,4,80%,3,-50%,150%,3
"Ariamaki, God of Balance",Land of Breath and Balance,63,,1.25,645,-,-,3,6.5,-,-,-,5,5,-,3,8,-,-,-,-,3,,5,-100%,150%,2,2,100%,X,X,35%,30%,4,80%,3,-50%,150%,3
"Ariamaki, God of Balance",Land of Breath and Balance,64,,1.25,645,-,-,3,6.5,-,-,-,5,5,-,3,8,-,-,-,-,3,,5,-100%,150%,2,2,100%,X,X,35%,40%,4,80%,3,-50%,150%,3
"Ariamaki, God of Balance",Land of Breath and Balance,65,,1.25,645,-,-,3,6.5,-,-,-,5,5,-,3,8,-,-,-,-,3,,5,-100%,150%,2,2,100%,X,X,35%,40%,4,80%,3,-50%,200%,3
"Ariamaki, God of Balance",Land of Breath and Balance,66,,1.25,645,-,-,3,6.5,-,-,-,5,5,-,3,8,-,-,-,-,3,,5,-100%,150%,2,2,100%,X,X,35%,40%,4,80%,3,-100%,200%,3
"Ariamaki, God of Balance",Land of Breath and Balance,67,,1.25,645,-,-,3,6.5,-,-,-,5,5,-,3,8,-,-,-,-,3,,5,-100%,150%,2,2,100%,X,X,35%,40%,4,90%,3,-100%,200%,3
"Ariamaki, God of Balance",Land of Breath and Balance,68,,1.25,645,-,-,3,6.5,-,-,-,5,5,-,3,8,-,-,-,-,3,,5,-100%,150%,2,2,100%,X,X,35%,50%,4,90%,3,-100%,200%,3
"Ariamaki, God of Balance",Land of Breath and Balance,69,,1.25,645,-,-,3,6.5,-,-,-,5,5,-,3,8,-,-,-,-,3,,5,-100%,150%,2,2,100%,X,X,40%,50%,4,90%,3,-100%,200%,3
"Ariamaki, God of Balance",Land of Breath and Balance,70,,1.25,645,-,-,3,8,-,-,-,5,5,-,3,8,-,-,-,-,3,,5,-100%,150%,2,2,1,X,X,40%,50%,4,90%,3,-100%,200%,3
"Ariamaki, God of Balance",Land of Breath and Balance,71,,1.25,645,-,-,3,8,-,-,-,5,5,-,3,8,-,-,-,-,3,,5,-100%,150%,2,2,100%,X,X,40%,50%,4,100%,3,-100%,200%,3
"Ariamaki, God of Balance",Land of Breath and Balance,72,,1.25,645,-,-,3,8,-,-,-,5,5,-,3,8,-,-,-,-,3,,5,-100%,150%,2,2,100%,X,X,40%,60%,4,100%,3,-100%,200%,3
"Ariamaki, God of Balance",Land of Breath and Balance,73,,1.25,645,-,-,3,8,-,-,-,5,5,-,3,8,-,-,-,-,3,,5,-100%,150%,2,2,100%,X,X,45%,60%,4,100%,3,-100%,200%,3
"Ariamaki, God of Balance",Land of Breath and Balance,74,,1.25,645,-,-,3,8,-,-,-,5,5,-,3,8,-,-,-,-,3,,5,-100%,150%,2,2,100%,X,X,45%,70%,4,100%,3,-100%,200%,3
"Ariamaki, God of Balance",Land of Breath and Balance,75,,1.25,645,-,-,3,8,-,-,-,5,5,-,3,8,-,-,-,-,3,,5,-100%,150%,2,2,100%,X,X,45%,80%,4,100%,3,-100%,200%,3
"Ariamaki, God of Balance",Land of Breath and Balance,76,,1.25,645,-,-,3,8,-,-,-,5,5,-,3,8,-,-,-,-,3,,5,-100%,200%,2,2,100%,X,X,45%,80%,4,100%,3,-100%,200%,3
"Ariamaki, God of Balance",Land of Breath and Balance,77,,1.25,645,-,-,3,8,-,-,-,5,5,-,3,8,-,-,-,-,3,,5,-100%,200%,2,2,100%,X,X,45%,90%,4,100%,3,-100%,200%,3
"Ariamaki, God of Balance",Land of Breath and Balance,78,,1.25,645,-,-,3,8,-,-,-,5,5,-,3,8,-,-,-,-,3,,5,-100%,200%,2,2,100%,X,X,45%,90%,4,110%,3,-100%,200%,3
"Ariamaki, God of Balance",Land of Breath and Balance,79,,1.25,645,-,-,3,8,-,-,-,5,5,-,3,8,-,-,-,-,3,,5,-100%,200%,2,2,100%,X,X,50%,90%,4,110%,3,-100%,200%,3
"Ariamaki, God of Balance",Land of Breath and Balance,80,,1.25,645,-,-,4.5,8,-,-,-,5,5,-,3,8,-,-,-,-,3,,5,-100%,200%,2,2,1,X,X,50%,90%,4,110%,3,-100%,200%,3
"Ariamaki, God of Balance",Land of Breath and Balance,81,,1.25,645,-,-,4.5,8,-,-,-,5,5,-,3,8,-,-,-,-,3,,5,-100%,200%,2,2,100%,X,X,50%,100%,4,110%,3,-100%,200%,3
"Ariamaki, God of Balance",Land of Breath and Balance,82,,1.25,645,-,-,4.5,8,-,-,-,5,5,-,3,8,-,-,-,-,3,,5,-100%,200%,2,2,100%,X,X,50%,100%,4,120%,3,-100%,200%,3
"Ariamaki, God of Balance",Land of Breath and Balance,83,,1.25,645,-,-,4.5,8,-,-,-,5,5,-,3,8,-,-,-,-,3,,5,-100%,200%,2,2,100%,X,X,50%,110%,4,120%,3,-100%,200%,3
"Ariamaki, God of Balance",Land of Breath and Balance,84,,1.25,645,-,-,4.5,8,-,-,-,5,5,-,3,8,-,-,-,-,3,,5,-100%,200%,2,2,100%,X,X,55%,110%,4,120%,3,-100%,200%,3
"Ariamaki, God of Balance",Land of Breath and Balance,85,,1.25,645,-,-,4.5,8,-,-,-,5,5,-,3,8,-,-,-,-,3,,5,-100%,200%,2,2,100%,X,X,55%,110%,4,120%,3,-100%,250%,3
"Ariamaki, God of Balance",Land of Breath and Balance,86,,1.25,645,-,-,4.5,8,-,-,-,5,5,-,3,8,-,-,-,-,3,,5,-100%,200%,2,2,100%,X,X,60%,110%,4,120%,3,-100%,250%,3
"Ariamaki, God of Balance",Land of Breath and Balance,87,,1.25,645,-,-,4.5,8,-,-,-,5,5,-,3,8,-,-,-,-,3,,5,-100%,200%,2,2,100%,X,X,60%,110%,4,130%,3,-100%,250%,3
"Ariamaki, God of Balance",Land of Breath and Balance,88,,1.25,645,-,-,4.5,8,-,-,-,5,5,-,3,8,-,-,-,-,3,,5,-100%,200%,2,2,100%,X,X,65%,110%,4,130%,3,-100%,250%,3
"Ariamaki, God of Balance",Land of Breath and Balance,89,,1.25,645,-,-,4.5,8,-,-,-,5,5,-,3,8,-,-,-,-,3,,5,-100%,200%,2,2,100%,X,X,65%,120%,4,130%,3,-100%,250%,3
"Ariamaki, God of Balance",Land of Breath and Balance,90,,1.25,645,-,-,4.5,9.5,-,-,-,5,5,-,3,8,-,-,-,-,3,,5,-100%,200%,2,2,1,X,X,65%,120%,4,130%,3,-100%,250%,3
"Ariamaki, God of Balance",Land of Breath and Balance,91,,1.25,645,-,-,4.5,9.5,-,-,-,5,5,-,3,8,-,-,-,-,3,,5,-100%,200%,2,2,100%,X,X,65%,130%,4,130%,3,-100%,250%,3
"Ariamaki, God of Balance",Land of Breath and Balance,92,,1.25,645,-,-,4.5,9.5,-,-,-,5,5,-,3,8,-,-,-,-,3,,5,-100%,200%,2,2,100%,X,X,65%,130%,4,140%,3,-100%,250%,3
"Ariamaki, God of Balance",Land of Breath and Balance,93,,1.25,645,-,-,4.5,9.5,-,-,-,5,5,-,3,8,-,-,-,-,3,,5,-100%,200%,2,2,100%,X,X,70%,130%,4,140%,3,-100%,250%,3
"Ariamaki, God of Balance",Land of Breath and Balance,94,,1.25,645,-,-,4.5,9.5,-,-,-,5,5,-,3,8,-,-,-,-,3,,5,-100%,250%,2,2,100%,X,X,70%,130%,4,140%,3,-100%,250%,3
"Ariamaki, God of Balance",Land of Breath and Balance,95,,1.25,645,-,-,4.5,9.5,-,-,-,5,5,-,3,8,-,-,-,-,3,,5,-100%,250%,2,2,100%,X,X,70%,140%,4,140%,3,-100%,250%,3
"Ariamaki, God of Balance",Land of Breath and Balance,96,,1.25,645,-,-,4.5,9.5,-,-,-,5,5,-,3,8,-,-,-,-,3,,5,-100%,250%,2,2,100%,X,X,70%,140%,4,150%,3,-100%,250%,3
"Ariamaki, God of Balance",Land of Breath and Balance,97,,1.25,645,-,-,4.5,9.5,-,-,-,5,5,-,3,8,-,-,-,-,3,,5,-100%,250%,2,2,100%,X,X,75%,140%,4,150%,3,-100%,250%,3
"Ariamaki, God of Balance",Land of Breath and Balance,98,,1.25,645,-,-,4.5,9.5,-,-,-,5,5,-,3,8,-,-,-,-,3,,5,-100%,250%,2,2,100%,X,X,75%,150%,4,150%,3,-100%,250%,3
"Ariamaki, God of Balance",Land of Breath and Balance,99,,1.25,645,-,-,4.5,9.5,-,-,-,5,5,-,3,8,-,-,-,-,3,,5,-100%,250%,2,2,100%,X,X,80%,150%,4,150%,3,-100%,250%,3
"Ariamaki, God of Balance",Land of Breath and Balance,100,,1.25,645,-,-,4.5,9.5,-,-,-,5,5,-,3,16,-,-,-,-,3,,5,-100%,250%,2,2,1,X,X,80%,150%,4,150%,3,-100%,250%,3
"Aurum, God of Avarice",Temple of Lies,0,,-,450,-,-,-,7,-,-,-,3,-,-,-,-,-,-,-,-,-,,-,-,-,-,-,-,-,-,-,-,-,-,-,-,-,-
"Aurum, God of Avarice",Temple of Lies,1,,-,450,-,-,-,8.5,-,-,-,3,-,-,-,-,-,-,-,-,-,,-,-,-,-,-,-,-,-,-,-,-,-,-,-,-,-
"Aurum, God of Avarice",Temple of Lies,2,,-,450,-,-,-,8.5,-,-,-,3,-,-,-,-,-,-,-,-,-,,-,-,-,-,-,-,-,-,5%,-,-,-,-,-,-,-
"Aurum, God of Avarice",Temple of Lies,3,,-,450,-,-,-,8.5,-,-,-,5,-,-,-,-,-,-,-,-,-,,-,-,-,-,-,-,-,-,5%,-,-,-,-,-,-,-
"Aurum, God of Avarice",Temple of Lies,4,,-,450,-,-,-,8.5,-,-,-,5,-,-,-,-,-,-,-,-,-,,-,-,-,-,-,-,-,-,5%,-,-,10%,-,-,-,-
"Aurum, God of Avarice",Temple of Lies,5,,-,500,-,-,-,8.5,-,-,-,5,-,-,-,-,-,-,-,-,-,,-,-,-,-,-,-,-,-,5%,-,-,10%,-,-,-,-
"Aurum, God of Avarice",Temple of Lies,6,,-,500,-,-,-,8.5,-,-,-,5,-,-,-,-,-,-,-,-,-,,-,-,-,-,-,-,-,-,5%,-,-,10%,-,-,50%,-
"Aurum, God of Avarice",Temple of Lies,7,,-,550,-,-,-,8.5,-,-,-,5,-,-,-,-,-,-,-,-,-,,-,-,-,-,-,-,-,-,5%,-,-,10%,-,-,50%,-
"Aurum, God of Avarice",Temple of Lies,8,,-,550,-,-,-,8.5,-,-,-,5,-,-,-,-,-,-,-,-,-,,-,-,-,-,-,-,-,-,5%,-,-,10%,-,-,50%,1
"Aurum, God of Avarice",Temple of Lies,9,,-,550,-,-,-,8.5,-,-,-,5,-,-,-,-,-,-,-,-,-,,-,-,-,-,-,-,-,X,5%,-,-,10%,-,-,50%,1
"Aurum, God of Avarice",Temple of Lies,10,,0.7,550,-,-,-,8.5,-,-,-,5,-,-,-,-,-,-,-,-,-,,-,-,-,-,-,-,-,X,5%,-,-,10%,-,-,50%,1
"Aurum, God of Avarice",Temple of Lies,11,,0.7,550,-,-,-,8.5,-,-,-,5,-,-,-,-,-,-,-,-,-,,-,-,-,1,-,-,-,X,5%,-,-,10%,-,-,50%,1
"Aurum, God of Avarice",Temple of Lies,12,,0.7,550,-,-,-,8.5,-,-,-,5,-,-,-,-,-,-,-,-,-,,-,-,50%,1,-,-,-,X,5%,-,-,10%,-,-,50%,1
"Aurum, God of Avarice",Temple of Lies,13,,0.7,550,-,-,-,8.5,-,-,-,5,-,-,-,-,-,-,-,-,-,,-,-,50%,1,-,-,-,X,5%,-,-,10%,1,-,50%,1
"Aurum, God of Avarice",Temple of Lies,14,,0.7,550,-,-,-,8.5,-,-,-,5,-,-,-,-,-,-,-,-,-,,-,-,50%,1,-,-,-,X,5%,-,1,10%,1,-,50%,1
"Aurum, God of Avarice",Temple of Lies,15,,0.7,650,-,-,-,8.5,-,-,-,5,-,-,-,-,-,-,-,-,-,,-,-,50%,1,-,-,-,X,5%,-,1,10%,1,-,50%,1
"Aurum, God of Avarice",Temple of Lies,16,,0.7,650,-,-,-,8.5,-,-,-,5,-,-,-,-,-,-,-,-,-,,-,-,50%,1,-,-,X,X,5%,-,1,10%,1,-,50%,1
"Aurum, God of Avarice",Temple of Lies,17,,0.7,650,-,-,-,8.5,-,-,-,5,-,-,-,-,-,-,-,-,-,,1,-,50%,1,-,-,X,X,5%,-,1,10%,1,-,50%,1
"Aurum, God of Avarice",Temple of Lies,18,,0.7,650,-,-,-,8.5,-,-,-,5,-,-,-,-,-,-,-,-,-,,1,-,50%,1,-,-,X,X,5%,-,1,20%,1,-,50%,1
"Aurum, God of Avarice",Temple of Lies,19,,0.7,650,-,-,-,8.5,-,-,-,5,-,-,-,-,-,-,-,-,-,,1,-,50%,1,-,-,X,X,10%,-,1,20%,1,-,50%,1
"Aurum, God of Avarice",Temple of Lies,20,,0.7,650,-,-,-,8.5,-,-,-,5,-,-,-,-,-,-,-,1,-,,1,-,50%,1,-,-,X,X,10%,-,1,20%,1,-,50%,1
"Aurum, God of Avarice",Temple of Lies,21,,0.7,650,-,-,-,8.5,-,-,-,5,-,-,-,-,-,-,-,1,-,,1,-,50%,1,-,-,X,X,10%,-,1,20%,1,-,100%,1
"Aurum, God of Avarice",Temple of Lies,22,,0.7,650,-,-,-,8.5,-,-,-,5,-,-,-,-,-,-,-,1,-,,1,-,50%,1,-,-,X,X,10%,-,1,20%,2,-,100%,1
"Aurum, God of Avarice",Temple of Lies,23,,0.7,650,-,-,-,8.5,-,-,-,5,-,-,-,-,-,-,-,1,-,,1,-,50%,1,-,-,X,X,10%,-,2,20%,2,-,100%,1
"Aurum, God of Avarice",Temple of Lies,24,,0.7,650,-,-,-,8.5,-,-,-,5,-,-,-,-,-,-,-,1,-,,1,-,50%,2,-,-,X,X,10%,-,2,20%,2,-,100%,1
"Aurum, God of Avarice",Temple of Lies,25,,1.45,650,-,-,-,8.5,-,-,-,5,-,-,-,-,-,-,-,1,-,,1,-,50%,2,-,-,X,X,10%,-,2,20%,2,-,100%,1
"Aurum, God of Avarice",Temple of Lies,26,,1.45,650,-,-,-,8.5,-,-,-,5,-,-,-,-,-,-,-,1,-,,1,-50%,50%,2,-,-,X,X,10%,-,2,20%,2,-,100%,1
"Aurum, God of Avarice",Temple of Lies,27,,1.45,650,-,-,-,8.5,-,-,-,5,-,-,-,-,-,-,-,1,-,,1,-50%,100%,2,-,-,X,X,10%,-,2,20%,2,-,100%,1
"Aurum, God of Avarice",Temple of Lies,28,,1.45,650,-,-,-,8.5,-,-,-,5,-,-,-,-,-,-,-,1,-,,1,-50%,100%,2,-,-,X,X,10%,-,2,20%,3,-,100%,1
"Aurum, God of Avarice",Temple of Lies,29,,1.45,650,-,-,-,8.5,-,-,-,5,-,-,-,-,-,-,-,1,-,,1,-50%,100%,2,-,-,X,X,15%,-,2,20%,3,-,100%,1
"Aurum, God of Avarice",Temple of Lies,30,,1.45,650,-,-,-,10.5,-,-,-,5,-,-,-,-,-,-,-,1,-,,1,-50%,100%,2,-,-,X,X,15%,-,2,20%,3,-,100%,1
"Aurum, God of Avarice",Temple of Lies,31,,1.45,650,-,-,-,10.5,-,-,-,5,-,-,-,-,-,-,-,1,-,,1,-50%,100%,2,-,-,X,X,15%,-,2,20%,3,-,100%,2
"Aurum, God of Avarice",Temple of Lies,32,,1.45,650,-,-,-,10.5,-,-,-,5,-,-,-,-,-,-,-,1,-,,1,-50%,100%,2,-,-,X,X,15%,-,2,20%,3,-50%,100%,2
"Aurum, God of Avarice",Temple of Lies,33,,1.45,650,-,-,-,10.5,-,-,-,5,-,-,-,-,-,-,-,1,-,,1,-50%,100%,2,1,-,X,X,15%,-,2,20%,3,-50%,100%,2
"Aurum, God of Avarice",Temple of Lies,34,,1.45,650,-,-,-,10.5,-,-,-,5,-,-,-,-,-,-,-,1,-,,1,-50%,100%,2,1,-,X,X,15%,-,3,20%,3,-50%,100%,2
"Aurum, God of Avarice",Temple of Lies,35,,2.15,650,-,-,-,10.5,-,-,-,5,-,-,-,-,-,-,-,1,-,,1,-50%,100%,2,1,-,X,X,15%,-,3,20%,3,-50%,100%,2
"Aurum, God of Avarice",Temple of Lies,36,,2.15,650,-,-,-,10.5,-,-,-,5,-,-,-,-,-,-,-,1,-,,2,-50%,100%,2,1,-,X,X,15%,-,3,20%,3,-50%,100%,2
"Aurum, God of Avarice",Temple of Lies,37,,2.15,650,-,-,-,10.5,-,-,-,5,-,-,-,-,-,-,-,1,-,,2,-50%,100%,2,1,-,X,X,15%,-,3,30%,3,-50%,100%,2
"Aurum, God of Avarice",Temple of Lies,38,,2.15,650,-,-,-,10.5,-,-,-,5,-,-,-,-,-,-,-,1,-,,2,-50%,100%,2,1,-,X,X,15%,-,3,30%,3,-50%,150%,2
"Aurum, God of Avarice",Temple of Lies,39,,2.15,650,-,-,-,10.5,-,-,-,5,-,-,-,-,-,-,-,1,-,,2,-50%,100%,2,1,-,X,X,15%,-,4,30%,3,-50%,150%,2
"Aurum, God of Avarice",Temple of Lies,40,,2.15,675,-,-,-,10.5,-,-,-,5,-,-,-,-,-,-,-,1,-,,2,-50%,100%,2,1,-,X,X,15%,-,4,30%,3,-50%,150%,2
"Aurum, God of Avarice",Temple of Lies,41,,2.15,675,-,-,-,10.5,-,-,-,5,-,-,-,-,-,-,-,1,-,,3,-50%,100%,2,1,-,X,X,15%,-,4,30%,3,-50%,150%,2
"Aurum, God of Avarice",Temple of Lies,42,,2.15,675,-,-,-,10.5,-,-,-,5,-,-,-,-,-,-,-,1,-,,3,-50%,100%,2,1,100%,X,X,15%,-,4,30%,3,-50%,150%,2
"Aurum, God of Avarice",Temple of Lies,43,,2.15,675,-,-,-,10.5,-,-,-,5,-,-,-,-,-,-,-,1,-,,3,-50%,100%,2,1,100%,X,X,15%,-,4,40%,3,-50%,150%,2
"Aurum, God of Avarice",Temple of Lies,44,,2.15,675,-,-,-,10.5,-,-,-,5,-,-,-,-,-,-,-,1,-,,3,-50%,100%,2,1,100%,X,X,20%,-,4,40%,3,-50%,150%,2
"Aurum, God of Avarice",Temple of Lies,45,,2.15,675,-,-,-,10.5,-,-,-,5,-,-,-,-,-,-,8,1,-,,3,-50%,100%,2,1,1,X,X,20%,-,4,40%,3,-50%,150%,2
"Aurum, God of Avarice",Temple of Lies,46,,2.15,675,-,-,-,10.5,-,-,-,5,-,-,-,-,-,-,8,1,-,,3,-50%,100%,2,1,100%,X,X,20%,10%,4,40%,3,-50%,150%,2
"Aurum, God of Avarice",Temple of Lies,47,,2.15,675,-,-,-,10.5,-,-,-,5,-,-,-,-,-,-,8,1,-,,3,-50%,150%,2,1,100%,X,X,20%,10%,4,40%,3,-50%,150%,2
"Aurum, God of Avarice",Temple of Lies,48,,2.15,675,-,-,-,10.5,-,-,-,5,-,-,-,-,-,-,8,1,-,,4,-50%,150%,2,1,100%,X,X,20%,10%,4,40%,3,-50%,150%,2
"Aurum, God of Avarice",Temple of Lies,49,,2.15,675,-,-,-,10.5,-,-,-,5,-,-,-,-,-,-,8,1,-,,4,-50%,150%,2,1,100%,X,X,20%,10%,4,50%,3,-50%,150%,2
"Aurum, God of Avarice",Temple of Lies,50,,2.15,675,-,-,-,15,-,-,-,5,-,-,-,-,-,-,8,2,-,,4,-50%,150%,2,1,1,X,X,20%,10%,4,50%,3,-50%,150%,2
"Aurum, God of Avarice",Temple of Lies,51,,2.15,675,-,-,-,15,-,-,-,5,-,-,-,-,-,-,8,2,-,,4,-50%,150%,2,1,100%,X,X,25%,10%,4,50%,3,-50%,150%,2
"Aurum, God of Avarice",Temple of Lies,52,,2.15,675,-,-,-,15,-,-,-,5,-,-,-,-,-,-,8,2,-,,4,-50%,150%,2,2,100%,X,X,25%,10%,4,50%,3,-50%,150%,2
"Aurum, God of Avarice",Temple of Lies,53,,2.15,675,-,-,-,15,-,-,-,5,-,-,-,-,-,-,8,2,-,,4,-50%,150%,2,2,100%,X,X,25%,20%,4,50%,3,-50%,150%,2
"Aurum, God of Avarice",Temple of Lies,54,,2.15,675,-,-,-,15,-,-,-,5,-,-,-,-,-,-,8,2,-,,4,-50%,150%,2,2,100%,X,X,25%,20%,4,60%,3,-50%,150%,2
"Aurum, God of Avarice",Temple of Lies,55,,2.15,675,-,-,-,15,-,-,-,5,-,-,-,-,-,-,8,2,-,,4,-50%,150%,2,2,100%,X,X,25%,20%,4,60%,3,-50%,150%,3
"Aurum, God of Avarice",Temple of Lies,56,,2.15,675,-,-,-,15,-,-,-,5,-,-,-,-,-,-,8,2,-,,4,-100%,150%,2,2,100%,X,X,25%,20%,4,60%,3,-50%,150%,3
"Aurum, God of Avarice",Temple of Lies,57,,2.15,675,-,-,-,15,-,-,-,5,-,-,-,-,-,-,8,2,-,,5,-100%,150%,2,2,100%,X,X,25%,20%,4,60%,3,-50%,150%,3
"Aurum, God of Avarice",Temple of Lies,58,,2.15,675,-,-,-,15,-,-,-,5,-,-,-,-,-,-,8,2,-,,5,-100%,150%,2,2,100%,X,X,25%,20%,4,70%,3,-50%,150%,3
"Aurum, God of Avarice",Temple of Lies,59,,2.15,675,-,-,-,15,-,-,-,5,-,-,-,-,-,-,8,2,-,,5,-100%,150%,2,2,100%,X,X,30%,20%,4,70%,3,-50%,150%,3
"Aurum, God of Avarice",Temple of Lies,60,,2.15,675,-,-,-,15,-,-,-,5,-,-,-,-,-,3,8,2,-,,5,-100%,150%,2,2,1,X,X,30%,20%,4,70%,3,-50%,150%,3
"Aurum, God of Avarice",Temple of Lies,61,,2.15,675,-,-,-,15,-,-,-,5,-,-,-,-,-,3,8,2,-,,5,-100%,150%,2,2,100%,X,X,30%,30%,4,70%,3,-50%,150%,3
"Aurum, God of Avarice",Temple of Lies,62,,2.15,675,-,-,-,15,-,-,-,5,-,-,-,-,-,3,8,2,-,,5,-100%,150%,2,2,100%,X,X,30%,30%,4,80%,3,-50%,150%,3
"Aurum, God of Avarice",Temple of Lies,63,,2.15,675,-,-,-,15,-,-,-,5,-,-,-,-,-,3,8,2,-,,5,-100%,150%,2,2,100%,X,X,35%,30%,4,80%,3,-50%,150%,3
"Aurum, God of Avarice",Temple of Lies,64,,2.15,675,-,-,-,15,-,-,-,5,-,-,-,-,-,3,8,2,-,,5,-100%,150%,2,2,100%,X,X,35%,40%,4,80%,3,-50%,150%,3
"Aurum, God of Avarice",Temple of Lies,65,,2.15,675,-,-,-,15,-,-,-,5,-,-,-,-,-,3,8,2,-,,5,-100%,150%,2,2,100%,X,X,35%,40%,4,80%,3,-50%,200%,3
"Aurum, God of Avarice",Temple of Lies,66,,2.15,675,-,-,-,15,-,-,-,5,-,-,-,-,-,3,8,2,-,,5,-100%,150%,2,2,100%,X,X,35%,40%,4,80%,3,-100%,200%,3
"Aurum, God of Avarice",Temple of Lies,67,,2.15,675,-,-,-,15,-,-,-,5,-,-,-,-,-,3,8,2,-,,5,-100%,150%,2,2,100%,X,X,35%,40%,4,90%,3,-100%,200%,3
"Aurum, God of Avarice",Temple of Lies,68,,2.15,675,-,-,-,15,-,-,-,5,-,-,-,-,-,3,8,2,-,,5,-100%,150%,2,2,100%,X,X,35%,50%,4,90%,3,-100%,200%,3
"Aurum, God of Avarice",Temple of Lies,69,,2.15,675,-,-,-,15,-,-,-,5,-,-,-,-,-,3,8,2,-,,5,-100%,150%,2,2,100%,X,X,40%,50%,4,90%,3,-100%,200%,3
"Aurum, God of Avarice",Temple of Lies,70,,2.15,675,-,-,-,15,-,-,-,5,-,-,-,2,-,3,8,2,-,,5,-100%,150%,2,2,1,X,X,40%,50%,4,90%,3,-100%,200%,3
"Aurum, God of Avarice",Temple of Lies,71,,2.15,675,-,-,-,15,-,-,-,5,-,-,-,2,-,3,8,2,-,,5,-100%,150%,2,2,100%,X,X,40%,50%,4,100%,3,-100%,200%,3
"Aurum, God of Avarice",Temple of Lies,72,,2.15,675,-,-,-,15,-,-,-,5,-,-,-,2,-,3,8,2,-,,5,-100%,150%,2,2,100%,X,X,40%,60%,4,100%,3,-100%,200%,3
"Aurum, God of Avarice",Temple of Lies,73,,2.15,675,-,-,-,15,-,-,-,5,-,-,-,2,-,3,8,2,-,,5,-100%,150%,2,2,100%,X,X,45%,60%,4,100%,3,-100%,200%,3
"Aurum, God of Avarice",Temple of Lies,74,,2.15,675,-,-,-,15,-,-,-,5,-,-,-,2,-,3,8,2,-,,5,-100%,150%,2,2,100%,X,X,45%,70%,4,100%,3,-100%,200%,3
"Aurum, God of Avarice",Temple of Lies,75,,2.15,675,-,-,-,15,-,-,-,5,-,-,-,2,-,3,8,2,-,,5,-100%,150%,2,2,100%,X,X,45%,80%,4,100%,3,-100%,200%,3
"Aurum, God of Avarice",Temple of Lies,76,,2.15,675,-,-,-,15,-,-,-,5,-,-,-,2,-,3,8,2,-,,5,-100%,200%,2,2,100%,X,X,45%,80%,4,100%,3,-100%,200%,3
"Aurum, God of Avarice",Temple of Lies,77,,2.15,675,-,-,-,15,-,-,-,5,-,-,-,2,-,3,8,2,-,,5,-100%,200%,2,2,100%,X,X,45%,90%,4,100%,3,-100%,200%,3
"Aurum, God of Avarice",Temple of Lies,78,,2.15,675,-,-,-,15,-,-,-,5,-,-,-,2,-,3,8,2,-,,5,-100%,200%,2,2,100%,X,X,45%,90%,4,110%,3,-100%,200%,3
"Aurum, God of Avarice",Temple of Lies,79,,2.15,675,-,-,-,15,-,-,-,5,-,-,-,2,-,3,8,2,-,,5,-100%,200%,2,2,100%,X,X,50%,90%,4,110%,3,-100%,200%,3
"Aurum, God of Avarice",Temple of Lies,80,,2.15,675,-,-,-,17,-,-,-,5,-,-,-,2,-,3,8,2,-,,5,-100%,200%,2,2,1,X,X,50%,90%,4,110%,3,-100%,200%,3
"Aurum, God of Avarice",Temple of Lies,81,,2.15,675,-,-,-,17,-,-,-,5,-,-,-,2,-,3,8,2,-,,5,-100%,200%,2,2,100%,X,X,50%,100%,4,110%,3,-100%,200%,3
"Aurum, God of Avarice",Temple of Lies,82,,2.15,675,-,-,-,17,-,-,-,5,-,-,-,2,-,3,8,2,-,,5,-100%,200%,2,2,100%,X,X,50%,100%,4,120%,3,-100%,200%,3
"Aurum, God of Avarice",Temple of Lies,83,,2.15,675,-,-,-,17,-,-,-,5,-,-,-,2,-,3,8,2,-,,5,-100%,200%,2,2,100%,X,X,50%,110%,4,120%,3,-100%,200%,3
"Aurum, God of Avarice",Temple of Lies,84,,2.15,675,-,-,-,17,-,-,-,5,-,-,-,2,-,3,8,2,-,,5,-100%,200%,2,2,100%,X,X,55%,110%,4,120%,3,-100%,200%,3
"Aurum, God of Avarice",Temple of Lies,85,,2.15,675,-,-,-,17,-,-,-,5,-,-,-,2,-,3,8,2,-,,5,-100%,200%,2,2,100%,X,X,55%,110%,4,120%,3,-100%,250%,3
"Aurum, God of Avarice",Temple of Lies,86,,2.15,675,-,-,-,17,-,-,-,5,-,-,-,2,-,3,8,2,-,,5,-100%,200%,2,2,100%,X,X,60%,110%,4,120%,3,-100%,250%,3
"Aurum, God of Avarice",Temple of Lies,87,,2.15,675,-,-,-,17,-,-,-,5,-,-,-,2,-,3,8,2,-,,5,-100%,200%,2,2,100%,X,X,60%,110%,4,130%,3,-100%,250%,3
"Aurum, God of Avarice",Temple of Lies,88,,2.15,675,-,-,-,17,-,-,-,5,-,-,-,2,-,3,8,2,-,,5,-100%,200%,2,2,100%,X,X,65%,110%,4,130%,3,-100%,250%,3
"Aurum, God of Avarice",Temple of Lies,89,,2.15,675,-,-,-,17,-,-,-,5,-,-,-,2,-,3,8,2,-,,5,-100%,200%,2,2,100%,X,X,65%,120%,4,130%,3,-100%,250%,3
"Aurum, God of Avarice",Temple of Lies,90,,2.15,675,-,-,-,19,-,-,-,5,-,-,-,2,-,3,8,2,-,,5,-100%,200%,2,2,1,X,X,65%,120%,4,130%,3,-100%,250%,3
"Aurum, God of Avarice",Temple of Lies,91,,2.15,675,-,-,-,19,-,-,-,5,-,-,-,2,-,3,8,2,-,,5,-100%,200%,2,2,100%,X,X,65%,130%,4,130%,3,-100%,250%,3
"Aurum, God of Avarice",Temple of Lies,92,,2.15,675,-,-,-,19,-,-,-,5,-,-,-,2,-,3,8,2,-,,5,-100%,200%,2,2,100%,X,X,65%,130%,4,140%,3,-100%,250%,3
"Aurum, God of Avarice",Temple of Lies,93,,2.15,675,-,-,-,19,-,-,-,5,-,-,-,2,-,3,8,2,-,,5,-100%,200%,2,2,100%,X,X,70%,130%,4,140%,3,-100%,250%,3
"Aurum, God of Avarice",Temple of Lies,94,,2.15,675,-,-,-,19,-,-,-,5,-,-,-,2,-,3,8,2,-,,5,-100%,250%,2,2,100%,X,X,70%,130%,4,140%,3,-100%,250%,3
"Aurum, God of Avarice",Temple of Lies,95,,2.15,675,-,-,-,19,-,-,-,5,-,-,-,2,-,3,8,2,-,,5,-100%,250%,2,2,100%,X,X,70%,140%,4,140%,3,-100%,250%,3
"Aurum, God of Avarice",Temple of Lies,96,,2.15,675,-,-,-,19,-,-,-,5,-,-,-,2,-,3,8,2,-,,5,-100%,250%,2,2,100%,X,X,70%,140%,4,150%,3,-100%,250%,3
"Aurum, God of Avarice",Temple of Lies,97,,2.15,675,-,-,-,19,-,-,-,5,-,-,-,2,-,3,8,2,-,,5,-100%,250%,2,2,100%,X,X,75%,140%,4,150%,3,-100%,250%,3
"Aurum, God of Avarice",Temple of Lies,98,,2.15,675,-,-,-,19,-,-,-,5,-,-,-,2,-,3,8,2,-,,5,-100%,250%,2,2,100%,X,X,75%,150%,4,150%,3,-100%,250%,3
"Aurum, God of Avarice",Temple of Lies,99,,2.15,675,-,-,-,19,-,-,-,5,-,-,-,2,-,3,8,2,-,,5,-100%,250%,2,2,100%,X,X,80%,150%,4,150%,3,-100%,250%,3
"Aurum, God of Avarice",Temple of Lies,100,,2.15,675,-,-,-,19,-,-,-,5,-,-,-,2,-,3,16,2,-,,5,-100%,250%,2,2,1,X,X,80%,150%,4,150%,3,-100%,250%,3
"Azural, God of Frost",Frostbite Cavern,0,,-,400,-,-,-,8,-,-,-,3,-,-,-,-,-,-,-,-,-,,-,-,-,-,-,-,-,-,-,-,-,-,-,-,-,-
"Azural, God of Frost",Frostbite Cavern,1,,-,400,-,-,-,10.5,-,-,-,3,-,-,-,-,-,-,-,-,-,,-,-,-,-,-,-,-,-,-,-,-,-,-,-,-,-
"Azural, God of Frost",Frostbite Cavern,2,,-,400,-,-,-,10.5,-,-,-,3,-,-,-,-,-,-,-,-,-,,-,-,-,-,-,-,-,-,5%,-,-,-,-,-,-,-
"Azural, God of Frost",Frostbite Cavern,3,,-,400,-,-,-,10.5,-,-,-,3,-,-,-,3,-,-,-,-,-,,-,-,-,-,-,-,-,-,5%,-,-,-,-,-,-,-
"Azural, God of Frost",Frostbite Cavern,4,,-,400,-,-,-,10.5,-,-,-,3,-,-,-,3,-,-,-,-,-,,-,-,-,-,-,-,-,-,5%,-,-,10%,-,-,-,-
"Azural, God of Frost",Frostbite Cavern,5,,-,400,-,-,-,12,-,-,-,3,-,-,-,3,-,-,-,-,-,,-,-,-,-,-,-,-,-,5%,-,-,10%,-,-,-,-
"Azural, God of Frost",Frostbite Cavern,6,,-,400,-,-,-,12,-,-,-,3,-,-,-,3,-,-,-,-,-,,-,-,-,-,-,-,-,-,5%,-,-,10%,-,-,50%,-
"Azural, God of Frost",Frostbite Cavern,7,,-,450,-,-,-,12,-,-,-,3,-,-,-,3,-,-,-,-,-,,-,-,-,-,-,-,-,-,5%,-,-,10%,-,-,50%,-
"Azural, God of Frost",Frostbite Cavern,8,,-,450,-,-,-,12,-,-,-,3,-,-,-,3,-,-,-,-,-,,-,-,-,-,-,-,-,-,5%,-,-,10%,-,-,50%,1
"Azural, God of Frost",Frostbite Cavern,9,,-,450,-,-,-,12,-,-,-,3,-,-,-,3,-,-,-,-,-,,-,-,-,-,-,-,-,X,5%,-,-,10%,-,-,50%,1
"Azural, God of Frost",Frostbite Cavern,10,,-,450,-,-,-,12,-,-,-,3,2,-,-,3,-,-,-,-,-,,-,-,-,-,-,-,-,X,5%,-,-,10%,-,-,50%,1
"Azural, God of Frost",Frostbite Cavern,11,,-,450,-,-,-,12,-,-,-,3,2,-,-,3,-,-,-,-,-,,-,-,-,1,-,-,-,X,5%,-,-,10%,-,-,50%,1
"Azural, God of Frost",Frostbite Cavern,12,,-,450,-,-,-,12,-,-,-,3,2,-,-,3,-,-,-,-,-,,-,-,50%,1,-,-,-,X,5%,-,-,10%,-,-,50%,1
"Azural, God of Frost",Frostbite Cavern,13,,-,450,-,-,-,12,-,-,-,3,2,-,-,3,-,-,-,-,-,,-,-,50%,1,-,-,-,X,5%,-,-,10%,1,-,50%,1
"Azural, God of Frost",Frostbite Cavern,14,,-,450,-,-,-,12,-,-,-,3,2,-,-,3,-,-,-,-,-,,-,-,50%,1,-,-,-,X,5%,-,1,10%,1,-,50%,1
"Azural, God of Frost",Frostbite Cavern,15,,-,550,-,-,-,12,-,-,-,3,2,-,-,3,-,-,-,-,-,,-,-,50%,1,-,-,-,X,5%,-,1,10%,1,-,50%,1
"Azural, God of Frost",Frostbite Cavern,16,,-,550,-,-,-,12,-,-,-,3,2,-,-,3,-,-,-,-,-,,-,-,50%,1,-,-,X,X,5%,-,1,10%,1,-,50%,1
"Azural, God of Frost",Frostbite Cavern,17,,-,550,-,-,-,12,-,-,-,3,2,-,-,3,-,-,-,-,-,,1,-,50%,1,-,-,X,X,5%,-,1,10%,1,-,50%,1
"Azural, God of Frost",Frostbite Cavern,18,,-,550,-,-,-,12,-,-,-,3,2,-,-,3,-,-,-,-,-,,1,-,50%,1,-,-,X,X,5%,-,1,20%,1,-,50%,1
"Azural, God of Frost",Frostbite Cavern,19,,-,550,-,-,-,12,-,-,-,3,2,-,-,3,-,-,-,-,-,,1,-,50%,1,-,-,X,X,10%,-,1,20%,1,-,50%,1
"Azural, God of Frost",Frostbite Cavern,20,,-,550,-,-,-,12,-,-,-,3,2,-,5,3,-,-,-,-,-,,1,-,50%,1,-,-,X,X,10%,-,1,20%,1,-,50%,1
"Azural, God of Frost",Frostbite Cavern,21,,-,550,-,-,-,12,-,-,-,3,2,-,5,3,-,-,-,-,-,,1,-,50%,1,-,-,X,X,10%,-,1,20%,1,-,100%,1
"Azural, God of Frost",Frostbite Cavern,22,,-,550,-,-,-,12,-,-,-,3,2,-,5,3,-,-,-,-,-,,1,-,50%,1,-,-,X,X,10%,-,1,20%,2,-,100%,1
"Azural, God of Frost",Frostbite Cavern,23,,-,550,-,-,-,12,-,-,-,3,2,-,5,3,-,-,-,-,-,,1,-,50%,1,-,-,X,X,10%,-,2,20%,2,-,100%,1
"Azural, God of Frost",Frostbite Cavern,24,,-,550,-,-,-,12,-,-,-,3,2,-,5,3,-,-,-,-,-,,1,-,50%,2,-,-,X,X,10%,-,2,20%,2,-,100%,1
"Azural, God of Frost",Frostbite Cavern,25,,0.75,550,-,-,-,12,-,-,-,3,2,-,5,3,-,-,-,-,-,,1,-,50%,2,-,-,X,X,10%,-,2,20%,2,-,100%,1
"Azural, God of Frost",Frostbite Cavern,26,,0.75,550,-,-,-,12,-,-,-,3,2,-,5,3,-,-,-,-,-,,1,-50%,50%,2,-,-,X,X,10%,-,2,20%,2,-,100%,1
"Azural, God of Frost",Frostbite Cavern,27,,0.75,550,-,-,-,12,-,-,-,3,2,-,5,3,-,-,-,-,-,,1,-50%,100%,2,-,-,X,X,10%,-,2,20%,2,-,100%,1
"Azural, God of Frost",Frostbite Cavern,28,,0.75,550,-,-,-,12,-,-,-,3,2,-,5,3,-,-,-,-,-,,1,-50%,100%,2,-,-,X,X,10%,-,2,20%,3,-,100%,1
"Azural, God of Frost",Frostbite Cavern,29,,0.75,550,-,-,-,12,-,-,-,3,2,-,5,3,-,-,-,-,-,,1,-50%,100%,2,-,-,X,X,15%,-,2,20%,3,-,100%,1
"Azural, God of Frost",Frostbite Cavern,30,,1.5,550,-,-,-,12,-,-,-,3,2,-,5,3,-,-,-,-,-,,1,-50%,100%,2,-,-,X,X,15%,-,2,20%,3,-,100%,1
"Azural, God of Frost",Frostbite Cavern,31,,1.5,550,-,-,-,12,-,-,-,3,2,-,5,3,-,-,-,-,-,,1,-50%,100%,2,-,-,X,X,15%,-,2,20%,3,-,100%,2
"Azural, God of Frost",Frostbite Cavern,32,,1.5,550,-,-,-,12,-,-,-,3,2,-,5,3,-,-,-,-,-,,1,-50%,100%,2,-,-,X,X,15%,-,2,20%,3,-50%,100%,2
"Azural, God of Frost",Frostbite Cavern,33,,1.5,550,-,-,-,12,-,-,-,3,2,-,5,3,-,-,-,-,-,,1,-50%,100%,2,1,-,X,X,15%,-,2,20%,3,-50%,100%,2
"Azural, God of Frost",Frostbite Cavern,34,,1.5,550,-,-,-,12,-,-,-,3,2,-,5,3,-,-,-,-,-,,1,-50%,100%,2,1,-,X,X,15%,-,3,20%,3,-50%,100%,2
"Azural, God of Frost",Frostbite Cavern,35,,2,550,-,-,-,12,-,-,-,3,2,-,5,3,-,-,-,-,-,,1,-50%,100%,2,1,-,X,X,15%,-,3,20%,3,-50%,100%,2
"Azural, God of Frost",Frostbite Cavern,36,,2,550,-,-,-,12,-,-,-,3,2,-,5,3,-,-,-,-,-,,2,-50%,100%,2,1,-,X,X,15%,-,3,20%,3,-50%,100%,2
"Azural, God of Frost",Frostbite Cavern,37,,2,550,-,-,-,12,-,-,-,3,2,-,5,3,-,-,-,-,-,,2,-50%,100%,2,1,-,X,X,15%,-,3,30%,3,-50%,100%,2
"Azural, God of Frost",Frostbite Cavern,38,,2,550,-,-,-,12,-,-,-,3,2,-,5,3,-,-,-,-,-,,2,-50%,100%,2,1,-,X,X,15%,-,3,30%,3,-50%,150%,2
"Azural, God of Frost",Frostbite Cavern,39,,2,550,-,-,-,12,-,-,-,3,2,-,5,3,-,-,-,-,-,,2,-50%,100%,2,1,-,X,X,15%,-,4,30%,3,-50%,150%,2
"Azural, God of Frost",Frostbite Cavern,40,,2,600,-,-,-,12,-,-,-,3,2,-,5,3,-,-,-,-,-,,2,-50%,100%,2,1,-,X,X,15%,-,4,30%,3,-50%,150%,2
"Azural, God of Frost",Frostbite Cavern,41,,2,600,-,-,-,12,-,-,-,3,2,-,5,3,-,-,-,-,-,,3,-50%,100%,2,1,-,X,X,15%,-,4,30%,3,-50%,150%,2
"Azural, God of Frost",Frostbite Cavern,42,,2,600,-,-,-,12,-,-,-,3,2,-,5,3,-,-,-,-,-,,3,-50%,100%,2,1,100%,X,X,15%,-,4,30%,3,-50%,150%,2
"Azural, God of Frost",Frostbite Cavern,43,,2,600,-,-,-,12,-,-,-,3,2,-,5,3,-,-,-,-,-,,3,-50%,100%,2,1,100%,X,X,15%,-,4,40%,3,-50%,150%,2
"Azural, God of Frost",Frostbite Cavern,44,,2,600,-,-,-,12,-,-,-,3,2,-,5,3,-,-,-,-,-,,3,-50%,100%,2,1,100%,X,X,20%,-,4,40%,3,-50%,150%,2
"Azural, God of Frost",Frostbite Cavern,45,,2,600,-,-,-,12,-,-,-,3,2,-,13,3,-,-,-,-,-,,3,-50%,100%,2,1,1,X,X,20%,-,4,40%,3,-50%,150%,2
"Azural, God of Frost",Frostbite Cavern,46,,2,600,-,-,-,12,-,-,-,3,2,-,13,3,-,-,-,-,-,,3,-50%,100%,2,1,100%,X,X,20%,10%,4,40%,3,-50%,150%,2
"Azural, God of Frost",Frostbite Cavern,47,,2,600,-,-,-,12,-,-,-,3,2,-,13,3,-,-,-,-,-,,3,-50%,150%,2,1,100%,X,X,20%,10%,4,40%,3,-50%,150%,2
"Azural, God of Frost",Frostbite Cavern,48,,2,600,-,-,-,12,-,-,-,3,2,-,13,3,-,-,-,-,-,,4,-50%,150%,2,1,100%,X,X,20%,10%,4,40%,3,-50%,150%,2
"Azural, God of Frost",Frostbite Cavern,49,,2,600,-,-,-,12,-,-,-,3,2,-,13,3,-,-,-,-,-,,4,-50%,150%,2,1,100%,X,X,20%,10%,4,50%,3,-50%,150%,2
"Azural, God of Frost",Frostbite Cavern,50,,2,600,-,-,-,17,-,-,-,3,2,-,13,3,-,-,-,-,-,,4,-50%,150%,2,1,1,X,X,20%,10%,4,50%,3,-50%,150%,2
"Azural, God of Frost",Frostbite Cavern,51,,2,600,-,-,-,17,-,-,-,3,2,-,13,3,-,-,-,-,-,,4,-50%,150%,2,1,100%,X,X,25%,10%,4,50%,3,-50%,150%,2
"Azural, God of Frost",Frostbite Cavern,52,,2,600,-,-,-,17,-,-,-,3,2,-,13,3,-,-,-,-,-,,4,-50%,150%,2,2,100%,X,X,25%,10%,4,50%,3,-50%,150%,2
"Azural, God of Frost",Frostbite Cavern,53,,2,600,-,-,-,17,-,-,-,3,2,-,13,3,-,-,-,-,-,,4,-50%,150%,2,2,100%,X,X,25%,20%,4,50%,3,-50%,150%,2
"Azural, God of Frost",Frostbite Cavern,54,,2,600,-,-,-,17,-,-,-,3,2,-,13,3,-,-,-,-,-,,4,-50%,150%,2,2,100%,X,X,25%,20%,4,60%,3,-50%,150%,2
"Azural, God of Frost",Frostbite Cavern,55,,2,600,-,-,-,17,-,-,-,3,2,-,13,3,-,-,-,-,-,,4,-50%,150%,2,2,100%,X,X,25%,20%,4,60%,3,-50%,150%,3
"Azural, God of Frost",Frostbite Cavern,56,,2,600,-,-,-,17,-,-,-,3,2,-,13,3,-,-,-,-,-,,4,-100%,150%,2,2,100%,X,X,25%,20%,4,60%,3,-50%,150%,3
"Azural, God of Frost",Frostbite Cavern,57,,2,600,-,-,-,17,-,-,-,3,2,-,13,3,-,-,-,-,-,,5,-100%,150%,2,2,100%,X,X,25%,20%,4,60%,3,-50%,150%,3
"Azural, God of Frost",Frostbite Cavern,58,,2,600,-,-,-,17,-,-,-,3,2,-,13,3,-,-,-,-,-,,5,-100%,150%,2,2,100%,X,X,25%,20%,4,70%,3,-50%,150%,3
"Azural, God of Frost",Frostbite Cavern,59,,2,600,-,-,-,17,-,-,-,3,2,-,13,3,-,-,-,-,-,,5,-100%,150%,2,2,100%,X,X,30%,20%,4,70%,3,-50%,150%,3
"Azural, God of Frost",Frostbite Cavern,60,,2,600,-,-,-,20,-,-,-,3,2,-,13,3,-,-,-,-,-,,5,-100%,150%,2,2,1,X,X,30%,20%,4,70%,3,-50%,150%,3
"Azural, God of Frost",Frostbite Cavern,61,,2,600,-,-,-,20,-,-,-,3,2,-,13,3,-,-,-,-,-,,5,-100%,150%,2,2,100%,X,X,30%,30%,4,70%,3,-50%,150%,3
"Azural, God of Frost",Frostbite Cavern,62,,2,600,-,-,-,20,-,-,-,3,2,-,13,3,-,-,-,-,-,,5,-100%,150%,2,2,100%,X,X,30%,30%,4,80%,3,-50%,150%,3
"Azural, God of Frost",Frostbite Cavern,63,,2,600,-,-,-,20,-,-,-,3,2,-,13,3,-,-,-,-,-,,5,-100%,150%,2,2,100%,X,X,35%,30%,4,80%,3,-50%,150%,3
"Azural, God of Frost",Frostbite Cavern,64,,2,600,-,-,-,20,-,-,-,3,2,-,13,3,-,-,-,-,-,,5,-100%,150%,2,2,100%,X,X,35%,40%,4,80%,3,-50%,150%,3
"Azural, God of Frost",Frostbite Cavern,65,,2,600,-,-,-,20,-,-,-,3,2,-,13,3,-,-,-,-,-,,5,-100%,150%,2,2,100%,X,X,35%,40%,4,80%,3,-50%,200%,3
"Azural, God of Frost",Frostbite Cavern,66,,2,600,-,-,-,20,-,-,-,3,2,-,13,3,-,-,-,-,-,,5,-100%,150%,2,2,100%,X,X,35%,40%,4,80%,3,-100%,200%,3
"Azural, God of Frost",Frostbite Cavern,67,,2,600,-,-,-,20,-,-,-,3,2,-,13,3,-,-,-,-,-,,5,-100%,150%,2,2,100%,X,X,35%,40%,4,90%,3,-100%,200%,3
"Azural, God of Frost",Frostbite Cavern,68,,2,600,-,-,-,20,-,-,-,3,2,-,13,3,-,-,-,-,-,,5,-100%,150%,2,2,100%,X,X,35%,50%,4,90%,3,-100%,200%,3
"Azural, God of Frost",Frostbite Cavern,69,,2,600,-,-,-,20,-,-,-,3,2,-,13,3,-,-,-,-,-,,5,-100%,150%,2,2,100%,X,X,40%,50%,4,90%,3,-100%,200%,3
"Azural, God of Frost",Frostbite Cavern,70,,2,600,-,-,-,20,-,-,-,3,2,-,13,3,-,3,-,-,-,,5,-100%,150%,2,2,1,X,X,40%,50%,4,90%,3,-100%,200%,3
"Azural, God of Frost",Frostbite Cavern,71,,2,600,-,-,-,20,-,-,-,3,2,-,13,3,-,3,-,-,-,,5,-100%,150%,2,2,100%,X,X,40%,50%,4,100%,3,-100%,200%,3
"Azural, God of Frost",Frostbite Cavern,72,,2,600,-,-,-,20,-,-,-,3,2,-,13,3,-,3,-,-,-,,5,-100%,150%,2,2,100%,X,X,40%,60%,4,100%,3,-100%,200%,3
"Azural, God of Frost",Frostbite Cavern,73,,2,600,-,-,-,20,-,-,-,3,2,-,13,3,-,3,-,-,-,,5,-100%,150%,2,2,100%,X,X,45%,60%,4,100%,3,-100%,200%,3
"Azural, God of Frost",Frostbite Cavern,74,,2,600,-,-,-,20,-,-,-,3,2,-,13,3,-,3,-,-,-,,5,-100%,150%,2,2,100%,X,X,45%,70%,4,100%,3,-100%,200%,3
"Azural, God of Frost",Frostbite Cavern,75,,2,600,-,-,-,20,-,-,-,3,2,-,13,3,-,3,-,-,-,,5,-100%,150%,2,2,100%,X,X,45%,80%,4,100%,3,-100%,200%,3
"Azural, God of Frost",Frostbite Cavern,76,,2,600,-,-,-,20,-,-,-,3,2,-,13,3,-,3,-,-,-,,5,-100%,200%,2,2,100%,X,X,45%,80%,4,100%,3,-100%,200%,3
"Azural, God of Frost",Frostbite Cavern,77,,2,600,-,-,-,20,-,-,-,3,2,-,13,3,-,3,-,-,-,,5,-100%,200%,2,2,100%,X,X,45%,90%,4,100%,3,-100%,200%,3
"Azural, God of Frost",Frostbite Cavern,78,,2,600,-,-,-,20,-,-,-,3,2,-,13,3,-,3,-,-,-,,5,-100%,200%,2,2,100%,X,X,45%,90%,4,110%,3,-100%,200%,3
"Azural, God of Frost",Frostbite Cavern,79,,2,600,-,-,-,20,-,-,-,3,2,-,13,3,-,3,-,-,-,,5,-100%,200%,2,2,100%,X,X,50%,90%,4,110%,3,-100%,200%,3
"Azural, God of Frost",Frostbite Cavern,80,,2,600,-,-,-,20,-,-,-,3,2,-,13,3,-,5,-,-,-,,5,-100%,200%,2,2,1,X,X,50%,90%,4,110%,3,-100%,200%,3
"Azural, God of Frost",Frostbite Cavern,81,,2,600,-,-,-,20,-,-,-,3,2,-,13,3,-,5,-,-,-,,5,-100%,200%,2,2,100%,X,X,50%,100%,4,110%,3,-100%,200%,3
"Azural, God of Frost",Frostbite Cavern,82,,2,600,-,-,-,20,-,-,-,3,2,-,13,3,-,5,-,-,-,,5,-100%,200%,2,2,100%,X,X,50%,100%,4,120%,3,-100%,200%,3
"Azural, God of Frost",Frostbite Cavern,83,,2,600,-,-,-,20,-,-,-,3,2,-,13,3,-,5,-,-,-,,5,-100%,200%,2,2,100%,X,X,50%,110%,4,120%,3,-100%,200%,3
"Azural, God of Frost",Frostbite Cavern,84,,2,600,-,-,-,20,-,-,-,3,2,-,13,3,-,5,-,-,-,,5,-100%,200%,2,2,100%,X,X,55%,110%,4,120%,3,-100%,200%,3
"Azural, God of Frost",Frostbite Cavern,85,,2,600,-,-,-,20,-,-,-,3,2,-,13,3,-,5,-,-,-,,5,-100%,200%,2,2,100%,X,X,55%,110%,4,120%,3,-100%,250%,3
"Azural, God of Frost",Frostbite Cavern,86,,2,600,-,-,-,20,-,-,-,3,2,-,13,3,-,5,-,-,-,,5,-100%,200%,2,2,100%,X,X,60%,110%,4,120%,3,-100%,250%,3
"Azural, God of Frost",Frostbite Cavern,87,,2,600,-,-,-,20,-,-,-,3,2,-,13,3,-,5,-,-,-,,5,-100%,200%,2,2,100%,X,X,60%,110%,4,130%,3,-100%,250%,3
"Azural, God of Frost",Frostbite Cavern,88,,2,600,-,-,-,20,-,-,-,3,2,-,13,3,-,5,-,-,-,,5,-100%,200%,2,2,100%,X,X,65%,110%,4,130%,3,-100%,250%,3
"Azural, God of Frost",Frostbite Cavern,89,,2,600,-,-,-,20,-,-,-,3,2,-,13,3,-,5,-,-,-,,5,-100%,200%,2,2,100%,X,X,65%,120%,4,130%,3,-100%,250%,3
"Azural, God of Frost",Frostbite Cavern,90,,2,600,-,-,-,22,-,-,-,3,2,-,13,3,-,5,-,-,-,,5,-100%,200%,2,2,1,X,X,65%,120%,4,130%,3,-100%,250%,3
"Azural, God of Frost",Frostbite Cavern,91,,2,600,-,-,-,22,-,-,-,3,2,-,13,3,-,5,-,-,-,,5,-100%,200%,2,2,100%,X,X,65%,130%,4,130%,3,-100%,250%,3
"Azural, God of Frost",Frostbite Cavern,92,,2,600,-,-,-,22,-,-,-,3,2,-,13,3,-,5,-,-,-,,5,-100%,200%,2,2,100%,X,X,65%,130%,4,140%,3,-100%,250%,3
"Azural, God of Frost",Frostbite Cavern,93,,2,600,-,-,-,22,-,-,-,3,2,-,13,3,-,5,-,-,-,,5,-100%,200%,2,2,100%,X,X,70%,130%,4,140%,3,-100%,250%,3
"Azural, God of Frost",Frostbite Cavern,94,,2,600,-,-,-,22,-,-,-,3,2,-,13,3,-,5,-,-,-,,5,-100%,250%,2,2,100%,X,X,70%,130%,4,140%,3,-100%,250%,3
"Azural, God of Frost",Frostbite Cavern,95,,2,600,-,-,-,22,-,-,-,3,2,-,13,3,-,5,-,-,-,,5,-100%,250%,2,2,100%,X,X,70%,140%,4,140%,3,-100%,250%,3
"Azural, God of Frost",Frostbite Cavern,96,,2,600,-,-,-,22,-,-,-,3,2,-,13,3,-,5,-,-,-,,5,-100%,250%,2,2,100%,X,X,70%,140%,4,150%,3,-100%,250%,3
"Azural, God of Frost",Frostbite Cavern,97,,2,600,-,-,-,22,-,-,-,3,2,-,13,3,-,5,-,-,-,,5,-100%,250%,2,2,100%,X,X,75%,140%,4,150%,3,-100%,250%,3
"Azural, God of Frost",Frostbite Cavern,98,,2,600,-,-,-,22,-,-,-,3,2,-,13,3,-,5,-,-,-,,5,-100%,250%,2,2,100%,X,X,75%,150%,4,150%,3,-100%,250%,3
"Azural, God of Frost",Frostbite Cavern,99,,2,600,-,-,-,22,-,-,-,3,2,-,13,3,-,5,-,-,-,,5,-100%,250%,2,2,100%,X,X,80%,150%,4,150%,3,-100%,250%,3
"Azural, God of Frost",Frostbite Cavern,100,,2,600,-,-,-,22,-,-,-,3,2,-,21,3,-,5,-,-,-,,5,-100%,250%,2,2,1,X,X,80%,150%,4,150%,3,-100%,250%,3
"Erebyss, Goddess of Darkness",Path of the Damned,0,,-,300,-,-,5,5,-,-,-,3,2,-,-,-,-,-,-,-,-,,-,-,-,-,-,-,-,-,-,-,-,-,-,-,-,-
"Erebyss, Goddess of Darkness",Path of the Damned,1,,-,300,-,-,5,5,-,-,-,3,2,-,2,-,-,-,-,-,-,,-,-,-,-,-,-,-,-,-,-,-,-,-,-,-,-
"Erebyss, Goddess of Darkness",Path of the Damned,2,,-,300,-,-,5,5,-,-,-,3,2,-,2,-,-,-,-,-,-,,-,-,-,-,-,-,-,-,5%,-,-,-,-,-,-,-
"Erebyss, Goddess of Darkness",Path of the Damned,3,,-,300,-,-,7.5,5,-,-,-,3,2,-,2,-,-,-,-,-,-,,-,-,-,-,-,-,-,-,5%,-,-,-,-,-,-,-
"Erebyss, Goddess of Darkness",Path of the Damned,4,,-,300,-,-,7.5,5,-,-,-,3,2,-,2,-,-,-,-,-,-,,-,-,-,-,-,-,-,-,5%,-,-,10%,-,-,-,-
"Erebyss, Goddess of Darkness",Path of the Damned,5,,1.25,300,-,-,7.5,5,-,-,-,3,2,-,2,-,-,-,-,-,-,,-,-,-,-,-,-,-,-,5%,-,-,10%,-,-,-,-
"Erebyss, Goddess of Darkness",Path of the Damned,6,,1.25,300,-,-,7.5,5,-,-,-,3,2,-,2,-,-,-,-,-,-,,-,-,-,-,-,-,-,-,5%,-,-,10%,-,-,50%,-
"Erebyss, Goddess of Darkness",Path of the Damned,7,,1.25,350,-,-,7.5,5,-,-,-,3,2,-,2,-,-,-,-,-,-,,-,-,-,-,-,-,-,-,5%,-,-,10%,-,-,50%,-
"Erebyss, Goddess of Darkness",Path of the Damned,8,,1.25,350,-,-,7.5,5,-,-,-,3,2,-,2,-,-,-,-,-,-,,-,-,-,-,-,-,-,-,5%,-,-,10%,-,-,50%,1
"Erebyss, Goddess of Darkness",Path of the Damned,9,,1.25,350,-,-,7.5,5,-,-,-,3,2,-,2,-,-,-,-,-,-,,-,-,-,-,-,-,-,X,5%,-,-,10%,-,-,50%,1
"Erebyss, Goddess of Darkness",Path of the Damned,10,,1.25,450,-,-,7.5,5,-,-,-,3,2,-,2,-,-,-,-,-,-,,-,-,-,-,-,-,-,X,5%,-,-,10%,-,-,50%,1
"Erebyss, Goddess of Darkness",Path of the Damned,11,,1.25,450,-,-,7.5,5,-,-,-,3,2,-,2,-,-,-,-,-,-,,-,-,-,1,-,-,-,X,5%,-,-,10%,-,-,50%,1
"Erebyss, Goddess of Darkness",Path of the Damned,12,,1.25,450,-,-,7.5,5,-,-,-,3,2,-,2,-,-,-,-,-,-,,-,-,50%,1,-,-,-,X,5%,-,-,10%,-,-,50%,1
"Erebyss, Goddess of Darkness",Path of the Damned,13,,1.25,450,-,-,7.5,5,-,-,-,3,2,-,2,-,-,-,-,-,-,,-,-,50%,1,-,-,-,X,5%,-,-,10%,1,-,50%,1
"Erebyss, Goddess of Darkness",Path of the Damned,14,,1.25,450,-,-,7.5,5,-,-,-,3,2,-,2,-,-,-,-,-,-,,-,-,50%,1,-,-,-,X,5%,-,1,10%,1,-,50%,1
"Erebyss, Goddess of Darkness",Path of the Damned,15,,1.25,450,-,-,7.5,8,-,-,-,3,2,-,2,-,-,-,-,-,-,,-,-,50%,1,-,-,-,X,5%,-,1,10%,1,-,50%,1
"Erebyss, Goddess of Darkness",Path of the Damned,16,,1.25,450,-,-,7.5,8,-,-,-,3,2,-,2,-,-,-,-,-,-,,-,-,50%,1,-,-,X,X,5%,-,1,10%,1,-,50%,1
"Erebyss, Goddess of Darkness",Path of the Damned,17,,1.25,450,-,-,7.5,8,-,-,-,3,2,-,2,-,-,-,-,-,-,,1,-,50%,1,-,-,X,X,5%,-,1,10%,1,-,50%,1
"Erebyss, Goddess of Darkness",Path of the Damned,18,,1.25,450,-,-,7.5,8,-,-,-,3,2,-,2,-,-,-,-,-,-,,1,-,50%,1,-,-,X,X,5%,-,1,20%,1,-,50%,1
"Erebyss, Goddess of Darkness",Path of the Damned,19,,1.25,450,-,-,7.5,8,-,-,-,3,2,-,2,-,-,-,-,-,-,,1,-,50%,1,-,-,X,X,10%,-,1,20%,1,-,50%,1
"Erebyss, Goddess of Darkness",Path of the Damned,20,,1.25,450,-,-,7.5,8,-,-,-,3,2,-,2,-,-,-,2,-,-,,1,-,50%,1,-,-,X,X,10%,-,1,20%,1,-,50%,1
"Erebyss, Goddess of Darkness",Path of the Damned,21,,1.25,450,-,-,7.5,8,-,-,-,3,2,-,2,-,-,-,2,-,-,,1,-,50%,1,-,-,X,X,10%,-,1,20%,1,-,100%,1
"Erebyss, Goddess of Darkness",Path of the Damned,22,,1.25,450,-,-,7.5,8,-,-,-,3,2,-,2,-,-,-,2,-,-,,1,-,50%,1,-,-,X,X,10%,-,1,20%,2,-,100%,1
"Erebyss, Goddess of Darkness",Path of the Damned,23,,1.25,450,-,-,7.5,8,-,-,-,3,2,-,2,-,-,-,2,-,-,,1,-,50%,1,-,-,X,X,10%,-,2,20%,2,-,100%,1
"Erebyss, Goddess of Darkness",Path of the Damned,24,,1.25,450,-,-,7.5,8,-,-,-,3,2,-,2,-,-,-,2,-,-,,1,-,50%,2,-,-,X,X,10%,-,2,20%,2,-,100%,1
"Erebyss, Goddess of Darkness",Path of the Damned,25,,1.25,450,-,-,10,8,-,-,-,3,2,-,2,-,-,-,2,-,-,,1,-,50%,2,-,-,X,X,10%,-,2,20%,2,-,100%,1
"Erebyss, Goddess of Darkness",Path of the Damned,26,,1.25,450,-,-,10,8,-,-,-,3,2,-,2,-,-,-,2,-,-,,1,-50%,50%,2,-,-,X,X,10%,-,2,20%,2,-,100%,1
"Erebyss, Goddess of Darkness",Path of the Damned,27,,1.25,450,-,-,10,8,-,-,-,3,2,-,2,-,-,-,2,-,-,,1,-50%,100%,2,-,-,X,X,10%,-,2,20%,2,-,100%,1
"Erebyss, Goddess of Darkness",Path of the Damned,28,,1.25,450,-,-,10,8,-,-,-,3,2,-,2,-,-,-,2,-,-,,1,-50%,100%,2,-,-,X,X,10%,-,2,20%,3,-,100%,1
"Erebyss, Goddess of Darkness",Path of the Damned,29,,1.25,450,-,-,10,8,-,-,-,3,2,-,2,-,-,-,2,-,-,,1,-50%,100%,2,-,-,X,X,15%,-,2,20%,3,-,100%,1
"Erebyss, Goddess of Darkness",Path of the Damned,30,,1.25,450,-,-,10,10.5,-,-,-,3,2,-,2,-,-,-,2,-,-,,1,-50%,100%,2,-,-,X,X,15%,-,2,20%,3,-,100%,1
"Erebyss, Goddess of Darkness",Path of the Damned,31,,1.25,450,-,-,10,10.5,-,-,-,3,2,-,2,-,-,-,2,-,-,,1,-50%,100%,2,-,-,X,X,15%,-,2,20%,3,-,100%,2
"Erebyss, Goddess of Darkness",Path of the Damned,32,,1.25,450,-,-,10,10.5,-,-,-,3,2,-,2,-,-,-,2,-,-,,1,-50%,100%,2,-,-,X,X,15%,-,2,20%,3,-50%,100%,2
"Erebyss, Goddess of Darkness",Path of the Damned,33,,1.25,450,-,-,10,10.5,-,-,-,3,2,-,2,-,-,-,2,-,-,,1,-50%,100%,2,1,-,X,X,15%,-,2,20%,3,-50%,100%,2
"Erebyss, Goddess of Darkness",Path of the Damned,34,,1.25,450,-,-,10,10.5,-,-,-,3,2,-,2,-,-,-,2,-,-,,1,-50%,100%,2,1,-,X,X,15%,-,3,20%,3,-50%,100%,2
"Erebyss, Goddess of Darkness",Path of the Damned,35,,1.25,450,-,-,10,10.5,-,-,-,3,2,2,2,-,-,-,2,-,-,,1,-50%,100%,2,1,-,X,X,15%,-,3,20%,3,-50%,100%,2
"Erebyss, Goddess of Darkness",Path of the Damned,36,,1.25,450,-,-,10,10.5,-,-,-,3,2,2,2,-,-,-,2,-,-,,2,-50%,100%,2,1,-,X,X,15%,-,3,20%,3,-50%,100%,2
"Erebyss, Goddess of Darkness",Path of the Damned,37,,1.25,450,-,-,10,10.5,-,-,-,3,2,2,2,-,-,-,2,-,-,,2,-50%,100%,2,1,-,X,X,15%,-,3,30%,3,-50%,100%,2
"Erebyss, Goddess of Darkness",Path of the Damned,38,,1.25,450,-,-,10,10.5,-,-,-,3,2,2,2,-,-,-,2,-,-,,2,-50%,100%,2,1,-,X,X,15%,-,3,30%,3,-50%,150%,2
"Erebyss, Goddess of Darkness",Path of the Damned,39,,1.25,450,-,-,10,10.5,-,-,-,3,2,2,2,-,-,-,2,-,-,,2,-50%,100%,2,1,-,X,X,15%,-,4,30%,3,-50%,150%,2
"Erebyss, Goddess of Darkness",Path of the Damned,40,,1.25,450,-,-,10,12.5,-,-,-,3,2,2,2,-,-,-,2,-,-,,2,-50%,100%,2,1,-,X,X,15%,-,4,30%,3,-50%,150%,2
"Erebyss, Goddess of Darkness",Path of the Damned,41,,1.25,450,-,-,10,12.5,-,-,-,3,2,2,2,-,-,-,2,-,-,,3,-50%,100%,2,1,-,X,X,15%,-,4,30%,3,-50%,150%,2
"Erebyss, Goddess of Darkness",Path of the Damned,42,,1.25,450,-,-,10,12.5,-,-,-,3,2,2,2,-,-,-,2,-,-,,3,-50%,100%,2,1,100%,X,X,15%,-,4,30%,3,-50%,150%,2
"Erebyss, Goddess of Darkness",Path of the Damned,43,,1.25,450,-,-,10,12.5,-,-,-,3,2,2,2,-,-,-,2,-,-,,3,-50%,100%,2,1,100%,X,X,15%,-,4,40%,3,-50%,150%,2
"Erebyss, Goddess of Darkness",Path of the Damned,44,,1.25,450,-,-,10,12.5,-,-,-,3,2,2,2,-,-,-,2,-,-,,3,-50%,100%,2,1,100%,X,X,20%,-,4,40%,3,-50%,150%,2
"Erebyss, Goddess of Darkness",Path of the Damned,45,,1.25,450,-,-,10,15.5,-,-,-,3,2,2,2,-,-,-,2,-,-,,3,-50%,100%,2,1,1,X,X,20%,-,4,40%,3,-50%,150%,2
"Erebyss, Goddess of Darkness",Path of the Damned,46,,1.25,450,-,-,10,15.5,-,-,-,3,2,2,2,-,-,-,2,-,-,,3,-50%,100%,2,1,100%,X,X,20%,10%,4,40%,3,-50%,150%,2
"Erebyss, Goddess of Darkness",Path of the Damned,47,,1.25,450,-,-,10,15.5,-,-,-,3,2,2,2,-,-,-,2,-,-,,3,-50%,150%,2,1,100%,X,X,20%,10%,4,40%,3,-50%,150%,2
"Erebyss, Goddess of Darkness",Path of the Damned,48,,1.25,450,-,-,10,15.5,-,-,-,3,2,2,2,-,-,-,2,-,-,,4,-50%,150%,2,1,100%,X,X,20%,10%,4,40%,3,-50%,150%,2
"Erebyss, Goddess of Darkness",Path of the Damned,49,,1.25,450,-,-,10,15.5,-,-,-,3,2,2,2,-,-,-,2,-,-,,4,-50%,150%,2,1,100%,X,X,20%,10%,4,50%,3,-50%,150%,2
"Erebyss, Goddess of Darkness",Path of the Damned,50,,1.25,450,-,-,10,15.5,-,-,-,3,2,2,2,-,-,2,2,-,-,,4,-50%,150%,2,1,1,X,X,20%,10%,4,50%,3,-50%,150%,2
"Erebyss, Goddess of Darkness",Path of the Damned,51,,1.25,450,-,-,10,15.5,-,-,-,3,2,2,2,-,-,2,2,-,-,,4,-50%,150%,2,1,100%,X,X,25%,10%,4,50%,3,-50%,150%,2
"Erebyss, Goddess of Darkness",Path of the Damned,52,,1.25,450,-,-,10,15.5,-,-,-,3,2,2,2,-,-,2,2,-,-,,4,-50%,150%,2,2,100%,X,X,25%,10%,4,50%,3,-50%,150%,2
"Erebyss, Goddess of Darkness",Path of the Damned,53,,1.25,450,-,-,10,15.5,-,-,-,3,2,2,2,-,-,2,2,-,-,,4,-50%,150%,2,2,100%,X,X,25%,20%,4,50%,3,-50%,150%,2
"Erebyss, Goddess of Darkness",Path of the Damned,54,,1.25,450,-,-,10,15.5,-,-,-,3,2,2,2,-,-,2,2,-,-,,4,-50%,150%,2,2,100%,X,X,25%,20%,4,60%,3,-50%,150%,2
"Erebyss, Goddess of Darkness",Path of the Damned,55,,1.25,450,-,-,10,15.5,-,-,-,3,2,2,2,-,-,2,2,-,-,,4,-50%,150%,2,2,100%,X,X,25%,20%,4,60%,3,-50%,150%,3
"Erebyss, Goddess of Darkness",Path of the Damned,56,,1.25,450,-,-,10,15.5,-,-,-,3,2,2,2,-,-,2,2,-,-,,4,-100%,150%,2,2,100%,X,X,25%,20%,4,60%,3,-50%,150%,3
"Erebyss, Goddess of Darkness",Path of the Damned,57,,1.25,450,-,-,10,15.5,-,-,-,3,2,2,2,-,-,2,2,-,-,,5,-100%,150%,2,2,100%,X,X,25%,20%,4,60%,3,-50%,150%,3
"Erebyss, Goddess of Darkness",Path of the Damned,58,,1.25,450,-,-,10,15.5,-,-,-,3,2,2,2,-,-,2,2,-,-,,5,-100%,150%,2,2,100%,X,X,25%,20%,4,70%,3,-50%,150%,3
"Erebyss, Goddess of Darkness",Path of the Damned,59,,1.25,450,-,-,10,15.5,-,-,-,3,2,2,2,-,-,2,2,-,-,,5,-100%,150%,2,2,100%,X,X,30%,20%,4,70%,3,-50%,150%,3
"Erebyss, Goddess of Darkness",Path of the Damned,60,,1.25,450,-,-,15,15.5,-,-,-,3,2,2,2,-,-,2,2,-,-,,5,-100%,150%,2,2,1,X,X,30%,20%,4,70%,3,-50%,150%,3
"Erebyss, Goddess of Darkness",Path of the Damned,61,,1.25,450,-,-,15,15.5,-,-,-,3,2,2,2,-,-,2,2,-,-,,5,-100%,150%,2,2,100%,X,X,30%,30%,4,70%,3,-50%,150%,3
"Erebyss, Goddess of Darkness",Path of the Damned,62,,1.25,450,-,-,15,15.5,-,-,-,3,2,2,2,-,-,2,2,-,-,,5,-100%,150%,2,2,100%,X,X,30%,30%,4,80%,3,-50%,150%,3
"Erebyss, Goddess of Darkness",Path of the Damned,63,,1.25,450,-,-,15,15.5,-,-,-,3,2,2,2,-,-,2,2,-,-,,5,-100%,150%,2,2,100%,X,X,35%,30%,4,80%,3,-50%,150%,3
"Erebyss, Goddess of Darkness",Path of the Damned,64,,1.25,450,-,-,15,15.5,-,-,-,3,2,2,2,-,-,2,2,-,-,,5,-100%,150%,2,2,100%,X,X,35%,40%,4,80%,3,-50%,150%,3
"Erebyss, Goddess of Darkness",Path of the Damned,65,,1.25,450,-,-,15,15.5,-,-,-,3,2,2,2,-,-,2,2,-,-,,5,-100%,150%,2,2,100%,X,X,35%,40%,4,80%,3,-50%,200%,3
"Erebyss, Goddess of Darkness",Path of the Damned,66,,1.25,450,-,-,15,15.5,-,-,-,3,2,2,2,-,-,2,2,-,-,,5,-100%,150%,2,2,100%,X,X,35%,40%,4,80%,3,-100%,200%,3
"Erebyss, Goddess of Darkness",Path of the Damned,67,,1.25,450,-,-,15,15.5,-,-,-,3,2,2,2,-,-,2,2,-,-,,5,-100%,150%,2,2,100%,X,X,35%,40%,4,90%,3,-100%,200%,3
"Erebyss, Goddess of Darkness",Path of the Damned,68,,1.25,450,-,-,15,15.5,-,-,-,3,2,2,2,-,-,2,2,-,-,,5,-100%,150%,2,2,100%,X,X,35%,50%,4,90%,3,-100%,200%,3
"Erebyss, Goddess of Darkness",Path of the Damned,69,,1.25,450,-,-,15,15.5,-,-,-,3,2,2,2,-,-,2,2,-,-,,5,-100%,150%,2,2,100%,X,X,40%,50%,4,90%,3,-100%,200%,3
"Erebyss, Goddess of Darkness",Path of the Damned,70,,1.25,450,-,-,15,16.75,-,-,-,3,2,2,2,-,-,2,2,-,-,,5,-100%,150%,2,2,1,X,X,40%,50%,4,90%,3,-100%,200%,3
"Erebyss, Goddess of Darkness",Path of the Damned,71,,1.25,450,-,-,15,16.75,-,-,-,3,2,2,2,-,-,2,2,-,-,,5,-100%,150%,2,2,100%,X,X,40%,50%,4,100%,3,-100%,200%,3
"Erebyss, Goddess of Darkness",Path of the Damned,72,,1.25,450,-,-,15,16.75,-,-,-,3,2,2,2,-,-,2,2,-,-,,5,-100%,150%,2,2,100%,X,X,40%,60%,4,100%,3,-100%,200%,3
"Erebyss, Goddess of Darkness",Path of the Damned,73,,1.25,450,-,-,15,16.75,-,-,-,3,2,2,2,-,-,2,2,-,-,,5,-100%,150%,2,2,100%,X,X,45%,60%,4,100%,3,-100%,200%,3
"Erebyss, Goddess of Darkness",Path of the Damned,74,,1.25,450,-,-,15,16.75,-,-,-,3,2,2,2,-,-,2,2,-,-,,5,-100%,150%,2,2,100%,X,X,45%,70%,4,100%,3,-100%,200%,3
"Erebyss, Goddess of Darkness",Path of the Damned,75,,1.25,450,-,-,15,16.75,-,-,-,3,2,2,2,-,-,2,2,-,-,,5,-100%,150%,2,2,100%,X,X,45%,80%,4,100%,3,-100%,200%,3
"Erebyss, Goddess of Darkness",Path of the Damned,76,,1.25,450,-,-,15,16.75,-,-,-,3,2,2,2,-,-,2,2,-,-,,5,-100%,200%,2,2,100%,X,X,45%,80%,4,100%,3,-100%,200%,3
"Erebyss, Goddess of Darkness",Path of the Damned,77,,1.25,450,-,-,15,16.75,-,-,-,3,2,2,2,-,-,2,2,-,-,,5,-100%,200%,2,2,100%,X,X,45%,90%,4,100%,3,-100%,200%,3
"Erebyss, Goddess of Darkness",Path of the Damned,78,,1.25,450,-,-,15,16.75,-,-,-,3,2,2,2,-,-,2,2,-,-,,5,-100%,200%,2,2,100%,X,X,45%,90%,4,110%,3,-100%,200%,3
"Erebyss, Goddess of Darkness",Path of the Damned,79,,1.25,450,-,-,15,16.75,-,-,-,3,2,2,2,-,-,2,2,-,-,,5,-100%,200%,2,2,100%,X,X,50%,90%,4,110%,3,-100%,200%,3
"Erebyss, Goddess of Darkness",Path of the Damned,80,,1.75,450,-,-,15,16.75,-,-,-,3,2,2,2,-,-,2,2,-,-,,5,-100%,200%,2,2,1,X,X,50%,90%,4,110%,3,-100%,200%,3
"Erebyss, Goddess of Darkness",Path of the Damned,81,,1.75,450,-,-,15,16.75,-,-,-,3,2,2,2,-,-,2,2,-,-,,5,-100%,200%,2,2,100%,X,X,50%,100%,4,110%,3,-100%,200%,3
"Erebyss, Goddess of Darkness",Path of the Damned,82,,1.75,450,-,-,15,16.75,-,-,-,3,2,2,2,-,-,2,2,-,-,,5,-100%,200%,2,2,100%,X,X,50%,100%,4,120%,3,-100%,200%,3
"Erebyss, Goddess of Darkness",Path of the Damned,83,,1.75,450,-,-,15,16.75,-,-,-,3,2,2,2,-,-,2,2,-,-,,5,-100%,200%,2,2,100%,X,X,50%,110%,4,120%,3,-100%,200%,3
"Erebyss, Goddess of Darkness",Path of the Damned,84,,1.75,450,-,-,15,16.75,-,-,-,3,2,2,2,-,-,2,2,-,-,,5,-100%,200%,2,2,100%,X,X,55%,110%,4,120%,3,-100%,200%,3
"Erebyss, Goddess of Darkness",Path of the Damned,85,,1.75,450,-,-,15,16.75,-,-,-,3,2,2,2,-,-,2,2,-,-,,5,-100%,200%,2,2,100%,X,X,55%,110%,4,120%,3,-100%,250%,3
"Erebyss, Goddess of Darkness",Path of the Damned,86,,1.75,450,-,-,15,16.75,-,-,-,3,2,2,2,-,-,2,2,-,-,,5,-100%,200%,2,2,100%,X,X,60%,110%,4,120%,3,-100%,250%,3
"Erebyss, Goddess of Darkness",Path of the Damned,87,,1.75,450,-,-,15,16.75,-,-,-,3,2,2,2,-,-,2,2,-,-,,5,-100%,200%,2,2,100%,X,X,60%,110%,4,130%,3,-100%,250%,3
"Erebyss, Goddess of Darkness",Path of the Damned,88,,1.75,450,-,-,15,16.75,-,-,-,3,2,2,2,-,-,2,2,-,-,,5,-100%,200%,2,2,100%,X,X,65%,110%,4,130%,3,-100%,250%,3
"Erebyss, Goddess of Darkness",Path of the Damned,89,,1.75,450,-,-,15,16.75,-,-,-,3,2,2,2,-,-,2,2,-,-,,5,-100%,200%,2,2,100%,X,X,65%,120%,4,130%,3,-100%,250%,3
"Erebyss, Goddess of Darkness",Path of the Damned,90,,1.75,450,-,-,15,16.75,-,-,-,3,2,2,2,8,-,2,2,-,-,,5,-100%,200%,2,2,1,X,X,65%,120%,4,130%,3,-100%,250%,3
"Erebyss, Goddess of Darkness",Path of the Damned,91,,1.75,450,-,-,15,16.75,-,-,-,3,2,2,2,8,-,2,2,-,-,,5,-100%,200%,2,2,100%,X,X,65%,130%,4,130%,3,-100%,250%,3
"Erebyss, Goddess of Darkness",Path of the Damned,92,,1.75,450,-,-,15,16.75,-,-,-,3,2,2,2,8,-,2,2,-,-,,5,-100%,200%,2,2,100%,X,X,65%,130%,4,140%,3,-100%,250%,3
"Erebyss, Goddess of Darkness",Path of the Damned,93,,1.75,450,-,-,15,16.75,-,-,-,3,2,2,2,8,-,2,2,-,-,,5,-100%,200%,2,2,100%,X,X,70%,130%,4,140%,3,-100%,250%,3
"Erebyss, Goddess of Darkness",Path of the Damned,94,,1.75,450,-,-,15,16.75,-,-,-,3,2,2,2,8,-,2,2,-,-,,5,-100%,250%,2,2,100%,X,X,70%,130%,4,140%,3,-100%,250%,3
"Erebyss, Goddess of Darkness",Path of the Damned,95,,1.75,450,-,-,15,16.75,-,-,-,3,2,2,2,8,-,2,2,-,-,,5,-100%,250%,2,2,100%,X,X,70%,140%,4,140%,3,-100%,250%,3
"Erebyss, Goddess of Darkness",Path of the Damned,96,,1.75,450,-,-,15,16.75,-,-,-,3,2,2,2,8,-,2,2,-,-,,5,-100%,250%,2,2,100%,X,X,70%,140%,4,150%,3,-100%,250%,3
"Erebyss, Goddess of Darkness",Path of the Damned,97,,1.75,450,-,-,15,16.75,-,-,-,3,2,2,2,8,-,2,2,-,-,,5,-100%,250%,2,2,100%,X,X,75%,140%,4,150%,3,-100%,250%,3
"Erebyss, Goddess of Darkness",Path of the Damned,98,,1.75,450,-,-,15,16.75,-,-,-,3,2,2,2,8,-,2,2,-,-,,5,-100%,250%,2,2,100%,X,X,75%,150%,4,150%,3,-100%,250%,3
"Erebyss, Goddess of Darkness",Path of the Damned,99,,1.75,450,-,-,15,16.75,-,-,-,3,2,2,2,8,-,2,2,-,-,,5,-100%,250%,2,2,100%,X,X,80%,150%,4,150%,3,-100%,250%,3
"Erebyss, Goddess of Darkness",Path of the Damned,100,,1.75,450,-,-,15,16.75,-,-,-,3,2,2,2,8,3,2,2,-,-,,5,-100%,250%,2,2,1,X,X,80%,150%,4,150%,3,-100%,250%,3
"Friden, God of the Sea",Where the Dead Ships Dwell,0,,-,325,-,-,3,8,-,-,-,3,-,-,-,-,-,-,-,-,-,,-,-,-,-,-,-,-,-,-,-,-,-,-,-,-,-
"Friden, God of the Sea",Where the Dead Ships Dwell,1,,-,325,-,-,3,9.5,-,-,-,3,-,-,-,-,-,-,-,-,-,,-,-,-,-,-,-,-,-,-,-,-,-,-,-,-,-
"Friden, God of the Sea",Where the Dead Ships Dwell,2,,-,325,-,-,3,9.5,-,-,-,3,-,-,-,-,-,-,-,-,-,,-,-,-,-,-,-,-,-,5%,-,-,-,-,-,-,-
"Friden, God of the Sea",Where the Dead Ships Dwell,3,,-,425,-,-,3,9.5,-,-,-,3,-,-,-,-,-,-,-,-,-,,-,-,-,-,-,-,-,-,5%,-,-,-,-,-,-,-
"Friden, God of the Sea",Where the Dead Ships Dwell,4,,-,425,-,-,3,9.5,-,-,-,3,-,-,-,-,-,-,-,-,-,,-,-,-,-,-,-,-,-,5%,-,-,10%,-,-,-,-
"Friden, God of the Sea",Where the Dead Ships Dwell,5,,-,485,-,-,3,9.5,-,-,-,3,-,-,-,-,-,-,-,-,-,,-,-,-,-,-,-,-,-,5%,-,-,10%,-,-,-,-
"Friden, God of the Sea",Where the Dead Ships Dwell,6,,-,485,-,-,3,9.5,-,-,-,3,-,-,-,-,-,-,-,-,-,,-,-,-,-,-,-,-,-,5%,-,-,10%,-,-,50%,-
"Friden, God of the Sea",Where the Dead Ships Dwell,7,,-,485,-,-,3,9.5,-,-,-,3,3,-,-,-,-,-,-,-,-,,-,-,-,-,-,-,-,-,5%,-,-,10%,-,-,50%,-
"Friden, God of the Sea",Where the Dead Ships Dwell,8,,-,485,-,-,3,9.5,-,-,-,3,3,-,-,-,-,-,-,-,-,,-,-,-,-,-,-,-,-,5%,-,-,10%,-,-,50%,1
"Friden, God of the Sea",Where the Dead Ships Dwell,9,,-,485,-,-,3,9.5,-,-,-,3,3,-,-,-,-,-,-,-,-,,-,-,-,-,-,-,-,X,5%,-,-,10%,-,-,50%,1
"Friden, God of the Sea",Where the Dead Ships Dwell,10,,-,485,-,-,4.5,9.5,-,-,-,3,3,-,-,-,-,-,-,-,-,,-,-,-,-,-,-,-,X,5%,-,-,10%,-,-,50%,1
"Friden, God of the Sea",Where the Dead Ships Dwell,11,,-,485,-,-,4.5,9.5,-,-,-,3,3,-,-,-,-,-,-,-,-,,-,-,-,1,-,-,-,X,5%,-,-,10%,-,-,50%,1
"Friden, God of the Sea",Where the Dead Ships Dwell,12,,-,485,-,-,4.5,9.5,-,-,-,3,3,-,-,-,-,-,-,-,-,,-,-,50%,1,-,-,-,X,5%,-,-,10%,-,-,50%,1
"Friden, God of the Sea",Where the Dead Ships Dwell,13,,-,485,-,-,4.5,9.5,-,-,-,3,3,-,-,-,-,-,-,-,-,,-,-,50%,1,-,-,-,X,5%,-,-,10%,1,-,50%,1
"Friden, God of the Sea",Where the Dead Ships Dwell,14,,-,485,-,-,4.5,9.5,-,-,-,3,3,-,-,-,-,-,-,-,-,,-,-,50%,1,-,-,-,X,5%,-,1,10%,1,-,50%,1
"Friden, God of the Sea",Where the Dead Ships Dwell,15,,-,485,-,-,4.5,12,-,-,-,3,3,-,-,-,-,-,-,-,-,,-,-,50%,1,-,-,-,X,5%,-,1,10%,1,-,50%,1
"Friden, God of the Sea",Where the Dead Ships Dwell,16,,-,485,-,-,4.5,12,-,-,-,3,3,-,-,-,-,-,-,-,-,,-,-,50%,1,-,-,X,X,5%,-,1,10%,1,-,50%,1
"Friden, God of the Sea",Where the Dead Ships Dwell,17,,-,485,-,-,4.5,12,-,-,-,3,3,-,-,-,-,-,-,-,-,,1,-,50%,1,-,-,X,X,5%,-,1,10%,1,-,50%,1
"Friden, God of the Sea",Where the Dead Ships Dwell,18,,-,485,-,-,4.5,12,-,-,-,3,3,-,-,-,-,-,-,-,-,,1,-,50%,1,-,-,X,X,5%,-,1,20%,1,-,50%,1
"Friden, God of the Sea",Where the Dead Ships Dwell,19,,-,485,-,-,4.5,12,-,-,-,3,3,-,-,-,-,-,-,-,-,,1,-,50%,1,-,-,X,X,10%,-,1,20%,1,-,50%,1
"Friden, God of the Sea",Where the Dead Ships Dwell,20,,-,485,-,-,4.5,12,-,-,-,3,3,-,-,-,-,-,-,1,-,,1,-,50%,1,-,-,X,X,10%,-,1,20%,1,-,50%,1
"Friden, God of the Sea",Where the Dead Ships Dwell,21,,-,485,-,-,4.5,12,-,-,-,3,3,-,-,-,-,-,-,1,-,,1,-,50%,1,-,-,X,X,10%,-,1,20%,1,-,100%,1
"Friden, God of the Sea",Where the Dead Ships Dwell,22,,-,485,-,-,4.5,12,-,-,-,3,3,-,-,-,-,-,-,1,-,,1,-,50%,1,-,-,X,X,10%,-,1,20%,2,-,100%,1
"Friden, God of the Sea",Where the Dead Ships Dwell,23,,-,485,-,-,4.5,12,-,-,-,3,3,-,-,-,-,-,-,1,-,,1,-,50%,1,-,-,X,X,10%,-,2,20%,2,-,100%,1
"Friden, God of the Sea",Where the Dead Ships Dwell,24,,-,485,-,-,4.5,12,-,-,-,3,3,-,-,-,-,-,-,1,-,,1,-,50%,2,-,-,X,X,10%,-,2,20%,2,-,100%,1
"Friden, God of the Sea",Where the Dead Ships Dwell,25,,1.6,485,-,-,4.5,12,-,-,-,3,3,-,-,-,-,-,-,1,-,,1,-,50%,2,-,-,X,X,10%,-,2,20%,2,-,100%,1
"Friden, God of the Sea",Where the Dead Ships Dwell,26,,1.6,485,-,-,4.5,12,-,-,-,3,3,-,-,-,-,-,-,1,-,,1,-50%,50%,2,-,-,X,X,10%,-,2,20%,2,-,100%,1
"Friden, God of the Sea",Where the Dead Ships Dwell,27,,1.6,485,-,-,4.5,12,-,-,-,3,3,-,-,-,-,-,-,1,-,,1,-50%,100%,2,-,-,X,X,10%,-,2,20%,2,-,100%,1
"Friden, God of the Sea",Where the Dead Ships Dwell,28,,1.6,485,-,-,4.5,12,-,-,-,3,3,-,-,-,-,-,-,1,-,,1,-50%,100%,2,-,-,X,X,10%,-,2,20%,3,-,100%,1
"Friden, God of the Sea",Where the Dead Ships Dwell,29,,1.6,485,-,-,4.5,12,-,-,-,3,3,-,-,-,-,-,-,1,-,,1,-50%,100%,2,-,-,X,X,15%,-,2,20%,3,-,100%,1
"Friden, God of the Sea",Where the Dead Ships Dwell,30,,2.85,485,-,-,4.5,12,-,-,-,3,3,-,-,-,-,-,-,1,-,,1,-50%,100%,2,-,-,X,X,15%,-,2,20%,3,-,100%,1
"Friden, God of the Sea",Where the Dead Ships Dwell,31,,2.85,485,-,-,4.5,12,-,-,-,3,3,-,-,-,-,-,-,1,-,,1,-50%,100%,2,-,-,X,X,15%,-,2,20%,3,-,100%,2
"Friden, God of the Sea",Where the Dead Ships Dwell,32,,2.85,485,-,-,4.5,12,-,-,-,3,3,-,-,-,-,-,-,1,-,,1,-50%,100%,2,-,-,X,X,15%,-,2,20%,3,-50%,100%,2
"Friden, God of the Sea",Where the Dead Ships Dwell,33,,2.85,485,-,-,4.5,12,-,-,-,3,3,-,-,-,-,-,-,1,-,,1,-50%,100%,2,1,-,X,X,15%,-,2,20%,3,-50%,100%,2
"Friden, God of the Sea",Where the Dead Ships Dwell,34,,2.85,485,-,-,4.5,12,-,-,-,3,3,-,-,-,-,-,-,1,-,,1,-50%,100%,2,1,-,X,X,15%,-,3,20%,3,-50%,100%,2
"Friden, God of the Sea",Where the Dead Ships Dwell,35,,2.85,485,-,-,4.5,12,-,-,-,5,5,-,-,-,-,-,-,1,-,,1,-50%,100%,2,1,-,X,X,15%,-,3,20%,3,-50%,100%,2
"Friden, God of the Sea",Where the Dead Ships Dwell,36,,2.85,485,-,-,4.5,12,-,-,-,5,5,-,-,-,-,-,-,1,-,,2,-50%,100%,2,1,-,X,X,15%,-,3,20%,3,-50%,100%,2
"Friden, God of the Sea",Where the Dead Ships Dwell,37,,2.85,485,-,-,4.5,12,-,-,-,5,5,-,-,-,-,-,-,1,-,,2,-50%,100%,2,1,-,X,X,15%,-,3,30%,3,-50%,100%,2
"Friden, God of the Sea",Where the Dead Ships Dwell,38,,2.85,485,-,-,4.5,12,-,-,-,5,5,-,-,-,-,-,-,1,-,,2,-50%,100%,2,1,-,X,X,15%,-,3,30%,3,-50%,150%,2
"Friden, God of the Sea",Where the Dead Ships Dwell,39,,2.85,485,-,-,4.5,12,-,-,-,5,5,-,-,-,-,-,-,1,-,,2,-50%,100%,2,1,-,X,X,15%,-,4,30%,3,-50%,150%,2
"Friden, God of the Sea",Where the Dead Ships Dwell,40,,2.85,485,-,-,9,12,-,-,-,5,5,-,-,-,-,-,-,1,-,,2,-50%,100%,2,1,-,X,X,15%,-,4,30%,3,-50%,150%,2
"Friden, God of the Sea",Where the Dead Ships Dwell,41,,2.85,485,-,-,9,12,-,-,-,5,5,-,-,-,-,-,-,1,-,,3,-50%,100%,2,1,-,X,X,15%,-,4,30%,3,-50%,150%,2
"Friden, God of the Sea",Where the Dead Ships Dwell,42,,2.85,485,-,-,9,12,-,-,-,5,5,-,-,-,-,-,-,1,-,,3,-50%,100%,2,1,100%,X,X,15%,-,4,30%,3,-50%,150%,2
"Friden, God of the Sea",Where the Dead Ships Dwell,43,,2.85,485,-,-,9,12,-,-,-,5,5,-,-,-,-,-,-,1,-,,3,-50%,100%,2,1,100%,X,X,15%,-,4,40%,3,-50%,150%,2
"Friden, God of the Sea",Where the Dead Ships Dwell,44,,2.85,485,-,-,9,12,-,-,-,5,5,-,-,-,-,-,-,1,-,,3,-50%,100%,2,1,100%,X,X,20%,-,4,40%,3,-50%,150%,2
"Friden, God of the Sea",Where the Dead Ships Dwell,45,,4.1,485,-,-,9,12,-,-,-,5,5,-,-,-,-,-,-,1,-,,3,-50%,100%,2,1,1,X,X,20%,-,4,40%,3,-50%,150%,2
"Friden, God of the Sea",Where the Dead Ships Dwell,46,,4.1,485,-,-,9,12,-,-,-,5,5,-,-,-,-,-,-,1,-,,3,-50%,100%,2,1,100%,X,X,20%,10%,4,40%,3,-50%,150%,2
"Friden, God of the Sea",Where the Dead Ships Dwell,47,,4.1,485,-,-,9,12,-,-,-,5,5,-,-,-,-,-,-,1,-,,3,-50%,150%,2,1,100%,X,X,20%,10%,4,40%,3,-50%,150%,2
"Friden, God of the Sea",Where the Dead Ships Dwell,48,,4.1,485,-,-,9,12,-,-,-,5,5,-,-,-,-,-,-,1,-,,4,-50%,150%,2,1,100%,X,X,20%,10%,4,40%,3,-50%,150%,2
"Friden, God of the Sea",Where the Dead Ships Dwell,49,,4.1,485,-,-,9,12,-,-,-,5,5,-,-,-,-,-,-,1,-,,4,-50%,150%,2,1,100%,X,X,20%,10%,4,50%,3,-50%,150%,2
"Friden, God of the Sea",Where the Dead Ships Dwell,50,,4.1,485,-,-,9,16.5,-,-,-,5,5,-,-,-,-,-,-,2,-,,4,-50%,150%,2,1,1,X,X,20%,10%,4,50%,3,-50%,150%,2
"Friden, God of the Sea",Where the Dead Ships Dwell,51,,4.1,485,-,-,9,16.5,-,-,-,5,5,-,-,-,-,-,-,2,-,,4,-50%,150%,2,1,100%,X,X,25%,10%,4,50%,3,-50%,150%,2
"Friden, God of the Sea",Where the Dead Ships Dwell,52,,4.1,485,-,-,9,16.5,-,-,-,5,5,-,-,-,-,-,-,2,-,,4,-50%,150%,2,2,100%,X,X,25%,10%,4,50%,3,-50%,150%,2
"Friden, God of the Sea",Where the Dead Ships Dwell,53,,4.1,485,-,-,9,16.5,-,-,-,5,5,-,-,-,-,-,-,2,-,,4,-50%,150%,2,2,100%,X,X,25%,20%,4,50%,3,-50%,150%,2
"Friden, God of the Sea",Where the Dead Ships Dwell,54,,4.1,485,-,-,9,16.5,-,-,-,5,5,-,-,-,-,-,-,2,-,,4,-50%,150%,2,2,100%,X,X,25%,20%,4,60%,3,-50%,150%,2
"Friden, God of the Sea",Where the Dead Ships Dwell,55,,4.1,485,-,-,9,16.5,-,-,-,5,5,-,-,-,-,-,-,2,-,,4,-50%,150%,2,2,100%,X,X,25%,20%,4,60%,3,-50%,150%,3
"Friden, God of the Sea",Where the Dead Ships Dwell,56,,4.1,485,-,-,9,16.5,-,-,-,5,5,-,-,-,-,-,-,2,-,,4,-100%,150%,2,2,100%,X,X,25%,20%,4,60%,3,-50%,150%,3
"Friden, God of the Sea",Where the Dead Ships Dwell,57,,4.1,485,-,-,9,16.5,-,-,-,5,5,-,-,-,-,-,-,2,-,,5,-100%,150%,2,2,100%,X,X,25%,20%,4,60%,3,-50%,150%,3
"Friden, God of the Sea",Where the Dead Ships Dwell,58,,4.1,485,-,-,9,16.5,-,-,-,5,5,-,-,-,-,-,-,2,-,,5,-100%,150%,2,2,100%,X,X,25%,20%,4,70%,3,-50%,150%,3
"Friden, God of the Sea",Where the Dead Ships Dwell,59,,4.1,485,-,-,9,16.5,-,-,-,5,5,-,-,-,-,-,-,2,-,,5,-100%,150%,2,2,100%,X,X,30%,20%,4,70%,3,-50%,150%,3
"Friden, God of the Sea",Where the Dead Ships Dwell,60,,4.1,485,-,-,9,24.5,-,-,-,5,5,-,-,-,-,-,-,2,-,,5,-100%,150%,2,2,1,X,X,30%,20%,4,70%,3,-50%,150%,3
"Friden, God of the Sea",Where the Dead Ships Dwell,61,,4.1,485,-,-,9,24.5,-,-,-,5,5,-,-,-,-,-,-,2,-,,5,-100%,150%,2,2,100%,X,X,30%,30%,4,70%,3,-50%,150%,3
"Friden, God of the Sea",Where the Dead Ships Dwell,62,,4.1,485,-,-,9,24.5,-,-,-,5,5,-,-,-,-,-,-,2,-,,5,-100%,150%,2,2,100%,X,X,30%,30%,4,80%,3,-50%,150%,3
"Friden, God of the Sea",Where the Dead Ships Dwell,63,,4.1,485,-,-,9,24.5,-,-,-,5,5,-,-,-,-,-,-,2,-,,5,-100%,150%,2,2,100%,X,X,35%,30%,4,80%,3,-50%,150%,3
"Friden, God of the Sea",Where the Dead Ships Dwell,64,,4.1,485,-,-,9,24.5,-,-,-,5,5,-,-,-,-,-,-,2,-,,5,-100%,150%,2,2,100%,X,X,35%,40%,4,80%,3,-50%,150%,3
"Friden, God of the Sea",Where the Dead Ships Dwell,65,,4.1,485,-,-,9,24.5,-,-,-,5,5,-,-,-,-,-,-,2,-,,5,-100%,150%,2,2,100%,X,X,35%,40%,4,80%,3,-50%,200%,3
"Friden, God of the Sea",Where the Dead Ships Dwell,66,,4.1,485,-,-,9,24.5,-,-,-,5,5,-,-,-,-,-,-,2,-,,5,-100%,150%,2,2,100%,X,X,35%,40%,4,80%,3,-100%,200%,3
"Friden, God of the Sea",Where the Dead Ships Dwell,67,,4.1,485,-,-,9,24.5,-,-,-,5,5,-,-,-,-,-,-,2,-,,5,-100%,150%,2,2,100%,X,X,35%,40%,4,90%,3,-100%,200%,3
"Friden, God of the Sea",Where the Dead Ships Dwell,68,,4.1,485,-,-,9,24.5,-,-,-,5,5,-,-,-,-,-,-,2,-,,5,-100%,150%,2,2,100%,X,X,35%,50%,4,90%,3,-100%,200%,3
"Friden, God of the Sea",Where the Dead Ships Dwell,69,,4.1,485,-,-,9,24.5,-,-,-,5,5,-,-,-,-,-,-,2,-,,5,-100%,150%,2,2,100%,X,X,40%,50%,4,90%,3,-100%,200%,3
"Friden, God of the Sea",Where the Dead Ships Dwell,70,,4.1,485,-,-,9,24.5,-,-,-,5,5,-,5,-,-,-,-,2,-,,5,-100%,150%,2,2,1,X,X,40%,50%,4,90%,3,-100%,200%,3
"Friden, God of the Sea",Where the Dead Ships Dwell,71,,4.1,485,-,-,9,24.5,-,-,-,5,5,-,5,-,-,-,-,2,-,,5,-100%,150%,2,2,100%,X,X,40%,50%,4,100%,3,-100%,200%,3
"Friden, God of the Sea",Where the Dead Ships Dwell,72,,4.1,485,-,-,9,24.5,-,-,-,5,5,-,5,-,-,-,-,2,-,,5,-100%,150%,2,2,100%,X,X,40%,60%,4,100%,3,-100%,200%,3
"Friden, God of the Sea",Where the Dead Ships Dwell,73,,4.1,485,-,-,9,24.5,-,-,-,5,5,-,5,-,-,-,-,2,-,,5,-100%,150%,2,2,100%,X,X,45%,60%,4,100%,3,-100%,200%,3
"Friden, God of the Sea",Where the Dead Ships Dwell,74,,4.1,485,-,-,9,24.5,-,-,-,5,5,-,5,-,-,-,-,2,-,,5,-100%,150%,2,2,100%,X,X,45%,70%,4,100%,3,-100%,200%,3
"Friden, God of the Sea",Where the Dead Ships Dwell,75,,4.1,485,-,-,9,24.5,-,-,-,5,5,-,5,-,-,-,-,2,-,,5,-100%,150%,2,2,100%,X,X,45%,80%,4,100%,3,-100%,200%,3
"Friden, God of the Sea",Where the Dead Ships Dwell,76,,4.1,485,-,-,9,24.5,-,-,-,5,5,-,5,-,-,-,-,2,-,,5,-100%,200%,2,2,100%,X,X,45%,80%,4,100%,3,-100%,200%,3
"Friden, God of the Sea",Where the Dead Ships Dwell,77,,4.1,485,-,-,9,24.5,-,-,-,5,5,-,5,-,-,-,-,2,-,,5,-100%,200%,2,2,100%,X,X,45%,90%,4,100%,3,-100%,200%,3
"Friden, God of the Sea",Where the Dead Ships Dwell,78,,4.1,485,-,-,9,24.5,-,-,-,5,5,-,5,-,-,-,-,2,-,,5,-100%,200%,2,2,100%,X,X,45%,90%,4,110%,3,-100%,200%,3
"Friden, God of the Sea",Where the Dead Ships Dwell,79,,4.1,485,-,-,9,24.5,-,-,-,5,5,-,5,-,-,-,-,2,-,,5,-100%,200%,2,2,100%,X,X,50%,90%,4,110%,3,-100%,200%,3
"Friden, God of the Sea",Where the Dead Ships Dwell,80,,4.1,485,-,-,14,24.5,-,-,-,5,5,-,5,-,-,-,-,2,-,,5,-100%,200%,2,2,1,X,X,50%,90%,4,110%,3,-100%,200%,3
"Friden, God of the Sea",Where the Dead Ships Dwell,81,,4.1,485,-,-,14,24.5,-,-,-,5,5,-,5,-,-,-,-,2,-,,5,-100%,200%,2,2,100%,X,X,50%,100%,4,110%,3,-100%,200%,3
"Friden, God of the Sea",Where the Dead Ships Dwell,82,,4.1,485,-,-,14,24.5,-,-,-,5,5,-,5,-,-,-,-,2,-,,5,-100%,200%,2,2,100%,X,X,50%,100%,4,120%,3,-100%,200%,3
"Friden, God of the Sea",Where the Dead Ships Dwell,83,,4.1,485,-,-,14,24.5,-,-,-,5,5,-,5,-,-,-,-,2,-,,5,-100%,200%,2,2,100%,X,X,50%,110%,4,120%,3,-100%,200%,3
"Friden, God of the Sea",Where the Dead Ships Dwell,84,,4.1,485,-,-,14,24.5,-,-,-,5,5,-,5,-,-,-,-,2,-,,5,-100%,200%,2,2,100%,X,X,55%,110%,4,120%,3,-100%,200%,3
"Friden, God of the Sea",Where the Dead Ships Dwell,85,,4.1,485,-,-,14,24.5,-,-,-,5,5,-,5,-,-,-,-,2,-,,5,-100%,200%,2,2,100%,X,X,55%,110%,4,120%,3,-100%,250%,3
"Friden, God of the Sea",Where the Dead Ships Dwell,86,,4.1,485,-,-,14,24.5,-,-,-,5,5,-,5,-,-,-,-,2,-,,5,-100%,200%,2,2,100%,X,X,60%,110%,4,120%,3,-100%,250%,3
"Friden, God of the Sea",Where the Dead Ships Dwell,87,,4.1,485,-,-,14,24.5,-,-,-,5,5,-,5,-,-,-,-,2,-,,5,-100%,200%,2,2,100%,X,X,60%,110%,4,130%,3,-100%,250%,3
"Friden, God of the Sea",Where the Dead Ships Dwell,88,,4.1,485,-,-,14,24.5,-,-,-,5,5,-,5,-,-,-,-,2,-,,5,-100%,200%,2,2,100%,X,X,65%,110%,4,130%,3,-100%,250%,3
"Friden, God of the Sea",Where the Dead Ships Dwell,89,,4.1,485,-,-,14,24.5,-,-,-,5,5,-,5,-,-,-,-,2,-,,5,-100%,200%,2,2,100%,X,X,65%,120%,4,130%,3,-100%,250%,3
"Friden, God of the Sea",Where the Dead Ships Dwell,90,,4.1,485,-,-,18.5,24.5,-,-,-,5,5,-,5,-,-,-,-,2,-,,5,-100%,200%,2,2,1,X,X,65%,120%,4,130%,3,-100%,250%,3
"Friden, God of the Sea",Where the Dead Ships Dwell,91,,4.1,485,-,-,18.5,24.5,-,-,-,5,5,-,5,-,-,-,-,2,-,,5,-100%,200%,2,2,100%,X,X,65%,130%,4,130%,3,-100%,250%,3
"Friden, God of the Sea",Where the Dead Ships Dwell,92,,4.1,485,-,-,18.5,24.5,-,-,-,5,5,-,5,-,-,-,-,2,-,,5,-100%,200%,2,2,100%,X,X,65%,130%,4,140%,3,-100%,250%,3
"Friden, God of the Sea",Where the Dead Ships Dwell,93,,4.1,485,-,-,18.5,24.5,-,-,-,5,5,-,5,-,-,-,-,2,-,,5,-100%,200%,2,2,100%,X,X,70%,130%,4,140%,3,-100%,250%,3
"Friden, God of the Sea",Where the Dead Ships Dwell,94,,4.1,485,-,-,18.5,24.5,-,-,-,5,5,-,5,-,-,-,-,2,-,,5,-100%,250%,2,2,100%,X,X,70%,130%,4,140%,3,-100%,250%,3
"Friden, God of the Sea",Where the Dead Ships Dwell,95,,4.1,485,-,-,18.5,24.5,-,-,-,5,5,-,5,-,-,-,-,2,-,,5,-100%,250%,2,2,100%,X,X,70%,140%,4,140%,3,-100%,250%,3
"Friden, God of the Sea",Where the Dead Ships Dwell,96,,4.1,485,-,-,18.5,24.5,-,-,-,5,5,-,5,-,-,-,-,2,-,,5,-100%,250%,2,2,100%,X,X,70%,140%,4,150%,3,-100%,250%,3
"Friden, God of the Sea",Where the Dead Ships Dwell,97,,4.1,485,-,-,18.5,24.5,-,-,-,5,5,-,5,-,-,-,-,2,-,,5,-100%,250%,2,2,100%,X,X,75%,140%,4,150%,3,-100%,250%,3
"Friden, God of the Sea",Where the Dead Ships Dwell,98,,4.1,485,-,-,18.5,24.5,-,-,-,5,5,-,5,-,-,-,-,2,-,,5,-100%,250%,2,2,100%,X,X,75%,150%,4,150%,3,-100%,250%,3
"Friden, God of the Sea",Where the Dead Ships Dwell,99,,4.1,485,-,-,18.5,24.5,-,-,-,5,5,-,5,-,-,-,-,2,-,,5,-100%,250%,2,2,100%,X,X,80%,150%,4,150%,3,-100%,250%,3
"Friden, God of the Sea",Where the Dead Ships Dwell,100,,4.1,485,-,-,18.5,24.5,-,-,-,5,5,-,10,-,-,-,-,2,-,,5,-100%,250%,2,2,1,X,X,80%,150%,4,150%,3,-100%,250%,3
"Genaros, God of Strife",Overgrown Temple,0,,-,450,-,-,-,5,-,-,-,3,3,-,-,-,-,-,-,-,-,,-,-,-,-,-,-,-,-,-,-,-,-,-,-,-,-
"Genaros, God of Strife",Overgrown Temple,1,,-,450,-,-,-,5,-,-,-,3,3,-,-,-,-,3,-,-,-,,-,-,-,-,-,-,-,-,-,-,-,-,-,-,-,-
"Genaros, God of Strife",Overgrown Temple,2,,-,450,-,-,-,5,-,-,-,3,3,-,-,-,-,3,-,-,-,,-,-,-,-,-,-,-,-,5%,-,-,-,-,-,-,-
"Genaros, God of Strife",Overgrown Temple,3,,-,450,-,-,-,6,-,-,-,3,3,-,-,-,-,3,-,-,-,,-,-,-,-,-,-,-,-,5%,-,-,-,-,-,-,-
"Genaros, God of Strife",Overgrown Temple,4,,-,450,-,-,-,6,-,-,-,3,3,-,-,-,-,3,-,-,-,,-,-,-,-,-,-,-,-,5%,-,-,10%,-,-,-,-
"Genaros, God of Strife",Overgrown Temple,5,,-,575,-,-,-,6,-,-,-,3,3,-,-,-,-,3,-,-,-,,-,-,-,-,-,-,-,-,5%,-,-,10%,-,-,-,-
"Genaros, God of Strife",Overgrown Temple,6,,-,575,-,-,-,6,-,-,-,3,3,-,-,-,-,3,-,-,-,,-,-,-,-,-,-,-,-,5%,-,-,10%,-,-,50%,-
"Genaros, God of Strife",Overgrown Temple,7,,1.75,575,-,-,-,6,-,-,-,3,3,-,-,-,-,3,-,-,-,,-,-,-,-,-,-,-,-,5%,-,-,10%,-,-,50%,-
"Genaros, God of Strife",Overgrown Temple,8,,1.75,575,-,-,-,6,-,-,-,3,3,-,-,-,-,3,-,-,-,,-,-,-,-,-,-,-,-,5%,-,-,10%,-,-,50%,1
"Genaros, God of Strife",Overgrown Temple,9,,1.75,575,-,-,-,6,-,-,-,3,3,-,-,-,-,3,-,-,-,,-,-,-,-,-,-,-,X,5%,-,-,10%,-,-,50%,1
"Genaros, God of Strife",Overgrown Temple,10,,1.75,575,-,-,3,6,-,-,-,3,3,-,-,-,-,3,-,-,-,,-,-,-,-,-,-,-,X,5%,-,-,10%,-,-,50%,1
"Genaros, God of Strife",Overgrown Temple,11,,1.75,575,-,-,3,6,-,-,-,3,3,-,-,-,-,3,-,-,-,,-,-,-,1,-,-,-,X,5%,-,-,10%,-,-,50%,1
"Genaros, God of Strife",Overgrown Temple,12,,1.75,575,-,-,3,6,-,-,-,3,3,-,-,-,-,3,-,-,-,,-,-,50%,1,-,-,-,X,5%,-,-,10%,-,-,50%,1
"Genaros, God of Strife",Overgrown Temple,13,,1.75,575,-,-,3,6,-,-,-,3,3,-,-,-,-,3,-,-,-,,-,-,50%,1,-,-,-,X,5%,-,-,10%,1,-,50%,1
"Genaros, God of Strife",Overgrown Temple,14,,1.75,575,-,-,3,6,-,-,-,3,3,-,-,-,-,3,-,-,-,,-,-,50%,1,-,-,-,X,5%,-,1,10%,1,-,50%,1
"Genaros, God of Strife",Overgrown Temple,15,,1.75,675,-,-,3,6,-,-,-,3,3,-,-,-,-,3,-,-,-,,-,-,50%,1,-,-,-,X,5%,-,1,10%,1,-,50%,1
"Genaros, God of Strife",Overgrown Temple,16,,1.75,675,-,-,3,6,-,-,-,3,3,-,-,-,-,3,-,-,-,,-,-,50%,1,-,-,X,X,5%,-,1,10%,1,-,50%,1
"Genaros, God of Strife",Overgrown Temple,17,,1.75,675,-,-,3,6,-,-,-,3,3,-,-,-,-,3,-,-,-,,1,-,50%,1,-,-,X,X,5%,-,1,10%,1,-,50%,1
"Genaros, God of Strife",Overgrown Temple,18,,1.75,675,-,-,3,6,-,-,-,3,3,-,-,-,-,3,-,-,-,,1,-,50%,1,-,-,X,X,5%,-,1,20%,1,-,50%,1
"Genaros, God of Strife",Overgrown Temple,19,,1.75,675,-,-,3,6,-,-,-,3,3,-,-,-,-,3,-,-,-,,1,-,50%,1,-,-,X,X,10%,-,1,20%,1,-,50%,1
"Genaros, God of Strife",Overgrown Temple,20,,1.75,675,-,-,3,7.5,-,-,-,3,3,-,-,-,-,3,-,-,-,,1,-,50%,1,-,-,X,X,10%,-,1,20%,1,-,50%,1
"Genaros, God of Strife",Overgrown Temple,21,,1.75,675,-,-,3,7.5,-,-,-,3,3,-,-,-,-,3,-,-,-,,1,-,50%,1,-,-,X,X,10%,-,1,20%,1,-,100%,1
"Genaros, God of Strife",Overgrown Temple,22,,1.75,675,-,-,3,7.5,-,-,-,3,3,-,-,-,-,3,-,-,-,,1,-,50%,1,-,-,X,X,10%,-,1,20%,2,-,100%,1
"Genaros, God of Strife",Overgrown Temple,23,,1.75,675,-,-,3,7.5,-,-,-,3,3,-,-,-,-,3,-,-,-,,1,-,50%,1,-,-,X,X,10%,-,2,20%,2,-,100%,1
"Genaros, God of Strife",Overgrown Temple,24,,1.75,675,-,-,3,7.5,-,-,-,3,3,-,-,-,-,3,-,-,-,,1,-,50%,2,-,-,X,X,10%,-,2,20%,2,-,100%,1
"Genaros, God of Strife",Overgrown Temple,25,,1.75,675,-,-,3,7.5,-,-,-,3,3,1,-,-,-,3,-,-,-,,1,-,50%,2,-,-,X,X,10%,-,2,20%,2,-,100%,1
"Genaros, God of Strife",Overgrown Temple,26,,1.75,675,-,-,3,7.5,-,-,-,3,3,1,-,-,-,3,-,-,-,,1,-50%,50%,2,-,-,X,X,10%,-,2,20%,2,-,100%,1
"Genaros, God of Strife",Overgrown Temple,27,,1.75,675,-,-,3,7.5,-,-,-,3,3,1,-,-,-,3,-,-,-,,1,-50%,100%,2,-,-,X,X,10%,-,2,20%,2,-,100%,1
"Genaros, God of Strife",Overgrown Temple,28,,1.75,675,-,-,3,7.5,-,-,-,3,3,1,-,-,-,3,-,-,-,,1,-50%,100%,2,-,-,X,X,10%,-,2,20%,3,-,100%,1
"Genaros, God of Strife",Overgrown Temple,29,,1.75,675,-,-,3,7.5,-,-,-,3,3,1,-,-,-,3,-,-,-,,1,-50%,100%,2,-,-,X,X,15%,-,2,20%,3,-,100%,1
"Genaros, God of Strife",Overgrown Temple,30,,1.75,675,-,-,3,7.5,-,-,-,3,3,1,-,-,5,3,-,-,-,,1,-50%,100%,2,-,-,X,X,15%,-,2,20%,3,-,100%,1
"Genaros, God of Strife",Overgrown Temple,31,,1.75,675,-,-,3,7.5,-,-,-,3,3,1,-,-,5,3,-,-,-,,1,-50%,100%,2,-,-,X,X,15%,-,2,20%,3,-,100%,2
"Genaros, God of Strife",Overgrown Temple,32,,1.75,675,-,-,3,7.5,-,-,-,3,3,1,-,-,5,3,-,-,-,,1,-50%,100%,2,-,-,X,X,15%,-,2,20%,3,-50%,100%,2
"Genaros, God of Strife",Overgrown Temple,33,,1.75,675,-,-,3,7.5,-,-,-,3,3,1,-,-,5,3,-,-,-,,1,-50%,100%,2,1,-,X,X,15%,-,2,20%,3,-50%,100%,2
"Genaros, God of Strife",Overgrown Temple,34,,1.75,675,-,-,3,7.5,-,-,-,3,3,1,-,-,5,3,-,-,-,,1,-50%,100%,2,1,-,X,X,15%,-,3,20%,3,-50%,100%,2
"Genaros, God of Strife",Overgrown Temple,35,,1.75,675,-,-,3,10,-,-,-,3,3,1,-,-,5,3,-,-,-,,1,-50%,100%,2,1,-,X,X,15%,-,3,20%,3,-50%,100%,2
"Genaros, God of Strife",Overgrown Temple,36,,1.75,675,-,-,3,10,-,-,-,3,3,1,-,-,5,3,-,-,-,,2,-50%,100%,2,1,-,X,X,15%,-,3,20%,3,-50%,100%,2
"Genaros, God of Strife",Overgrown Temple,37,,1.75,675,-,-,3,10,-,-,-,3,3,1,-,-,5,3,-,-,-,,2,-50%,100%,2,1,-,X,X,15%,-,3,30%,3,-50%,100%,2
"Genaros, God of Strife",Overgrown Temple,38,,1.75,675,-,-,3,10,-,-,-,3,3,1,-,-,5,3,-,-,-,,2,-50%,100%,2,1,-,X,X,15%,-,3,30%,3,-50%,150%,2
"Genaros, God of Strife",Overgrown Temple,39,,1.75,675,-,-,3,10,-,-,-,3,3,1,-,-,5,3,-,-,-,,2,-50%,100%,2,1,-,X,X,15%,-,4,30%,3,-50%,150%,2
"Genaros, God of Strife",Overgrown Temple,40,,1.75,675,-,-,3,10,-,-,-,3,3,1,-,3,5,3,-,-,-,,2,-50%,100%,2,1,-,X,X,15%,-,4,30%,3,-50%,150%,2
"Genaros, God of Strife",Overgrown Temple,41,,1.75,675,-,-,3,10,-,-,-,3,3,1,-,3,5,3,-,-,-,,3,-50%,100%,2,1,-,X,X,15%,-,4,30%,3,-50%,150%,2
"Genaros, God of Strife",Overgrown Temple,42,,1.75,675,-,-,3,10,-,-,-,3,3,1,-,3,5,3,-,-,-,,3,-50%,100%,2,1,100%,X,X,15%,-,4,30%,3,-50%,150%,2
"Genaros, God of Strife",Overgrown Temple,43,,1.75,675,-,-,3,10,-,-,-,3,3,1,-,3,5,3,-,-,-,,3,-50%,100%,2,1,100%,X,X,15%,-,4,40%,3,-50%,150%,2
"Genaros, God of Strife",Overgrown Temple,44,,1.75,675,-,-,3,10,-,-,-,3,3,1,-,3,5,3,-,-,-,,3,-50%,100%,2,1,100%,X,X,20%,-,4,40%,3,-50%,150%,2
"Genaros, God of Strife",Overgrown Temple,45,,2.45,675,-,-,3,10,-,-,-,3,3,1,-,3,5,3,-,-,-,,3,-50%,100%,2,1,1,X,X,20%,-,4,40%,3,-50%,150%,2
"Genaros, God of Strife",Overgrown Temple,46,,2.45,675,-,-,3,10,-,-,-,3,3,1,-,3,5,3,-,-,-,,3,-50%,100%,2,1,100%,X,X,20%,10%,4,40%,3,-50%,150%,2
"Genaros, God of Strife",Overgrown Temple,47,,2.45,675,-,-,3,10,-,-,-,3,3,1,-,3,5,3,-,-,-,,3,-50%,150%,2,1,100%,X,X,20%,10%,4,40%,3,-50%,150%,2
"Genaros, God of Strife",Overgrown Temple,48,,2.45,675,-,-,3,10,-,-,-,3,3,1,-,3,5,3,-,-,-,,4,-50%,150%,2,1,100%,X,X,20%,10%,4,40%,3,-50%,150%,2
"Genaros, God of Strife",Overgrown Temple,49,,2.45,675,-,-,3,10,-,-,-,3,3,1,-,3,5,3,-,-,-,,4,-50%,150%,2,1,100%,X,X,20%,10%,4,50%,3,-50%,150%,2
"Genaros, God of Strife",Overgrown Temple,50,,2.45,675,-,-,3,10,-,-,-,3,3,1,-,3,5,3,-,-,-,,4,-50%,150%,2,1,1,X,X,20%,10%,4,50%,3,-50%,150%,2
"Genaros, God of Strife",Overgrown Temple,51,,2.45,675,-,-,3,13,-,-,-,3,3,1,-,3,5,3,-,-,-,,4,-50%,150%,2,1,100%,X,X,25%,10%,4,50%,3,-50%,150%,2
"Genaros, God of Strife",Overgrown Temple,52,,2.45,675,-,-,3,13,-,-,-,3,3,1,-,3,5,3,-,-,-,,4,-50%,150%,2,2,100%,X,X,25%,10%,4,50%,3,-50%,150%,2
"Genaros, God of Strife",Overgrown Temple,53,,2.45,675,-,-,3,13,-,-,-,3,3,1,-,3,5,3,-,-,-,,4,-50%,150%,2,2,100%,X,X,25%,20%,4,50%,3,-50%,150%,2
"Genaros, God of Strife",Overgrown Temple,54,,2.45,675,-,-,3,13,-,-,-,3,3,1,-,3,5,3,-,-,-,,4,-50%,150%,2,2,100%,X,X,25%,20%,4,60%,3,-50%,150%,2
"Genaros, God of Strife",Overgrown Temple,55,,2.45,675,-,-,3,13,-,-,-,3,3,1,-,3,5,3,-,-,-,,4,-50%,150%,2,2,100%,X,X,25%,20%,4,60%,3,-50%,150%,3
"Genaros, God of Strife",Overgrown Temple,56,,2.45,675,-,-,3,13,-,-,-,3,3,1,-,3,5,3,-,-,-,,4,-100%,150%,2,2,100%,X,X,25%,20%,4,60%,3,-50%,150%,3
"Genaros, God of Strife",Overgrown Temple,57,,2.45,675,-,-,3,13,-,-,-,3,3,1,-,3,5,3,-,-,-,,5,-100%,150%,2,2,100%,X,X,25%,20%,4,60%,3,-50%,150%,3
"Genaros, God of Strife",Overgrown Temple,58,,2.45,675,-,-,3,13,-,-,-,3,3,1,-,3,5,3,-,-,-,,5,-100%,150%,2,2,100%,X,X,25%,20%,4,70%,3,-50%,150%,3
"Genaros, God of Strife",Overgrown Temple,59,,2.45,675,-,-,3,13,-,-,-,3,3,1,-,3,5,3,-,-,-,,5,-100%,150%,2,2,100%,X,X,30%,20%,4,70%,3,-50%,150%,3
"Genaros, God of Strife",Overgrown Temple,60,,3.45,675,-,-,3,13,-,-,-,3,3,1,-,3,5,3,-,-,-,,5,-100%,150%,2,2,1,X,X,30%,20%,4,70%,3,-50%,150%,3
"Genaros, God of Strife",Overgrown Temple,61,,3.45,675,-,-,3,13,-,-,-,3,3,1,-,3,5,3,-,-,-,,5,-100%,150%,2,2,100%,X,X,30%,30%,4,70%,3,-50%,150%,3
"Genaros, God of Strife",Overgrown Temple,62,,3.45,675,-,-,3,13,-,-,-,3,3,1,-,3,5,3,-,-,-,,5,-100%,150%,2,2,100%,X,X,30%,30%,4,80%,3,-50%,150%,3
"Genaros, God of Strife",Overgrown Temple,63,,3.45,675,-,-,3,13,-,-,-,3,3,1,-,3,5,3,-,-,-,,5,-100%,150%,2,2,100%,X,X,35%,30%,4,80%,3,-50%,150%,3
"Genaros, God of Strife",Overgrown Temple,64,,3.45,675,-,-,3,13,-,-,-,3,3,1,-,3,5,3,-,-,-,,5,-100%,150%,2,2,100%,X,X,35%,40%,4,80%,3,-50%,150%,3
"Genaros, God of Strife",Overgrown Temple,65,,3.45,675,-,-,3,13,-,-,-,3,3,1,-,3,5,3,-,-,-,,5,-100%,150%,2,2,100%,X,X,35%,40%,4,80%,3,-50%,200%,3
"Genaros, God of Strife",Overgrown Temple,66,,3.45,675,-,-,3,13,-,-,-,3,3,1,-,3,5,3,-,-,-,,5,-100%,150%,2,2,100%,X,X,35%,40%,4,80%,3,-100%,200%,3
"Genaros, God of Strife",Overgrown Temple,67,,3.45,675,-,-,3,13,-,-,-,3,3,1,-,3,5,3,-,-,-,,5,-100%,150%,2,2,100%,X,X,35%,40%,4,90%,3,-100%,200%,3
"Genaros, God of Strife",Overgrown Temple,68,,3.45,675,-,-,3,13,-,-,-,3,3,1,-,3,5,3,-,-,-,,5,-100%,150%,2,2,100%,X,X,35%,50%,4,90%,3,-100%,200%,3
"Genaros, God of Strife",Overgrown Temple,69,,3.45,675,-,-,3,13,-,-,-,3,3,1,-,3,5,3,-,-,-,,5,-100%,150%,2,2,100%,X,X,40%,50%,4,90%,3,-100%,200%,3
"Genaros, God of Strife",Overgrown Temple,70,,3.45,675,-,-,3,13,-,-,-,3,3,1,-,8,5,3,-,-,-,,5,-100%,150%,2,2,1,X,X,40%,50%,4,90%,3,-100%,200%,3
"Genaros, God of Strife",Overgrown Temple,71,,3.45,675,-,-,3,13,-,-,-,3,3,1,-,8,5,3,-,-,-,,5,-100%,150%,2,2,100%,X,X,40%,50%,4,100%,3,-100%,200%,3
"Genaros, God of Strife",Overgrown Temple,72,,3.45,675,-,-,3,13,-,-,-,3,3,1,-,8,5,3,-,-,-,,5,-100%,150%,2,2,100%,X,X,40%,60%,4,100%,3,-100%,200%,3
"Genaros, God of Strife",Overgrown Temple,73,,3.45,675,-,-,3,13,-,-,-,3,3,1,-,8,5,3,-,-,-,,5,-100%,150%,2,2,100%,X,X,45%,60%,4,100%,3,-100%,200%,3
"Genaros, God of Strife",Overgrown Temple,74,,3.45,675,-,-,3,13,-,-,-,3,3,1,-,8,5,3,-,-,-,,5,-100%,150%,2,2,100%,X,X,45%,70%,4,100%,3,-100%,200%,3
"Genaros, God of Strife",Overgrown Temple,75,,3.45,675,-,-,3,13,-,-,-,3,3,1,-,8,5,3,-,-,-,,5,-100%,150%,2,2,100%,X,X,45%,80%,4,100%,3,-100%,200%,3
"Genaros, God of Strife",Overgrown Temple,76,,3.45,675,-,-,3,13,-,-,-,3,3,1,-,8,5,3,-,-,-,,5,-100%,200%,2,2,100%,X,X,45%,80%,4,100%,3,-100%,200%,3
"Genaros, God of Strife",Overgrown Temple,77,,3.45,675,-,-,3,13,-,-,-,3,3,1,-,8,5,3,-,-,-,,5,-100%,200%,2,2,100%,X,X,45%,90%,4,100%,3,-100%,200%,3
"Genaros, God of Strife",Overgrown Temple,78,,3.45,675,-,-,3,13,-,-,-,3,3,1,-,8,5,3,-,-,-,,5,-100%,200%,2,2,100%,X,X,45%,90%,4,110%,3,-100%,200%,3
"Genaros, God of Strife",Overgrown Temple,79,,3.45,675,-,-,3,13,-,-,-,3,3,1,-,8,5,3,-,-,-,,5,-100%,200%,2,2,100%,X,X,50%,90%,4,110%,3,-100%,200%,3
"Genaros, God of Strife",Overgrown Temple,80,,3.45,675,-,-,3,13,-,-,-,3,3,1,5,8,5,3,-,-,-,,5,-100%,200%,2,2,1,X,X,50%,90%,4,110%,3,-100%,200%,3
"Genaros, God of Strife",Overgrown Temple,81,,3.45,675,-,-,3,13,-,-,-,3,3,1,5,8,5,3,-,-,-,,5,-100%,200%,2,2,100%,X,X,50%,100%,4,110%,3,-100%,200%,3
"Genaros, God of Strife",Overgrown Temple,82,,3.45,675,-,-,3,13,-,-,-,3,3,1,5,8,5,3,-,-,-,,5,-100%,200%,2,2,100%,X,X,50%,100%,4,120%,3,-100%,200%,3
"Genaros, God of Strife",Overgrown Temple,83,,3.45,675,-,-,3,13,-,-,-,3,3,1,5,8,5,3,-,-,-,,5,-100%,200%,2,2,100%,X,X,50%,110%,4,120%,3,-100%,200%,3
"Genaros, God of Strife",Overgrown Temple,84,,3.45,675,-,-,3,13,-,-,-,3,3,1,5,8,5,3,-,-,-,,5,-100%,200%,2,2,100%,X,X,55%,110%,4,120%,3,-100%,200%,3
"Genaros, God of Strife",Overgrown Temple,85,,3.45,675,-,-,3,13,-,-,-,3,3,1,5,8,5,3,-,-,-,,5,-100%,200%,2,2,100%,X,X,55%,110%,4,120%,3,-100%,250%,3
"Genaros, God of Strife",Overgrown Temple,86,,3.45,675,-,-,3,13,-,-,-,3,3,1,5,8,5,3,-,-,-,,5,-100%,200%,2,2,100%,X,X,60%,110%,4,120%,3,-100%,250%,3
"Genaros, God of Strife",Overgrown Temple,87,,3.45,675,-,-,3,13,-,-,-,3,3,1,5,8,5,3,-,-,-,,5,-100%,200%,2,2,100%,X,X,60%,110%,4,130%,3,-100%,250%,3
"Genaros, God of Strife",Overgrown Temple,88,,3.45,675,-,-,3,13,-,-,-,3,3,1,5,8,5,3,-,-,-,,5,-100%,200%,2,2,100%,X,X,65%,110%,4,130%,3,-100%,250%,3
"Genaros, God of Strife",Overgrown Temple,89,,3.45,675,-,-,3,13,-,-,-,3,3,1,5,8,5,3,-,-,-,,5,-100%,200%,2,2,100%,X,X,65%,120%,4,130%,3,-100%,250%,3
"Genaros, God of Strife",Overgrown Temple,90,,3.45,675,-,-,3,13,-,-,-,3,3,1,8,8,5,3,-,-,-,,5,-100%,200%,2,2,1,X,X,65%,120%,4,130%,3,-100%,250%,3
"Genaros, God of Strife",Overgrown Temple,91,,3.45,675,-,-,3,13,-,-,-,3,3,1,8,8,5,3,-,-,-,,5,-100%,200%,2,2,100%,X,X,65%,130%,4,130%,3,-100%,250%,3
"Genaros, God of Strife",Overgrown Temple,92,,3.45,675,-,-,3,13,-,-,-,3,3,1,8,8,5,3,-,-,-,,5,-100%,200%,2,2,100%,X,X,65%,130%,4,140%,3,-100%,250%,3
"Genaros, God of Strife",Overgrown Temple,93,,3.45,675,-,-,3,13,-,-,-,3,3,1,8,8,5,3,-,-,-,,5,-100%,200%,2,2,100%,X,X,70%,130%,4,140%,3,-100%,250%,3
"Genaros, God of Strife",Overgrown Temple,94,,3.45,675,-,-,3,13,-,-,-,3,3,1,8,8,5,3,-,-,-,,5,-100%,250%,2,2,100%,X,X,70%,130%,4,140%,3,-100%,250%,3
"Genaros, God of Strife",Overgrown Temple,95,,3.45,675,-,-,3,13,-,-,-,3,3,1,8,8,5,3,-,-,-,,5,-100%,250%,2,2,100%,X,X,70%,140%,4,140%,3,-100%,250%,3
"Genaros, God of Strife",Overgrown Temple,96,,3.45,675,-,-,3,13,-,-,-,3,3,1,8,8,5,3,-,-,-,,5,-100%,250%,2,2,100%,X,X,70%,140%,4,150%,3,-100%,250%,3
"Genaros, God of Strife",Overgrown Temple,97,,3.45,675,-,-,3,13,-,-,-,3,3,1,8,8,5,3,-,-,-,,5,-100%,250%,2,2,100%,X,X,75%,140%,4,150%,3,-100%,250%,3
"Genaros, God of Strife",Overgrown Temple,98,,3.45,675,-,-,3,13,-,-,-,3,3,1,8,8,5,3,-,-,-,,5,-100%,250%,2,2,100%,X,X,75%,150%,4,150%,3,-100%,250%,3
"Genaros, God of Strife",Overgrown Temple,99,,3.45,675,-,-,3,13,-,-,-,3,3,1,8,8,5,3,-,-,-,,5,-100%,250%,2,2,100%,X,X,80%,150%,4,150%,3,-100%,250%,3
"Genaros, God of Strife",Overgrown Temple,100,,3.45,675,-,-,3,15,-,-,-,3,3,1,8,8,5,3,-,-,-,,5,-100%,250%,2,2,1,X,X,80%,150%,4,150%,3,-100%,250%,3
"Gonfurian, God of War",Kingdom of Heretics,0,,-,300,-,5,-,5,-,-,-,3,3,-,-,-,-,-,-,-,-,,-,-,-,-,-,-,-,-,-,-,-,-,-,-,-,-
"Gonfurian, God of War",Kingdom of Heretics,1,,-,300,-,5,-,5,-,-,-,3,3,-,-,3,-,-,-,-,-,,-,-,-,-,-,-,-,-,-,-,-,-,-,-,-,-
"Gonfurian, God of War",Kingdom of Heretics,2,,-,300,-,5,-,5,-,-,-,3,3,-,-,3,-,-,-,-,-,,-,-,-,-,-,-,-,-,5%,-,-,-,-,-,-,-
"Gonfurian, God of War",Kingdom of Heretics,3,,-,300,-,10,-,5,-,-,-,3,3,-,-,3,-,-,-,-,-,,-,-,-,-,-,-,-,-,5%,-,-,-,-,-,-,-
"Gonfurian, God of War",Kingdom of Heretics,4,,-,300,-,10,-,5,-,-,-,3,3,-,-,3,-,-,-,-,-,,-,-,-,-,-,-,-,-,5%,-,-,10%,-,-,-,-
"Gonfurian, God of War",Kingdom of Heretics,5,,-,300,-,10,-,5,-,-,-,3,3,-,-,6,-,-,-,-,-,,-,-,-,-,-,-,-,-,5%,-,-,10%,-,-,-,-
"Gonfurian, God of War",Kingdom of Heretics,6,,-,300,-,10,-,5,-,-,-,3,3,-,-,6,-,-,-,-,-,,-,-,-,-,-,-,-,-,5%,-,-,10%,-,-,50%,-
"Gonfurian, God of War",Kingdom of Heretics,7,,-,300,-,10,-,5,-,-,-,3,3,-,-,6,-,3,-,-,-,,-,-,-,-,-,-,-,-,5%,-,-,10%,-,-,50%,-
"Gonfurian, God of War",Kingdom of Heretics,8,,-,300,-,10,-,5,-,-,-,3,3,-,-,6,-,3,-,-,-,,-,-,-,-,-,-,-,-,5%,-,-,10%,-,-,50%,1
"Gonfurian, God of War",Kingdom of Heretics,9,,-,300,-,10,-,5,-,-,-,3,3,-,-,6,-,3,-,-,-,,-,-,-,-,-,-,-,X,5%,-,-,10%,-,-,50%,1
"Gonfurian, God of War",Kingdom of Heretics,10,,-,300,-,10,-,5,-,-,-,3,3,-,-,9,-,3,-,-,-,,-,-,-,-,-,-,-,X,5%,-,-,10%,-,-,50%,1
"Gonfurian, God of War",Kingdom of Heretics,11,,-,300,-,10,-,5,-,-,-,3,3,-,-,9,-,3,-,-,-,,-,-,-,1,-,-,-,X,5%,-,-,10%,-,-,50%,1
"Gonfurian, God of War",Kingdom of Heretics,12,,-,300,-,10,-,5,-,-,-,3,3,-,-,9,-,3,-,-,-,,-,-,50%,1,-,-,-,X,5%,-,-,10%,-,-,50%,1
"Gonfurian, God of War",Kingdom of Heretics,13,,-,300,-,10,-,5,-,-,-,3,3,-,-,9,-,3,-,-,-,,-,-,50%,1,-,-,-,X,5%,-,-,10%,1,-,50%,1
"Gonfurian, God of War",Kingdom of Heretics,14,,-,300,-,10,-,5,-,-,-,3,3,-,-,9,-,3,-,-,-,,-,-,50%,1,-,-,-,X,5%,-,1,10%,1,-,50%,1
"Gonfurian, God of War",Kingdom of Heretics,15,,-,300,-,10,-,7.5,-,-,-,3,3,-,-,9,-,3,-,-,-,,-,-,50%,1,-,-,-,X,5%,-,1,10%,1,-,50%,1
"Gonfurian, God of War",Kingdom of Heretics,16,,-,300,-,10,-,7.5,-,-,-,3,3,-,-,9,-,3,-,-,-,,-,-,50%,1,-,-,X,X,5%,-,1,10%,1,-,50%,1
"Gonfurian, God of War",Kingdom of Heretics,17,,-,300,-,10,-,7.5,-,-,-,3,3,-,-,9,-,3,-,-,-,,1,-,50%,1,-,-,X,X,5%,-,1,10%,1,-,50%,1
"Gonfurian, God of War",Kingdom of Heretics,18,,-,300,-,10,-,7.5,-,-,-,3,3,-,-,9,-,3,-,-,-,,1,-,50%,1,-,-,X,X,5%,-,1,20%,1,-,50%,1
"Gonfurian, God of War",Kingdom of Heretics,19,,-,300,-,10,-,7.5,-,-,-,3,3,-,-,9,-,3,-,-,-,,1,-,50%,1,-,-,X,X,10%,-,1,20%,1,-,50%,1
"Gonfurian, God of War",Kingdom of Heretics,20,,-,300,-,10,-,7.5,-,-,-,3,3,-,-,12,-,3,-,-,-,,1,-,50%,1,-,-,X,X,10%,-,1,20%,1,-,50%,1
"Gonfurian, God of War",Kingdom of Heretics,21,,-,300,-,10,-,7.5,-,-,-,3,3,-,-,12,-,3,-,-,-,,1,-,50%,1,-,-,X,X,10%,-,1,20%,1,-,100%,1
"Gonfurian, God of War",Kingdom of Heretics,22,,-,300,-,10,-,7.5,-,-,-,3,3,-,-,12,-,3,-,-,-,,1,-,50%,1,-,-,X,X,10%,-,1,20%,2,-,100%,1
"Gonfurian, God of War",Kingdom of Heretics,23,,-,300,-,10,-,7.5,-,-,-,3,3,-,-,12,-,3,-,-,-,,1,-,50%,1,-,-,X,X,10%,-,2,20%,2,-,100%,1
"Gonfurian, God of War",Kingdom of Heretics,24,,-,300,-,10,-,7.5,-,-,-,3,3,-,-,12,-,3,-,-,-,,1,-,50%,2,-,-,X,X,10%,-,2,20%,2,-,100%,1
"Gonfurian, God of War",Kingdom of Heretics,25,,-,300,-,10,-,7.5,-,-,-,3,3,-,-,17,-,3,-,-,-,,1,-,50%,2,-,-,X,X,10%,-,2,20%,2,-,100%,1
"Gonfurian, God of War",Kingdom of Heretics,26,,-,300,-,10,-,7.5,-,-,-,3,3,-,-,17,-,3,-,-,-,,1,-50%,50%,2,-,-,X,X,10%,-,2,20%,2,-,100%,1
"Gonfurian, God of War",Kingdom of Heretics,27,,-,300,-,10,-,7.5,-,-,-,3,3,-,-,17,-,3,-,-,-,,1,-50%,100%,2,-,-,X,X,10%,-,2,20%,2,-,100%,1
"Gonfurian, God of War",Kingdom of Heretics,28,,-,300,-,10,-,7.5,-,-,-,3,3,-,-,17,-,3,-,-,-,,1,-50%,100%,2,-,-,X,X,10%,-,2,20%,3,-,100%,1
"Gonfurian, God of War",Kingdom of Heretics,29,,-,300,-,10,-,7.5,-,-,-,3,3,-,-,17,-,3,-,-,-,,1,-50%,100%,2,-,-,X,X,15%,-,2,20%,3,-,100%,1
"Gonfurian, God of War",Kingdom of Heretics,30,,0.75,300,-,10,-,7.5,-,-,-,3,3,-,-,17,-,3,-,-,-,,1,-50%,100%,2,-,-,X,X,15%,-,2,20%,3,-,100%,1
"Gonfurian, God of War",Kingdom of Heretics,31,,0.75,300,-,10,-,7.5,-,-,-,3,3,-,-,17,-,3,-,-,-,,1,-50%,100%,2,-,-,X,X,15%,-,2,20%,3,-,100%,2
"Gonfurian, God of War",Kingdom of Heretics,32,,0.75,300,-,10,-,7.5,-,-,-,3,3,-,-,17,-,3,-,-,-,,1,-50%,100%,2,-,-,X,X,15%,-,2,20%,3,-50%,100%,2
"Gonfurian, God of War",Kingdom of Heretics,33,,0.75,300,-,10,-,7.5,-,-,-,3,3,-,-,17,-,3,-,-,-,,1,-50%,100%,2,1,-,X,X,15%,-,2,20%,3,-50%,100%,2
"Gonfurian, God of War",Kingdom of Heretics,34,,0.75,300,-,10,-,7.5,-,-,-,3,3,-,-,17,-,3,-,-,-,,1,-50%,100%,2,1,-,X,X,15%,-,3,20%,3,-50%,100%,2
"Gonfurian, God of War",Kingdom of Heretics,35,,0.75,300,-,10,-,7.5,-,-,-,3,3,-,-,17,-,6,-,-,-,,1,-50%,100%,2,1,-,X,X,15%,-,3,20%,3,-50%,100%,2
"Gonfurian, God of War",Kingdom of Heretics,36,,0.75,300,-,10,-,7.5,-,-,-,3,3,-,-,17,-,6,-,-,-,,2,-50%,100%,2,1,-,X,X,15%,-,3,20%,3,-50%,100%,2
"Gonfurian, God of War",Kingdom of Heretics,37,,0.75,300,-,10,-,7.5,-,-,-,3,3,-,-,17,-,6,-,-,-,,2,-50%,100%,2,1,-,X,X,15%,-,3,30%,3,-50%,100%,2
"Gonfurian, God of War",Kingdom of Heretics,38,,0.75,300,-,10,-,7.5,-,-,-,3,3,-,-,17,-,6,-,-,-,,2,-50%,100%,2,1,-,X,X,15%,-,3,30%,3,-50%,150%,2
"Gonfurian, God of War",Kingdom of Heretics,39,,0.75,300,-,10,-,7.5,-,-,-,3,3,-,-,17,-,6,-,-,-,,2,-50%,100%,2,1,-,X,X,15%,-,4,30%,3,-50%,150%,2
"Gonfurian, God of War",Kingdom of Heretics,40,,0.75,300,-,10,-,7.5,-,-,-,5,3,-,-,19,-,6,-,-,-,,2,-50%,100%,2,1,-,X,X,15%,-,4,30%,3,-50%,150%,2
"Gonfurian, God of War",Kingdom of Heretics,41,,0.75,300,-,10,-,7.5,-,-,-,5,3,-,-,19,-,6,-,-,-,,3,-50%,100%,2,1,-,X,X,15%,-,4,30%,3,-50%,150%,2
"Gonfurian, God of War",Kingdom of Heretics,42,,0.75,300,-,10,-,7.5,-,-,-,5,3,-,-,19,-,6,-,-,-,,3,-50%,100%,2,1,100%,X,X,15%,-,4,30%,3,-50%,150%,2
"Gonfurian, God of War",Kingdom of Heretics,43,,0.75,300,-,10,-,7.5,-,-,-,5,3,-,-,19,-,6,-,-,-,,3,-50%,100%,2,1,100%,X,X,15%,-,4,40%,3,-50%,150%,2
"Gonfurian, God of War",Kingdom of Heretics,44,,0.75,300,-,10,-,7.5,-,-,-,5,3,-,-,19,-,6,-,-,-,,3,-50%,100%,2,1,100%,X,X,20%,-,4,40%,3,-50%,150%,2
"Gonfurian, God of War",Kingdom of Heretics,45,,2,300,-,10,-,7.5,-,-,-,5,3,-,-,19,-,6,-,-,-,,3,-50%,100%,2,1,1,X,X,20%,-,4,40%,3,-50%,150%,2
"Gonfurian, God of War",Kingdom of Heretics,46,,2,300,-,10,-,7.5,-,-,-,5,3,-,-,19,-,6,-,-,-,,3,-50%,100%,2,1,100%,X,X,20%,10%,4,40%,3,-50%,150%,2
"Gonfurian, God of War",Kingdom of Heretics,47,,2,300,-,10,-,7.5,-,-,-,5,3,-,-,19,-,6,-,-,-,,3,-50%,150%,2,1,100%,X,X,20%,10%,4,40%,3,-50%,150%,2
"Gonfurian, God of War",Kingdom of Heretics,48,,2,300,-,10,-,7.5,-,-,-,5,3,-,-,19,-,6,-,-,-,,4,-50%,150%,2,1,100%,X,X,20%,10%,4,40%,3,-50%,150%,2
"Gonfurian, God of War",Kingdom of Heretics,49,,2,300,-,10,-,7.5,-,-,-,5,3,-,-,19,-,6,-,-,-,,4,-50%,150%,2,1,100%,X,X,20%,10%,4,50%,3,-50%,150%,2
"Gonfurian, God of War",Kingdom of Heretics,50,,2,300,-,10,-,7.5,-,-,-,5,3,-,-,22,-,6,-,-,-,,4,-50%,150%,2,1,1,X,X,20%,10%,4,50%,3,-50%,150%,2
"Gonfurian, God of War",Kingdom of Heretics,51,,2,300,-,10,-,7.5,-,-,-,5,3,-,-,22,-,6,-,-,-,,4,-50%,150%,2,1,100%,X,X,25%,10%,4,50%,3,-50%,150%,2
"Gonfurian, God of War",Kingdom of Heretics,52,,2,300,-,10,-,7.5,-,-,-,5,3,-,-,22,-,6,-,-,-,,4,-50%,150%,2,2,100%,X,X,25%,10%,4,50%,3,-50%,150%,2
"Gonfurian, God of War",Kingdom of Heretics,53,,2,300,-,10,-,7.5,-,-,-,5,3,-,-,22,-,6,-,-,-,,4,-50%,150%,2,2,100%,X,X,25%,20%,4,50%,3,-50%,150%,2
"Gonfurian, God of War",Kingdom of Heretics,54,,2,300,-,10,-,7.5,-,-,-,5,3,-,-,22,-,6,-,-,-,,4,-50%,150%,2,2,100%,X,X,25%,20%,4,60%,3,-50%,150%,2
"Gonfurian, God of War",Kingdom of Heretics,55,,2,300,-,10,-,7.5,-,-,-,5,3,-,-,22,-,6,-,-,-,,4,-50%,150%,2,2,100%,X,X,25%,20%,4,60%,3,-50%,150%,3
"Gonfurian, God of War",Kingdom of Heretics,56,,2,300,-,10,-,7.5,-,-,-,5,3,-,-,22,-,6,-,-,-,,4,-100%,150%,2,2,100%,X,X,25%,20%,4,60%,3,-50%,150%,3
"Gonfurian, God of War",Kingdom of Heretics,57,,2,300,-,10,-,7.5,-,-,-,5,3,-,-,22,-,6,-,-,-,,5,-100%,150%,2,2,100%,X,X,25%,20%,4,60%,3,-50%,150%,3
"Gonfurian, God of War",Kingdom of Heretics,58,,2,300,-,10,-,7.5,-,-,-,5,3,-,-,22,-,6,-,-,-,,5,-100%,150%,2,2,100%,X,X,25%,20%,4,70%,3,-50%,150%,3
"Gonfurian, God of War",Kingdom of Heretics,59,,2,300,-,10,-,7.5,-,-,-,5,3,-,-,22,-,6,-,-,-,,5,-100%,150%,2,2,100%,X,X,30%,20%,4,70%,3,-50%,150%,3
"Gonfurian, God of War",Kingdom of Heretics,60,,2,300,-,15,-,7.5,-,-,-,5,3,-,-,22,-,6,-,-,-,,5,-100%,150%,2,2,1,X,X,30%,20%,4,70%,3,-50%,150%,3
"Gonfurian, God of War",Kingdom of Heretics,61,,2,300,-,15,-,7.5,-,-,-,5,3,-,-,22,-,6,-,-,-,,5,-100%,150%,2,2,100%,X,X,30%,30%,4,70%,3,-50%,150%,3
"Gonfurian, God of War",Kingdom of Heretics,62,,2,300,-,15,-,7.5,-,-,-,5,3,-,-,22,-,6,-,-,-,,5,-100%,150%,2,2,100%,X,X,30%,30%,4,80%,3,-50%,150%,3
"Gonfurian, God of War",Kingdom of Heretics,63,,2,300,-,15,-,7.5,-,-,-,5,3,-,-,22,-,6,-,-,-,,5,-100%,150%,2,2,100%,X,X,35%,30%,4,80%,3,-50%,150%,3
"Gonfurian, God of War",Kingdom of Heretics,64,,2,300,-,15,-,7.5,-,-,-,5,3,-,-,22,-,6,-,-,-,,5,-100%,150%,2,2,100%,X,X,35%,40%,4,80%,3,-50%,150%,3
"Gonfurian, God of War",Kingdom of Heretics,65,,2,300,-,15,-,7.5,-,-,-,5,3,-,-,22,-,6,-,-,-,,5,-100%,150%,2,2,100%,X,X,35%,40%,4,80%,3,-50%,200%,3
"Gonfurian, God of War",Kingdom of Heretics,66,,2,300,-,15,-,7.5,-,-,-,5,3,-,-,22,-,6,-,-,-,,5,-100%,150%,2,2,100%,X,X,35%,40%,4,80%,3,-100%,200%,3
"Gonfurian, God of War",Kingdom of Heretics,67,,2,300,-,15,-,7.5,-,-,-,5,3,-,-,22,-,6,-,-,-,,5,-100%,150%,2,2,100%,X,X,35%,40%,4,90%,3,-100%,200%,3
"Gonfurian, God of War",Kingdom of Heretics,68,,2,300,-,15,-,7.5,-,-,-,5,3,-,-,22,-,6,-,-,-,,5,-100%,150%,2,2,100%,X,X,35%,50%,4,90%,3,-100%,200%,3
"Gonfurian, God of War",Kingdom of Heretics,69,,2,300,-,15,-,7.5,-,-,-,5,3,-,-,22,-,6,-,-,-,,5,-100%,150%,2,2,100%,X,X,40%,50%,4,90%,3,-100%,200%,3
"Gonfurian, God of War",Kingdom of Heretics,70,,2,300,-,15,-,7.5,-,-,-,5,3,-,3,22,-,6,-,-,-,,5,-100%,150%,2,2,1,X,X,40%,50%,4,90%,3,-100%,200%,3
"Gonfurian, God of War",Kingdom of Heretics,71,,2,300,-,15,-,7.5,-,-,-,5,3,-,3,22,-,6,-,-,-,,5,-100%,150%,2,2,100%,X,X,40%,50%,4,100%,3,-100%,200%,3
"Gonfurian, God of War",Kingdom of Heretics,72,,2,300,-,15,-,7.5,-,-,-,5,3,-,3,22,-,6,-,-,-,,5,-100%,150%,2,2,100%,X,X,40%,60%,4,100%,3,-100%,200%,3
"Gonfurian, God of War",Kingdom of Heretics,73,,2,300,-,15,-,7.5,-,-,-,5,3,-,3,22,-,6,-,-,-,,5,-100%,150%,2,2,100%,X,X,45%,60%,4,100%,3,-100%,200%,3
"Gonfurian, God of War",Kingdom of Heretics,74,,2,300,-,15,-,7.5,-,-,-,5,3,-,3,22,-,6,-,-,-,,5,-100%,150%,2,2,100%,X,X,45%,70%,4,100%,3,-100%,200%,3
"Gonfurian, God of War",Kingdom of Heretics,75,,2,300,-,15,-,7.5,-,-,-,5,3,-,3,22,-,6,-,-,-,,5,-100%,150%,2,2,100%,X,X,45%,80%,4,100%,3,-100%,200%,3
"Gonfurian, God of War",Kingdom of Heretics,76,,2,300,-,15,-,7.5,-,-,-,5,3,-,3,22,-,6,-,-,-,,5,-100%,200%,2,2,100%,X,X,45%,80%,4,100%,3,-100%,200%,3
"Gonfurian, God of War",Kingdom of Heretics,77,,2,300,-,15,-,7.5,-,-,-,5,3,-,3,22,-,6,-,-,-,,5,-100%,200%,2,2,100%,X,X,45%,90%,4,100%,3,-100%,200%,3
"Gonfurian, God of War",Kingdom of Heretics,78,,2,300,-,15,-,7.5,-,-,-,5,3,-,3,22,-,6,-,-,-,,5,-100%,200%,2,2,100%,X,X,45%,90%,4,110%,3,-100%,200%,3
"Gonfurian, God of War",Kingdom of Heretics,79,,2,300,-,15,-,7.5,-,-,-,5,3,-,3,22,-,6,-,-,-,,5,-100%,200%,2,2,100%,X,X,50%,90%,4,110%,3,-100%,200%,3
"Gonfurian, God of War",Kingdom of Heretics,80,,2,300,-,15,-,7.5,-,-,-,5,3,-,3,22,-,9,-,-,-,,5,-100%,200%,2,2,1,X,X,50%,90%,4,110%,3,-100%,200%,3
"Gonfurian, God of War",Kingdom of Heretics,81,,2,300,-,15,-,7.5,-,-,-,5,3,-,3,22,-,9,-,-,-,,5,-100%,200%,2,2,100%,X,X,50%,100%,4,110%,3,-100%,200%,3
"Gonfurian, God of War",Kingdom of Heretics,82,,2,300,-,15,-,7.5,-,-,-,5,3,-,3,22,-,9,-,-,-,,5,-100%,200%,2,2,100%,X,X,50%,100%,4,120%,3,-100%,200%,3
"Gonfurian, God of War",Kingdom of Heretics,83,,2,300,-,15,-,7.5,-,-,-,5,3,-,3,22,-,9,-,-,-,,5,-100%,200%,2,2,100%,X,X,50%,110%,4,120%,3,-100%,200%,3
"Gonfurian, God of War",Kingdom of Heretics,84,,2,300,-,15,-,7.5,-,-,-,5,3,-,3,22,-,9,-,-,-,,5,-100%,200%,2,2,100%,X,X,55%,110%,4,120%,3,-100%,200%,3
"Gonfurian, God of War",Kingdom of Heretics,85,,2,300,-,15,-,7.5,-,-,-,5,3,-,3,22,-,9,-,-,-,,5,-100%,200%,2,2,100%,X,X,55%,110%,4,120%,3,-100%,250%,3
"Gonfurian, God of War",Kingdom of Heretics,86,,2,300,-,15,-,7.5,-,-,-,5,3,-,3,22,-,9,-,-,-,,5,-100%,200%,2,2,100%,X,X,60%,110%,4,120%,3,-100%,250%,3
"Gonfurian, God of War",Kingdom of Heretics,87,,2,300,-,15,-,7.5,-,-,-,5,3,-,3,22,-,9,-,-,-,,5,-100%,200%,2,2,100%,X,X,60%,110%,4,130%,3,-100%,250%,3
"Gonfurian, God of War",Kingdom of Heretics,88,,2,300,-,15,-,7.5,-,-,-,5,3,-,3,22,-,9,-,-,-,,5,-100%,200%,2,2,100%,X,X,65%,110%,4,130%,3,-100%,250%,3
"Gonfurian, God of War",Kingdom of Heretics,89,,2,300,-,15,-,7.5,-,-,-,5,3,-,3,22,-,9,-,-,-,,5,-100%,200%,2,2,100%,X,X,65%,120%,4,130%,3,-100%,250%,3
"Gonfurian, God of War",Kingdom of Heretics,90,,2,300,-,15,-,12.5,-,-,-,5,3,-,3,22,-,9,-,-,-,,5,-100%,200%,2,2,1,X,X,65%,120%,4,130%,3,-100%,250%,3
"Gonfurian, God of War",Kingdom of Heretics,91,,2,300,-,15,-,12.5,-,-,-,5,3,-,3,22,-,9,-,-,-,,5,-100%,200%,2,2,100%,X,X,65%,130%,4,130%,3,-100%,250%,3
"Gonfurian, God of War",Kingdom of Heretics,92,,2,300,-,15,-,12.5,-,-,-,5,3,-,3,22,-,9,-,-,-,,5,-100%,200%,2,2,100%,X,X,65%,130%,4,140%,3,-100%,250%,3
"Gonfurian, God of War",Kingdom of Heretics,93,,2,300,-,15,-,12.5,-,-,-,5,3,-,3,22,-,9,-,-,-,,5,-100%,200%,2,2,100%,X,X,70%,130%,4,140%,3,-100%,250%,3
"Gonfurian, God of War",Kingdom of Heretics,94,,2,300,-,15,-,12.5,-,-,-,5,3,-,3,22,-,9,-,-,-,,5,-100%,250%,2,2,100%,X,X,70%,130%,4,140%,3,-100%,250%,3
"Gonfurian, God of War",Kingdom of Heretics,95,,2,300,-,15,-,12.5,-,-,-,5,3,-,3,22,-,9,-,-,-,,5,-100%,250%,2,2,100%,X,X,70%,140%,4,140%,3,-100%,250%,3
"Gonfurian, God of War",Kingdom of Heretics,96,,2,300,-,15,-,12.5,-,-,-,5,3,-,3,22,-,9,-,-,-,,5,-100%,250%,2,2,100%,X,X,70%,140%,4,150%,3,-100%,250%,3
"Gonfurian, God of War",Kingdom of Heretics,97,,2,300,-,15,-,12.5,-,-,-,5,3,-,3,22,-,9,-,-,-,,5,-100%,250%,2,2,100%,X,X,75%,140%,4,150%,3,-100%,250%,3
"Gonfurian, God of War",Kingdom of Heretics,98,,2,300,-,15,-,12.5,-,-,-,5,3,-,3,22,-,9,-,-,-,,5,-100%,250%,2,2,100%,X,X,75%,150%,4,150%,3,-100%,250%,3
"Gonfurian, God of War",Kingdom of Heretics,99,,2,300,-,15,-,12.5,-,-,-,5,3,-,3,22,-,9,-,-,-,,5,-100%,250%,2,2,100%,X,X,80%,150%,4,150%,3,-100%,250%,3
"Gonfurian, God of War",Kingdom of Heretics,100,,2,300,-,15,-,12.5,-,-,-,5,3,-,3,27,-,9,-,-,-,,5,-100%,250%,2,2,1,X,X,80%,150%,4,150%,3,-100%,250%,3
"Lister, God of Fortune",Faraway Enclave,0,,-,500,-,-,-,3,-,-,-,3,3,-,-,-,-,-,-,-,-,,-,-,-,-,-,-,-,-,-,-,-,-,-,-,-,-
"Lister, God of Fortune",Faraway Enclave,1,,-,500,-,-,-,3,-,-,-,3,3,-,-,-,-,-,-,-,-,,-,-,-,-,-,-,-,-,-,-,-,-,-,-,-,-
"Lister, God of Fortune",Faraway Enclave,2,,-,500,-,-,-,4.5,-,-,-,3,3,-,-,-,-,-,-,-,-,,-,-,-,-,-,-,-,-,5%,-,-,-,-,-,-,-
"Lister, God of Fortune",Faraway Enclave,3,,-,600,-,-,-,4.5,-,-,-,3,3,-,-,-,-,-,-,-,-,,-,-,-,-,-,-,-,-,5%,-,-,-,-,-,-,-
"Lister, God of Fortune",Faraway Enclave,4,,-,600,-,-,-,4.5,-,-,-,3,3,-,-,-,-,-,-,-,-,,-,-,-,-,-,-,-,-,5%,-,-,10%,-,-,-,-
"Lister, God of Fortune",Faraway Enclave,5,,-,700,-,-,-,4.5,-,-,-,3,3,-,-,-,-,-,-,-,-,,-,-,-,-,-,-,-,-,5%,-,-,10%,-,-,-,-
"Lister, God of Fortune",Faraway Enclave,6,,-,700,-,-,-,4.5,-,-,-,3,3,-,-,-,-,-,-,-,-,,-,-,-,-,-,-,-,-,5%,-,-,10%,-,-,50%,-
"Lister, God of Fortune",Faraway Enclave,7,,-,750,-,-,-,4.5,-,-,-,3,3,-,-,-,-,-,-,-,-,,-,-,-,-,-,-,-,-,5%,-,-,10%,-,-,50%,-
"Lister, God of Fortune",Faraway Enclave,8,,-,750,-,-,-,4.5,-,-,-,3,3,-,-,-,-,-,-,-,-,,-,-,-,-,-,-,-,-,5%,-,-,10%,-,-,50%,1
"Lister, God of Fortune",Faraway Enclave,9,,-,750,-,-,-,4.5,-,-,-,3,3,-,-,-,-,-,-,-,-,,-,-,-,-,-,-,-,X,5%,-,-,10%,-,-,50%,1
"Lister, God of Fortune",Faraway Enclave,10,,-,750,-,-,-,4.5,-,-,-,3,3,-,-,-,3,-,-,-,-,,-,-,-,-,-,-,-,X,5%,-,-,10%,-,-,50%,1
"Lister, God of Fortune",Faraway Enclave,11,,-,750,-,-,-,4.5,-,-,-,3,3,-,-,-,3,-,-,-,-,,-,-,-,1,-,-,-,X,5%,-,-,10%,-,-,50%,1
"Lister, God of Fortune",Faraway Enclave,12,,-,750,-,-,-,4.5,-,-,-,3,3,-,-,-,3,-,-,-,-,,-,-,50%,1,-,-,-,X,5%,-,-,10%,-,-,50%,1
"Lister, God of Fortune",Faraway Enclave,13,,-,750,-,-,-,4.5,-,-,-,3,3,-,-,-,3,-,-,-,-,,-,-,50%,1,-,-,-,X,5%,-,-,10%,1,-,50%,1
"Lister, God of Fortune",Faraway Enclave,14,,-,750,-,-,-,4.5,-,-,-,3,3,-,-,-,3,-,-,-,-,,-,-,50%,1,-,-,-,X,5%,-,1,10%,1,-,50%,1
"Lister, God of Fortune",Faraway Enclave,15,,-,750,-,-,-,4.5,-,-,-,3,3,-,-,3,3,-,-,-,-,,-,-,50%,1,-,-,-,X,5%,-,1,10%,1,-,50%,1
"Lister, God of Fortune",Faraway Enclave,16,,-,750,-,-,-,4.5,-,-,-,3,3,-,-,3,3,-,-,-,-,,-,-,50%,1,-,-,X,X,5%,-,1,10%,1,-,50%,1
"Lister, God of Fortune",Faraway Enclave,17,,-,750,-,-,-,4.5,-,-,-,3,3,-,-,3,3,-,-,-,-,,1,-,50%,1,-,-,X,X,5%,-,1,10%,1,-,50%,1
"Lister, God of Fortune",Faraway Enclave,18,,-,750,-,-,-,4.5,-,-,-,3,3,-,-,3,3,-,-,-,-,,1,-,50%,1,-,-,X,X,5%,-,1,20%,1,-,50%,1
"Lister, God of Fortune",Faraway Enclave,19,,-,750,-,-,-,4.5,-,-,-,3,3,-,-,3,3,-,-,-,-,,1,-,50%,1,-,-,X,X,10%,-,1,20%,1,-,50%,1
"Lister, God of Fortune",Faraway Enclave,20,,1.05,750,-,-,-,4.5,-,-,-,3,3,-,-,3,3,-,-,-,-,,1,-,50%,1,-,-,X,X,10%,-,1,20%,1,-,50%,1
"Lister, God of Fortune",Faraway Enclave,21,,1.05,750,-,-,-,4.5,-,-,-,3,3,-,-,3,3,-,-,-,-,,1,-,50%,1,-,-,X,X,10%,-,1,20%,1,-,100%,1
"Lister, God of Fortune",Faraway Enclave,22,,1.05,750,-,-,-,4.5,-,-,-,3,3,-,-,3,3,-,-,-,-,,1,-,50%,1,-,-,X,X,10%,-,1,20%,2,-,100%,1
"Lister, God of Fortune",Faraway Enclave,23,,1.05,750,-,-,-,4.5,-,-,-,3,3,-,-,3,3,-,-,-,-,,1,-,50%,1,-,-,X,X,10%,-,2,20%,2,-,100%,1
"Lister, God of Fortune",Faraway Enclave,24,,1.05,750,-,-,-,4.5,-,-,-,3,3,-,-,3,3,-,-,-,-,,1,-,50%,2,-,-,X,X,10%,-,2,20%,2,-,100%,1
"Lister, God of Fortune",Faraway Enclave,25,,1.05,750,-,-,8,4.5,-,-,-,3,3,-,2,3,3,-,-,-,-,,1,-,50%,2,-,-,X,X,10%,-,2,20%,2,-,100%,1
"Lister, God of Fortune",Faraway Enclave,26,,1.05,750,-,-,8,4.5,-,-,-,3,3,-,2,3,3,-,-,-,-,,1,-50%,50%,2,-,-,X,X,10%,-,2,20%,2,-,100%,1
"Lister, God of Fortune",Faraway Enclave,27,,1.05,750,-,-,8,4.5,-,-,-,3,3,-,2,3,3,-,-,-,-,,1,-50%,100%,2,-,-,X,X,10%,-,2,20%,2,-,100%,1
"Lister, God of Fortune",Faraway Enclave,28,,1.05,750,-,-,8,4.5,-,-,-,3,3,-,2,3,3,-,-,-,-,,1,-50%,100%,2,-,-,X,X,10%,-,2,20%,3,-,100%,1
"Lister, God of Fortune",Faraway Enclave,29,,1.05,750,-,-,8,4.5,-,-,-,3,3,-,2,3,3,-,-,-,-,,1,-50%,100%,2,-,-,X,X,15%,-,2,20%,3,-,100%,1
"Lister, God of Fortune",Faraway Enclave,30,,1.05,750,-,-,8,4.5,-,-,-,3,3,-,2,3,3,-,-,-,-,,1,-50%,100%,2,-,-,X,X,15%,-,2,20%,3,-,100%,1
"Lister, God of Fortune",Faraway Enclave,31,,1.05,750,-,-,8,4.5,-,-,-,3,3,-,2,3,3,-,-,-,-,,1,-50%,100%,2,-,-,X,X,15%,-,2,20%,3,-,100%,2
"Lister, God of Fortune",Faraway Enclave,32,,1.05,750,-,-,8,4.5,-,-,-,3,3,-,2,3,3,-,-,-,-,,1,-50%,100%,2,-,-,X,X,15%,-,2,20%,3,-50%,100%,2
"Lister, God of Fortune",Faraway Enclave,33,,1.05,750,-,-,8,4.5,-,-,-,3,3,-,2,3,3,-,-,-,-,,1,-50%,100%,2,1,-,X,X,15%,-,2,20%,3,-50%,100%,2
"Lister, God of Fortune",Faraway Enclave,34,,1.05,750,-,-,8,4.5,-,-,-,3,3,-,2,3,3,-,-,-,-,,1,-50%,100%,2,1,-,X,X,15%,-,3,20%,3,-50%,100%,2
"Lister, God of Fortune",Faraway Enclave,35,,1.05,750,-,-,8,6.5,-,-,-,3,3,-,2,3,3,-,-,-,-,,1,-50%,100%,2,1,-,X,X,15%,-,3,20%,3,-50%,100%,2
"Lister, God of Fortune",Faraway Enclave,36,,1.05,750,-,-,8,6.5,-,-,-,3,3,-,2,3,3,-,-,-,-,,2,-50%,100%,2,1,-,X,X,15%,-,3,20%,3,-50%,100%,2
"Lister, God of Fortune",Faraway Enclave,37,,1.05,750,-,-,8,6.5,-,-,-,3,3,-,2,3,3,-,-,-,-,,2,-50%,100%,2,1,-,X,X,15%,-,3,30%,3,-50%,100%,2
"Lister, God of Fortune",Faraway Enclave,38,,1.05,750,-,-,8,6.5,-,-,-,3,3,-,2,3,3,-,-,-,-,,2,-50%,100%,2,1,-,X,X,15%,-,3,30%,3,-50%,150%,2
"Lister, God of Fortune",Faraway Enclave,39,,1.05,750,-,-,8,6.5,-,-,-,3,3,-,2,3,3,-,-,-,-,,2,-50%,100%,2,1,-,X,X,15%,-,4,30%,3,-50%,150%,2
"Lister, God of Fortune",Faraway Enclave,40,,1.05,750,-,-,8,6.5,-,-,-,3,3,-,2,3,3,3,-,-,-,,2,-50%,100%,2,1,-,X,X,15%,-,4,30%,3,-50%,150%,2
"Lister, God of Fortune",Faraway Enclave,41,,1.05,750,-,-,8,6.5,-,-,-,3,3,-,2,3,3,3,-,-,-,,3,-50%,100%,2,1,-,X,X,15%,-,4,30%,3,-50%,150%,2
"Lister, God of Fortune",Faraway Enclave,42,,1.05,750,-,-,8,6.5,-,-,-,3,3,-,2,3,3,3,-,-,-,,3,-50%,100%,2,1,100%,X,X,15%,-,4,30%,3,-50%,150%,2
"Lister, God of Fortune",Faraway Enclave,43,,1.05,750,-,-,8,6.5,-,-,-,3,3,-,2,3,3,3,-,-,-,,3,-50%,100%,2,1,100%,X,X,15%,-,4,40%,3,-50%,150%,2
"Lister, God of Fortune",Faraway Enclave,44,,1.05,750,-,-,8,6.5,-,-,-,3,3,-,2,3,3,3,-,-,-,,3,-50%,100%,2,1,100%,X,X,20%,-,4,40%,3,-50%,150%,2
"Lister, God of Fortune",Faraway Enclave,45,,1.05,750,-,-,8,6.5,-,-,-,3,3,-,2,3,3,6,-,-,-,,3,-50%,100%,2,1,1,X,X,20%,-,4,40%,3,-50%,150%,2
"Lister, God of Fortune",Faraway Enclave,46,,1.05,750,-,-,8,6.5,-,-,-,3,3,-,2,3,3,6,-,-,-,,3,-50%,100%,2,1,100%,X,X,20%,10%,4,40%,3,-50%,150%,2
"Lister, God of Fortune",Faraway Enclave,47,,1.05,750,-,-,8,6.5,-,-,-,3,3,-,2,3,3,6,-,-,-,,3,-50%,150%,2,1,100%,X,X,20%,10%,4,40%,3,-50%,150%,2
"Lister, God of Fortune",Faraway Enclave,48,,1.05,750,-,-,8,6.5,-,-,-,3,3,-,2,3,3,6,-,-,-,,4,-50%,150%,2,1,100%,X,X,20%,10%,4,40%,3,-50%,150%,2
"Lister, God of Fortune",Faraway Enclave,49,,1.05,750,-,-,8,6.5,-,-,-,3,3,-,2,3,3,6,-,-,-,,4,-50%,150%,2,1,100%,X,X,20%,10%,4,50%,3,-50%,150%,2
"Lister, God of Fortune",Faraway Enclave,50,,1.05,750,-,-,8,6.5,-,-,-,3,3,-,2,6,3,6,-,-,-,,4,-50%,150%,2,1,1,X,X,20%,10%,4,50%,3,-50%,150%,2
"Lister, God of Fortune",Faraway Enclave,51,,1.05,750,-,-,8,6.5,-,-,-,3,3,-,2,6,3,6,-,-,-,,4,-50%,150%,2,1,100%,X,X,25%,10%,4,50%,3,-50%,150%,2
"Lister, God of Fortune",Faraway Enclave,52,,1.05,750,-,-,8,6.5,-,-,-,3,3,-,2,6,3,6,-,-,-,,4,-50%,150%,2,2,100%,X,X,25%,10%,4,50%,3,-50%,150%,2
"Lister, God of Fortune",Faraway Enclave,53,,1.05,750,-,-,8,6.5,-,-,-,3,3,-,2,6,3,6,-,-,-,,4,-50%,150%,2,2,100%,X,X,25%,20%,4,50%,3,-50%,150%,2
"Lister, God of Fortune",Faraway Enclave,54,,1.05,750,-,-,8,6.5,-,-,-,3,3,-,2,6,3,6,-,-,-,,4,-50%,150%,2,2,100%,X,X,25%,20%,4,60%,3,-50%,150%,2
"Lister, God of Fortune",Faraway Enclave,55,,1.05,750,-,-,8,6.5,-,-,-,3,3,-,2,6,3,6,-,-,-,,4,-50%,150%,2,2,100%,X,X,25%,20%,4,60%,3,-50%,150%,3
"Lister, God of Fortune",Faraway Enclave,56,,1.05,750,-,-,8,6.5,-,-,-,3,3,-,2,6,3,6,-,-,-,,4,-100%,150%,2,2,100%,X,X,25%,20%,4,60%,3,-50%,150%,3
"Lister, God of Fortune",Faraway Enclave,57,,1.05,750,-,-,8,6.5,-,-,-,3,3,-,2,6,3,6,-,-,-,,5,-100%,150%,2,2,100%,X,X,25%,20%,4,60%,3,-50%,150%,3
"Lister, God of Fortune",Faraway Enclave,58,,1.05,750,-,-,8,6.5,-,-,-,3,3,-,2,6,3,6,-,-,-,,5,-100%,150%,2,2,100%,X,X,25%,20%,4,70%,3,-50%,150%,3
"Lister, God of Fortune",Faraway Enclave,59,,1.05,750,-,-,8,6.5,-,-,-,3,3,-,2,6,3,6,-,-,-,,5,-100%,150%,2,2,100%,X,X,30%,20%,4,70%,3,-50%,150%,3
"Lister, God of Fortune",Faraway Enclave,60,,1.05,750,-,-,8,6.5,-,-,-,3,3,-,2,6,3,8,-,-,-,,5,-100%,150%,2,2,1,X,X,30%,20%,4,70%,3,-50%,150%,3
"Lister, God of Fortune",Faraway Enclave,61,,1.05,750,-,-,8,6.5,-,-,-,3,3,-,2,6,3,8,-,-,-,,5,-100%,150%,2,2,100%,X,X,30%,30%,4,70%,3,-50%,150%,3
"Lister, God of Fortune",Faraway Enclave,62,,1.05,750,-,-,8,6.5,-,-,-,3,3,-,2,6,3,8,-,-,-,,5,-100%,150%,2,2,100%,X,X,30%,30%,4,80%,3,-50%,150%,3
"Lister, God of Fortune",Faraway Enclave,63,,1.05,750,-,-,8,6.5,-,-,-,3,3,-,2,6,3,8,-,-,-,,5,-100%,150%,2,2,100%,X,X,35%,30%,4,80%,3,-50%,150%,3
"Lister, God of Fortune",Faraway Enclave,64,,1.05,750,-,-,8,6.5,-,-,-,3,3,-,2,6,3,8,-,-,-,,5,-100%,150%,2,2,100%,X,X,35%,40%,4,80%,3,-50%,150%,3
"Lister, God of Fortune",Faraway Enclave,65,,1.05,750,-,-,8,6.5,-,-,-,3,3,-,2,6,3,8,-,-,-,,5,-100%,150%,2,2,100%,X,X,35%,40%,4,80%,3,-50%,200%,3
"Lister, God of Fortune",Faraway Enclave,66,,1.05,750,-,-,8,6.5,-,-,-,3,3,-,2,6,3,8,-,-,-,,5,-100%,150%,2,2,100%,X,X,35%,40%,4,80%,3,-100%,200%,3
"Lister, God of Fortune",Faraway Enclave,67,,1.05,750,-,-,8,6.5,-,-,-,3,3,-,2,6,3,8,-,-,-,,5,-100%,150%,2,2,100%,X,X,35%,40%,4,90%,3,-100%,200%,3
"Lister, God of Fortune",Faraway Enclave,68,,1.05,750,-,-,8,6.5,-,-,-,3,3,-,2,6,3,8,-,-,-,,5,-100%,150%,2,2,100%,X,X,35%,50%,4,90%,3,-100%,200%,3
"Lister, God of Fortune",Faraway Enclave,69,,1.05,750,-,-,8,6.5,-,-,-,3,3,-,2,6,3,8,-,-,-,,5,-100%,150%,2,2,100%,X,X,40%,50%,4,90%,3,-100%,200%,3
"Lister, God of Fortune",Faraway Enclave,70,,2.65,750,-,-,8,6.5,-,-,-,3,3,-,2,6,3,8,-,-,-,,5,-100%,150%,2,2,1,X,X,40%,50%,4,90%,3,-100%,200%,3
"Lister, God of Fortune",Faraway Enclave,71,,2.65,750,-,-,8,6.5,-,-,-,3,3,-,2,6,3,8,-,-,-,,5,-100%,150%,2,2,100%,X,X,40%,50%,4,100%,3,-100%,200%,3
"Lister, God of Fortune",Faraway Enclave,72,,2.65,750,-,-,8,6.5,-,-,-,3,3,-,2,6,3,8,-,-,-,,5,-100%,150%,2,2,100%,X,X,40%,60%,4,100%,3,-100%,200%,3
"Lister, God of Fortune",Faraway Enclave,73,,2.65,750,-,-,8,6.5,-,-,-,3,3,-,2,6,3,8,-,-,-,,5,-100%,150%,2,2,100%,X,X,45%,60%,4,100%,3,-100%,200%,3
"Lister, God of Fortune",Faraway Enclave,74,,2.65,750,-,-,8,6.5,-,-,-,3,3,-,2,6,3,8,-,-,-,,5,-100%,150%,2,2,100%,X,X,45%,70%,4,100%,3,-100%,200%,3
"Lister, God of Fortune",Faraway Enclave,75,,2.65,750,-,-,8,6.5,-,-,-,3,3,-,2,6,3,8,-,-,-,,5,-100%,150%,2,2,100%,X,X,45%,80%,4,100%,3,-100%,200%,3
"Lister, God of Fortune",Faraway Enclave,76,,2.65,750,-,-,8,6.5,-,-,-,3,3,-,2,6,3,8,-,-,-,,5,-100%,200%,2,2,100%,X,X,45%,80%,4,100%,3,-100%,200%,3
"Lister, God of Fortune",Faraway Enclave,77,,2.65,750,-,-,8,6.5,-,-,-,3,3,-,2,6,3,8,-,-,-,,5,-100%,200%,2,2,100%,X,X,45%,90%,4,100%,3,-100%,200%,3
"Lister, God of Fortune",Faraway Enclave,78,,2.65,750,-,-,8,6.5,-,-,-,3,3,-,2,6,3,8,-,-,-,,5,-100%,200%,2,2,100%,X,X,45%,90%,4,110%,3,-100%,200%,3
"Lister, God of Fortune",Faraway Enclave,79,,2.65,750,-,-,8,6.5,-,-,-,3,3,-,2,6,3,8,-,-,-,,5,-100%,200%,2,2,100%,X,X,50%,90%,4,110%,3,-100%,200%,3
"Lister, God of Fortune",Faraway Enclave,80,,2.65,750,-,-,8,6.5,-,-,-,3,3,-,2,6,3,10,-,-,-,,5,-100%,200%,2,2,1,X,X,50%,90%,4,110%,3,-100%,200%,3
"Lister, God of Fortune",Faraway Enclave,81,,2.65,750,-,-,8,6.5,-,-,-,3,3,-,2,6,3,10,-,-,-,,5,-100%,200%,2,2,100%,X,X,50%,100%,4,110%,3,-100%,200%,3
"Lister, God of Fortune",Faraway Enclave,82,,2.65,750,-,-,8,6.5,-,-,-,3,3,-,2,6,3,10,-,-,-,,5,-100%,200%,2,2,100%,X,X,50%,100%,4,120%,3,-100%,200%,3
"Lister, God of Fortune",Faraway Enclave,83,,2.65,750,-,-,8,6.5,-,-,-,3,3,-,2,6,3,10,-,-,-,,5,-100%,200%,2,2,100%,X,X,50%,110%,4,120%,3,-100%,200%,3
"Lister, God of Fortune",Faraway Enclave,84,,2.65,750,-,-,8,6.5,-,-,-,3,3,-,2,6,3,10,-,-,-,,5,-100%,200%,2,2,100%,X,X,55%,110%,4,120%,3,-100%,200%,3
"Lister, God of Fortune",Faraway Enclave,85,,2.65,750,-,-,8,6.5,-,-,-,3,3,-,2,6,3,10,-,-,-,,5,-100%,200%,2,2,100%,X,X,55%,110%,4,120%,3,-100%,250%,3
"Lister, God of Fortune",Faraway Enclave,86,,2.65,750,-,-,8,6.5,-,-,-,3,3,-,2,6,3,10,-,-,-,,5,-100%,200%,2,2,100%,X,X,60%,110%,4,120%,3,-100%,250%,3
"Lister, God of Fortune",Faraway Enclave,87,,2.65,750,-,-,8,6.5,-,-,-,3,3,-,2,6,3,10,-,-,-,,5,-100%,200%,2,2,100%,X,X,60%,110%,4,130%,3,-100%,250%,3
"Lister, God of Fortune",Faraway Enclave,88,,2.65,750,-,-,8,6.5,-,-,-,3,3,-,2,6,3,10,-,-,-,,5,-100%,200%,2,2,100%,X,X,65%,110%,4,130%,3,-100%,250%,3
"Lister, God of Fortune",Faraway Enclave,89,,2.65,750,-,-,8,6.5,-,-,-,3,3,-,2,6,3,10,-,-,-,,5,-100%,200%,2,2,100%,X,X,65%,120%,4,130%,3,-100%,250%,3
"Lister, God of Fortune",Faraway Enclave,90,,2.65,750,-,-,8,6.5,-,-,-,3,3,-,5,6,3,10,-,-,-,,5,-100%,200%,2,2,1,X,X,65%,120%,4,130%,3,-100%,250%,3
"Lister, God of Fortune",Faraway Enclave,91,,2.65,750,-,-,8,6.5,-,-,-,3,3,-,5,6,3,10,-,-,-,,5,-100%,200%,2,2,100%,X,X,65%,130%,4,130%,3,-100%,250%,3
"Lister, God of Fortune",Faraway Enclave,92,,2.65,750,-,-,8,6.5,-,-,-,3,3,-,5,6,3,10,-,-,-,,5,-100%,200%,2,2,100%,X,X,65%,130%,4,140%,3,-100%,250%,3
"Lister, God of Fortune",Faraway Enclave,93,,2.65,750,-,-,8,6.5,-,-,-,3,3,-,5,6,3,10,-,-,-,,5,-100%,200%,2,2,100%,X,X,70%,130%,4,140%,3,-100%,250%,3
"Lister, God of Fortune",Faraway Enclave,94,,2.65,750,-,-,8,6.5,-,-,-,3,3,-,5,6,3,10,-,-,-,,5,-100%,250%,2,2,100%,X,X,70%,130%,4,140%,3,-100%,250%,3
"Lister, God of Fortune",Faraway Enclave,95,,2.65,750,-,-,8,6.5,-,-,-,3,3,-,5,6,3,10,-,-,-,,5,-100%,250%,2,2,100%,X,X,70%,140%,4,140%,3,-100%,250%,3
"Lister, God of Fortune",Faraway Enclave,96,,2.65,750,-,-,8,6.5,-,-,-,3,3,-,5,6,3,10,-,-,-,,5,-100%,250%,2,2,100%,X,X,70%,140%,4,150%,3,-100%,250%,3
"Lister, God of Fortune",Faraway Enclave,97,,2.65,750,-,-,8,6.5,-,-,-,3,3,-,5,6,3,10,-,-,-,,5,-100%,250%,2,2,100%,X,X,75%,140%,4,150%,3,-100%,250%,3
"Lister, God of Fortune",Faraway Enclave,98,,2.65,750,-,-,8,6.5,-,-,-,3,3,-,5,6,3,10,-,-,-,,5,-100%,250%,2,2,100%,X,X,75%,150%,4,150%,3,-100%,250%,3
"Lister, God of Fortune",Faraway Enclave,99,,2.65,750,-,-,8,6.5,-,-,-,3,3,-,5,6,3,10,-,-,-,,5,-100%,250%,2,2,100%,X,X,80%,150%,4,150%,3,-100%,250%,3
"Lister, God of Fortune",Faraway Enclave,100,,2.65,750,-,-,8,6.5,-,-,-,3,3,-,5,6,3,10,3,-,-,,5,-100%,250%,2,2,1,X,X,80%,150%,4,150%,3,-100%,250%,3
"Meraxis, God of Bliss",The Swamplands,0,,-,425,-,-,-,9,-,-,-,-,2,-,-,-,-,-,-,-,-,,-,-,-,-,-,-,-,-,-,-,-,-,-,-,-,-
"Meraxis, God of Bliss",The Swamplands,1,,-,425,-,-,-,9,-,-,25%,-,2,-,-,-,-,-,-,-,-,,-,-,-,-,-,-,-,-,-,-,-,-,-,-,-,-
"Meraxis, God of Bliss",The Swamplands,2,,-,425,-,-,-,9,-,-,25%,-,2,-,-,-,-,-,-,-,-,,-,-,-,-,-,-,-,-,5%,-,-,-,-,-,-,-
"Meraxis, God of Bliss",The Swamplands,3,,-,425,-,-,-,9,-,-,25%,-,2,-,2,-,-,-,-,-,-,,-,-,-,-,-,-,-,-,5%,-,-,-,-,-,-,-
"Meraxis, God of Bliss",The Swamplands,4,,-,425,-,-,-,9,-,-,25%,-,2,-,2,-,-,-,-,-,-,,-,-,-,-,-,-,-,-,5%,-,-,10%,-,-,-,-
"Meraxis, God of Bliss",The Swamplands,5,,-,475,-,-,-,9,-,-,25%,-,2,-,2,-,-,-,-,-,-,,-,-,-,-,-,-,-,-,5%,-,-,10%,-,-,-,-
"Meraxis, God of Bliss",The Swamplands,6,,-,475,-,-,-,9,-,-,25%,-,2,-,2,-,-,-,-,-,-,,-,-,-,-,-,-,-,-,5%,-,-,10%,-,-,50%,-
"Meraxis, God of Bliss",The Swamplands,7,,0.7,475,-,-,-,9,-,-,25%,-,2,-,2,-,-,-,-,-,-,,-,-,-,-,-,-,-,-,5%,-,-,10%,-,-,50%,-
"Meraxis, God of Bliss",The Swamplands,8,,0.7,475,-,-,-,9,-,-,25%,-,2,-,2,-,-,-,-,-,-,,-,-,-,-,-,-,-,-,5%,-,-,10%,-,-,50%,1
"Meraxis, God of Bliss",The Swamplands,9,,0.7,475,-,-,-,9,-,-,25%,-,2,-,2,-,-,-,-,-,-,,-,-,-,-,-,-,-,X,5%,-,-,10%,-,-,50%,1
"Meraxis, God of Bliss",The Swamplands,10,,0.7,525,-,-,-,9,-,-,25%,-,2,-,2,-,-,-,-,-,-,,-,-,-,-,-,-,-,X,5%,-,-,10%,-,-,50%,1
"Meraxis, God of Bliss",The Swamplands,11,,0.7,525,-,-,-,9,-,-,25%,-,2,-,2,-,-,-,-,-,-,,-,-,-,1,-,-,-,X,5%,-,-,10%,-,-,50%,1
"Meraxis, God of Bliss",The Swamplands,12,,0.7,525,-,-,-,9,-,-,25%,-,2,-,2,-,-,-,-,-,-,,-,-,50%,1,-,-,-,X,5%,-,-,10%,-,-,50%,1
"Meraxis, God of Bliss",The Swamplands,13,,0.7,525,-,-,-,9,-,-,25%,-,2,-,2,-,-,-,-,-,-,,-,-,50%,1,-,-,-,X,5%,-,-,10%,1,-,50%,1
"Meraxis, God of Bliss",The Swamplands,14,,0.7,525,-,-,-,9,-,-,25%,-,2,-,2,-,-,-,-,-,-,,-,-,50%,1,-,-,-,X,5%,-,1,10%,1,-,50%,1
"Meraxis, God of Bliss",The Swamplands,15,,0.7,585,-,-,-,9,-,-,25%,-,2,-,2,-,-,-,-,-,-,,-,-,50%,1,-,-,-,X,5%,-,1,10%,1,-,50%,1
"Meraxis, God of Bliss",The Swamplands,16,,0.7,585,-,-,-,9,-,-,25%,-,2,-,2,-,-,-,-,-,-,,-,-,50%,1,-,-,X,X,5%,-,1,10%,1,-,50%,1
"Meraxis, God of Bliss",The Swamplands,17,,0.7,585,-,-,-,9,-,-,25%,-,2,-,2,-,-,-,-,-,-,,1,-,50%,1,-,-,X,X,5%,-,1,10%,1,-,50%,1
"Meraxis, God of Bliss",The Swamplands,18,,0.7,585,-,-,-,9,-,-,25%,-,2,-,2,-,-,-,-,-,-,,1,-,50%,1,-,-,X,X,5%,-,1,20%,1,-,50%,1
"Meraxis, God of Bliss",The Swamplands,19,,0.7,585,-,-,-,9,-,-,25%,-,2,-,2,-,-,-,-,-,-,,1,-,50%,1,-,-,X,X,10%,-,1,20%,1,-,50%,1
"Meraxis, God of Bliss",The Swamplands,20,,1.9,585,-,-,-,9,-,-,25%,-,2,-,2,-,-,-,-,-,-,,1,-,50%,1,-,-,X,X,10%,-,1,20%,1,-,50%,1
"Meraxis, God of Bliss",The Swamplands,21,,1.9,585,-,-,-,9,-,-,25%,-,2,-,2,-,-,-,-,-,-,,1,-,50%,1,-,-,X,X,10%,-,1,20%,1,-,100%,1
"Meraxis, God of Bliss",The Swamplands,22,,1.9,585,-,-,-,9,-,-,25%,-,2,-,2,-,-,-,-,-,-,,1,-,50%,1,-,-,X,X,10%,-,1,20%,2,-,100%,1
"Meraxis, God of Bliss",The Swamplands,23,,1.9,585,-,-,-,9,-,-,25%,-,2,-,2,-,-,-,-,-,-,,1,-,50%,1,-,-,X,X,10%,-,2,20%,2,-,100%,1
"Meraxis, God of Bliss",The Swamplands,24,,1.9,585,-,-,-,9,-,-,25%,-,2,-,2,-,-,-,-,-,-,,1,-,50%,2,-,-,X,X,10%,-,2,20%,2,-,100%,1
"Meraxis, God of Bliss",The Swamplands,25,,1.9,585,-,-,-,9,-,-,25%,-,2,-,2,-,-,2,-,-,-,,1,-,50%,2,-,-,X,X,10%,-,2,20%,2,-,100%,1
"Meraxis, God of Bliss",The Swamplands,26,,1.9,585,-,-,-,9,-,-,25%,-,2,-,2,-,-,2,-,-,-,,1,-50%,50%,2,-,-,X,X,10%,-,2,20%,2,-,100%,1
"Meraxis, God of Bliss",The Swamplands,27,,1.9,585,-,-,-,9,-,-,25%,-,2,-,2,-,-,2,-,-,-,,1,-50%,100%,2,-,-,X,X,10%,-,2,20%,2,-,100%,1
"Meraxis, God of Bliss",The Swamplands,28,,1.9,585,-,-,-,9,-,-,25%,-,2,-,2,-,-,2,-,-,-,,1,-50%,100%,2,-,-,X,X,10%,-,2,20%,3,-,100%,1
"Meraxis, God of Bliss",The Swamplands,29,,1.9,585,-,-,-,9,-,-,25%,-,2,-,2,-,-,2,-,-,-,,1,-50%,100%,2,-,-,X,X,15%,-,2,20%,3,-,100%,1
"Meraxis, God of Bliss",The Swamplands,30,,1.9,585,-,-,-,9,-,-,25%,-,2,-,2,2,-,2,-,-,-,,1,-50%,100%,2,-,-,X,X,15%,-,2,20%,3,-,100%,1
"Meraxis, God of Bliss",The Swamplands,31,,1.9,585,-,-,-,9,-,-,25%,-,2,-,2,2,-,2,-,-,-,,1,-50%,100%,2,-,-,X,X,15%,-,2,20%,3,-,100%,2
"Meraxis, God of Bliss",The Swamplands,32,,1.9,585,-,-,-,9,-,-,25%,-,2,-,2,2,-,2,-,-,-,,1,-50%,100%,2,-,-,X,X,15%,-,2,20%,3,-50%,100%,2
"Meraxis, God of Bliss",The Swamplands,33,,1.9,585,-,-,-,9,-,-,25%,-,2,-,2,2,-,2,-,-,-,,1,-50%,100%,2,1,-,X,X,15%,-,2,20%,3,-50%,100%,2
"Meraxis, God of Bliss",The Swamplands,34,,1.9,585,-,-,-,9,-,-,25%,-,2,-,2,2,-,2,-,-,-,,1,-50%,100%,2,1,-,X,X,15%,-,3,20%,3,-50%,100%,2
"Meraxis, God of Bliss",The Swamplands,35,,1.9,635,-,-,-,9,-,-,25%,-,2,-,2,2,-,2,-,-,-,,1,-50%,100%,2,1,-,X,X,15%,-,3,20%,3,-50%,100%,2
"Meraxis, God of Bliss",The Swamplands,36,,1.9,635,-,-,-,9,-,-,25%,-,2,-,2,2,-,2,-,-,-,,2,-50%,100%,2,1,-,X,X,15%,-,3,20%,3,-50%,100%,2
"Meraxis, God of Bliss",The Swamplands,37,,1.9,635,-,-,-,9,-,-,25%,-,2,-,2,2,-,2,-,-,-,,2,-50%,100%,2,1,-,X,X,15%,-,3,30%,3,-50%,100%,2
"Meraxis, God of Bliss",The Swamplands,38,,1.9,635,-,-,-,9,-,-,25%,-,2,-,2,2,-,2,-,-,-,,2,-50%,100%,2,1,-,X,X,15%,-,3,30%,3,-50%,150%,2
"Meraxis, God of Bliss",The Swamplands,39,,1.9,635,-,-,-,9,-,-,25%,-,2,-,2,2,-,2,-,-,-,,2,-50%,100%,2,1,-,X,X,15%,-,4,30%,3,-50%,150%,2
"Meraxis, God of Bliss",The Swamplands,40,,1.9,635,-,-,-,9,-,-,25%,-,2,-,2,2,-,4,-,-,-,,2,-50%,100%,2,1,-,X,X,15%,-,4,30%,3,-50%,150%,2
"Meraxis, God of Bliss",The Swamplands,41,,1.9,635,-,-,-,9,-,-,25%,-,2,-,2,2,-,4,-,-,-,,3,-50%,100%,2,1,-,X,X,15%,-,4,30%,3,-50%,150%,2
"Meraxis, God of Bliss",The Swamplands,42,,1.9,635,-,-,-,9,-,-,25%,-,2,-,2,2,-,4,-,-,-,,3,-50%,100%,2,1,100%,X,X,15%,-,4,30%,3,-50%,150%,2
"Meraxis, God of Bliss",The Swamplands,43,,1.9,635,-,-,-,9,-,-,25%,-,2,-,2,2,-,4,-,-,-,,3,-50%,100%,2,1,100%,X,X,15%,-,4,40%,3,-50%,150%,2
"Meraxis, God of Bliss",The Swamplands,44,,1.9,635,-,-,-,9,-,-,25%,-,2,-,2,2,-,4,-,-,-,,3,-50%,100%,2,1,100%,X,X,20%,-,4,40%,3,-50%,150%,2
"Meraxis, God of Bliss",The Swamplands,45,,1.9,635,-,-,-,9,-,-,25%,5,2,-,2,2,-,4,-,-,-,,3,-50%,100%,2,1,1,X,X,20%,-,4,40%,3,-50%,150%,2
"Meraxis, God of Bliss",The Swamplands,46,,1.9,635,-,-,-,9,-,-,25%,5,2,-,2,2,-,4,-,-,-,,3,-50%,100%,2,1,100%,X,X,20%,10%,4,40%,3,-50%,150%,2
"Meraxis, God of Bliss",The Swamplands,47,,1.9,635,-,-,-,9,-,-,25%,5,2,-,2,2,-,4,-,-,-,,3,-50%,150%,2,1,100%,X,X,20%,10%,4,40%,3,-50%,150%,2
"Meraxis, God of Bliss",The Swamplands,48,,1.9,635,-,-,-,9,-,-,25%,5,2,-,2,2,-,4,-,-,-,,4,-50%,150%,2,1,100%,X,X,20%,10%,4,40%,3,-50%,150%,2
"Meraxis, God of Bliss",The Swamplands,49,,1.9,635,-,-,-,9,-,-,25%,5,2,-,2,2,-,4,-,-,-,,4,-50%,150%,2,1,100%,X,X,20%,10%,4,50%,3,-50%,150%,2
"Meraxis, God of Bliss",The Swamplands,50,,1.9,635,-,-,-,11.5,-,-,25%,5,2,-,2,2,-,4,-,-,-,,4,-50%,150%,2,1,1,X,X,20%,10%,4,50%,3,-50%,150%,2
"Meraxis, God of Bliss",The Swamplands,51,,1.9,635,-,-,-,11.5,-,-,25%,5,2,-,2,2,-,4,-,-,-,,4,-50%,150%,2,1,100%,X,X,25%,10%,4,50%,3,-50%,150%,2
"Meraxis, God of Bliss",The Swamplands,52,,1.9,635,-,-,-,11.5,-,-,25%,5,2,-,2,2,-,4,-,-,-,,4,-50%,150%,2,2,100%,X,X,25%,10%,4,50%,3,-50%,150%,2
"Meraxis, God of Bliss",The Swamplands,53,,1.9,635,-,-,-,11.5,-,-,25%,5,2,-,2,2,-,4,-,-,-,,4,-50%,150%,2,2,100%,X,X,25%,20%,4,50%,3,-50%,150%,2
"Meraxis, God of Bliss",The Swamplands,54,,1.9,635,-,-,-,11.5,-,-,25%,5,2,-,2,2,-,4,-,-,-,,4,-50%,150%,2,2,100%,X,X,25%,20%,4,60%,3,-50%,150%,2
"Meraxis, God of Bliss",The Swamplands,55,,1.9,635,-,-,-,11.5,-,-,25%,5,2,-,2,2,-,4,-,-,-,,4,-50%,150%,2,2,100%,X,X,25%,20%,4,60%,3,-50%,150%,3
"Meraxis, God of Bliss",The Swamplands,56,,1.9,635,-,-,-,11.5,-,-,25%,5,2,-,2,2,-,4,-,-,-,,4,-100%,150%,2,2,100%,X,X,25%,20%,4,60%,3,-50%,150%,3
"Meraxis, God of Bliss",The Swamplands,57,,1.9,635,-,-,-,11.5,-,-,25%,5,2,-,2,2,-,4,-,-,-,,5,-100%,150%,2,2,100%,X,X,25%,20%,4,60%,3,-50%,150%,3
"Meraxis, God of Bliss",The Swamplands,58,,1.9,635,-,-,-,11.5,-,-,25%,5,2,-,2,2,-,4,-,-,-,,5,-100%,150%,2,2,100%,X,X,25%,20%,4,70%,3,-50%,150%,3
"Meraxis, God of Bliss",The Swamplands,59,,1.9,635,-,-,-,11.5,-,-,25%,5,2,-,2,2,-,4,-,-,-,,5,-100%,150%,2,2,100%,X,X,30%,20%,4,70%,3,-50%,150%,3
"Meraxis, God of Bliss",The Swamplands,60,,1.9,635,-,-,-,11.5,-,-,25%,5,2,-,2,4,-,4,-,-,-,,5,-100%,150%,2,2,1,X,X,30%,20%,4,70%,3,-50%,150%,3
"Meraxis, God of Bliss",The Swamplands,61,,1.9,635,-,-,-,11.5,-,-,25%,5,2,-,2,4,-,4,-,-,-,,5,-100%,150%,2,2,100%,X,X,30%,30%,4,70%,3,-50%,150%,3
"Meraxis, God of Bliss",The Swamplands,62,,1.9,635,-,-,-,11.5,-,-,25%,5,2,-,2,4,-,4,-,-,-,,5,-100%,150%,2,2,100%,X,X,30%,30%,4,80%,3,-50%,150%,3
"Meraxis, God of Bliss",The Swamplands,63,,1.9,635,-,-,-,11.5,-,-,25%,5,2,-,2,4,-,4,-,-,-,,5,-100%,150%,2,2,100%,X,X,35%,30%,4,80%,3,-50%,150%,3
"Meraxis, God of Bliss",The Swamplands,64,,1.9,635,-,-,-,11.5,-,-,25%,5,2,-,2,4,-,4,-,-,-,,5,-100%,150%,2,2,100%,X,X,35%,40%,4,80%,3,-50%,150%,3
"Meraxis, God of Bliss",The Swamplands,65,,1.9,635,-,-,-,11.5,-,-,25%,5,2,-,2,4,-,4,-,-,-,,5,-100%,150%,2,2,100%,X,X,35%,40%,4,80%,3,-50%,200%,3
"Meraxis, God of Bliss",The Swamplands,66,,1.9,635,-,-,-,11.5,-,-,25%,5,2,-,2,4,-,4,-,-,-,,5,-100%,150%,2,2,100%,X,X,35%,40%,4,80%,3,-100%,200%,3
"Meraxis, God of Bliss",The Swamplands,67,,1.9,635,-,-,-,11.5,-,-,25%,5,2,-,2,4,-,4,-,-,-,,5,-100%,150%,2,2,100%,X,X,35%,40%,4,90%,3,-100%,200%,3
"Meraxis, God of Bliss",The Swamplands,68,,1.9,635,-,-,-,11.5,-,-,25%,5,2,-,2,4,-,4,-,-,-,,5,-100%,150%,2,2,100%,X,X,35%,50%,4,90%,3,-100%,200%,3
"Meraxis, God of Bliss",The Swamplands,69,,1.9,635,-,-,-,11.5,-,-,25%,5,2,-,2,4,-,4,-,-,-,,5,-100%,150%,2,2,100%,X,X,40%,50%,4,90%,3,-100%,200%,3
"Meraxis, God of Bliss",The Swamplands,70,,1.9,635,-,-,-,13.5,-,-,25%,5,2,-,2,4,-,4,-,-,-,,5,-100%,150%,2,2,1,X,X,40%,50%,4,90%,3,-100%,200%,3
"Meraxis, God of Bliss",The Swamplands,71,,1.9,635,-,-,-,13.5,-,-,25%,5,2,-,2,4,-,4,-,-,-,,5,-100%,150%,2,2,100%,X,X,40%,50%,4,100%,3,-100%,200%,3
"Meraxis, God of Bliss",The Swamplands,72,,1.9,635,-,-,-,13.5,-,-,25%,5,2,-,2,4,-,4,-,-,-,,5,-100%,150%,2,2,100%,X,X,40%,60%,4,100%,3,-100%,200%,3
"Meraxis, God of Bliss",The Swamplands,73,,1.9,635,-,-,-,13.5,-,-,25%,5,2,-,2,4,-,4,-,-,-,,5,-100%,150%,2,2,100%,X,X,45%,60%,4,100%,3,-100%,200%,3
"Meraxis, God of Bliss",The Swamplands,74,,1.9,635,-,-,-,13.5,-,-,25%,5,2,-,2,4,-,4,-,-,-,,5,-100%,150%,2,2,100%,X,X,45%,70%,4,100%,3,-100%,200%,3
"Meraxis, God of Bliss",The Swamplands,75,,1.9,635,-,-,-,13.5,-,-,25%,5,2,-,2,4,-,4,-,-,-,,5,-100%,150%,2,2,100%,X,X,45%,80%,4,100%,3,-100%,200%,3
"Meraxis, God of Bliss",The Swamplands,76,,1.9,635,-,-,-,13.5,-,-,25%,5,2,-,2,4,-,4,-,-,-,,5,-100%,200%,2,2,100%,X,X,45%,80%,4,100%,3,-100%,200%,3
"Meraxis, God of Bliss",The Swamplands,77,,1.9,635,-,-,-,13.5,-,-,25%,5,2,-,2,4,-,4,-,-,-,,5,-100%,200%,2,2,100%,X,X,45%,90%,4,100%,3,-100%,200%,3
"Meraxis, God of Bliss",The Swamplands,78,,1.9,635,-,-,-,13.5,-,-,25%,5,2,-,2,4,-,4,-,-,-,,5,-100%,200%,2,2,100%,X,X,45%,90%,4,110%,3,-100%,200%,3
"Meraxis, God of Bliss",The Swamplands,79,,1.9,635,-,-,-,13.5,-,-,25%,5,2,-,2,4,-,4,-,-,-,,5,-100%,200%,2,2,100%,X,X,50%,90%,4,110%,3,-100%,200%,3
"Meraxis, God of Bliss",The Swamplands,80,,1.9,635,-,-,-,15.5,-,-,25%,5,2,-,2,4,-,4,-,-,-,,5,-100%,200%,2,2,1,X,X,50%,90%,4,110%,3,-100%,200%,3
"Meraxis, God of Bliss",The Swamplands,81,,1.9,635,-,-,-,15.5,-,-,25%,5,2,-,2,4,-,4,-,-,-,,5,-100%,200%,2,2,100%,X,X,50%,100%,4,110%,3,-100%,200%,3
"Meraxis, God of Bliss",The Swamplands,82,,1.9,635,-,-,-,15.5,-,-,25%,5,2,-,2,4,-,4,-,-,-,,5,-100%,200%,2,2,100%,X,X,50%,100%,4,120%,3,-100%,200%,3
"Meraxis, God of Bliss",The Swamplands,83,,1.9,635,-,-,-,15.5,-,-,25%,5,2,-,2,4,-,4,-,-,-,,5,-100%,200%,2,2,100%,X,X,50%,110%,4,120%,3,-100%,200%,3
"Meraxis, God of Bliss",The Swamplands,84,,1.9,635,-,-,-,15.5,-,-,25%,5,2,-,2,4,-,4,-,-,-,,5,-100%,200%,2,2,100%,X,X,55%,110%,4,120%,3,-100%,200%,3
"Meraxis, God of Bliss",The Swamplands,85,,1.9,635,-,-,-,15.5,-,-,25%,5,2,-,2,4,-,4,-,-,-,,5,-100%,200%,2,2,100%,X,X,55%,110%,4,120%,3,-100%,250%,3
"Meraxis, God of Bliss",The Swamplands,86,,1.9,635,-,-,-,15.5,-,-,25%,5,2,-,2,4,-,4,-,-,-,,5,-100%,200%,2,2,100%,X,X,60%,110%,4,120%,3,-100%,250%,3
"Meraxis, God of Bliss",The Swamplands,87,,1.9,635,-,-,-,15.5,-,-,25%,5,2,-,2,4,-,4,-,-,-,,5,-100%,200%,2,2,100%,X,X,60%,110%,4,130%,3,-100%,250%,3
"Meraxis, God of Bliss",The Swamplands,88,,1.9,635,-,-,-,15.5,-,-,25%,5,2,-,2,4,-,4,-,-,-,,5,-100%,200%,2,2,100%,X,X,65%,110%,4,130%,3,-100%,250%,3
"Meraxis, God of Bliss",The Swamplands,89,,1.9,635,-,-,-,15.5,-,-,25%,5,2,-,2,4,-,4,-,-,-,,5,-100%,200%,2,2,100%,X,X,65%,120%,4,130%,3,-100%,250%,3
"Meraxis, God of Bliss",The Swamplands,90,,1.9,635,-,-,-,17.5,-,-,25%,5,2,-,2,4,-,4,-,-,-,,5,-100%,200%,2,2,1,X,X,65%,120%,4,130%,3,-100%,250%,3
"Meraxis, God of Bliss",The Swamplands,91,,1.9,635,-,-,-,17.5,-,-,25%,5,2,-,2,4,-,4,-,-,-,,5,-100%,200%,2,2,100%,X,X,65%,130%,4,130%,3,-100%,250%,3
"Meraxis, God of Bliss",The Swamplands,92,,1.9,635,-,-,-,17.5,-,-,25%,5,2,-,2,4,-,4,-,-,-,,5,-100%,200%,2,2,100%,X,X,65%,130%,4,140%,3,-100%,250%,3
"Meraxis, God of Bliss",The Swamplands,93,,1.9,635,-,-,-,17.5,-,-,25%,5,2,-,2,4,-,4,-,-,-,,5,-100%,200%,2,2,100%,X,X,70%,130%,4,140%,3,-100%,250%,3
"Meraxis, God of Bliss",The Swamplands,94,,1.9,635,-,-,-,17.5,-,-,25%,5,2,-,2,4,-,4,-,-,-,,5,-100%,250%,2,2,100%,X,X,70%,130%,4,140%,3,-100%,250%,3
"Meraxis, God of Bliss",The Swamplands,95,,1.9,635,-,-,-,17.5,-,-,25%,5,2,-,2,4,-,4,-,-,-,,5,-100%,250%,2,2,100%,X,X,70%,140%,4,140%,3,-100%,250%,3
"Meraxis, God of Bliss",The Swamplands,96,,1.9,635,-,-,-,17.5,-,-,25%,5,2,-,2,4,-,4,-,-,-,,5,-100%,250%,2,2,100%,X,X,70%,140%,4,150%,3,-100%,250%,3
"Meraxis, God of Bliss",The Swamplands,97,,1.9,635,-,-,-,17.5,-,-,25%,5,2,-,2,4,-,4,-,-,-,,5,-100%,250%,2,2,100%,X,X,75%,140%,4,150%,3,-100%,250%,3
"Meraxis, God of Bliss",The Swamplands,98,,1.9,635,-,-,-,17.5,-,-,25%,5,2,-,2,4,-,4,-,-,-,,5,-100%,250%,2,2,100%,X,X,75%,150%,4,150%,3,-100%,250%,3
"Meraxis, God of Bliss",The Swamplands,99,,1.9,635,-,-,-,17.5,-,-,25%,5,2,-,2,4,-,4,-,-,-,,5,-100%,250%,2,2,100%,X,X,80%,150%,4,150%,3,-100%,250%,3
"Meraxis, God of Bliss",The Swamplands,100,,1.9,635,-,-,-,17.5,-,-,25%,5,2,-,2,4,-,4,5,-,-,,5,-100%,250%,2,2,1,X,X,80%,150%,4,150%,3,-100%,250%,3
"Mortem, God of Blood",Titan's Wound,0,,-,400,-,-,-,3,-,-,-,3,-,-,5,-,-,-,-,-,-,,-,-,-,-,-,-,-,-,-,-,-,-,-,-,-,-
"Mortem, God of Blood",Titan's Wound,1,,-,400,-,-,-,4.5,-,-,-,3,-,-,5,-,-,-,-,-,-,,-,-,-,-,-,-,-,-,-,-,-,-,-,-,-,-
"Mortem, God of Blood",Titan's Wound,2,,-,400,-,-,-,4.5,-,-,-,3,-,-,5,-,-,-,-,-,-,,-,-,-,-,-,-,-,-,5%,-,-,-,-,-,-,-
"Mortem, God of Blood",Titan's Wound,3,,-,450,-,-,-,4.5,-,-,-,3,-,-,5,-,-,-,-,-,-,,-,-,-,-,-,-,-,-,5%,-,-,-,-,-,-,-
"Mortem, God of Blood",Titan's Wound,4,,-,450,-,-,-,4.5,-,-,-,3,-,-,5,-,-,-,-,-,-,,-,-,-,-,-,-,-,-,5%,-,-,10%,-,-,-,-
"Mortem, God of Blood",Titan's Wound,5,,-,500,-,-,-,4.5,-,-,-,3,-,-,5,-,-,-,-,-,-,,-,-,-,-,-,-,-,-,5%,-,-,10%,-,-,-,-
"Mortem, God of Blood",Titan's Wound,6,,-,500,-,-,-,4.5,-,-,-,3,-,-,5,-,-,-,-,-,-,,-,-,-,-,-,-,-,-,5%,-,-,10%,-,-,50%,-
"Mortem, God of Blood",Titan's Wound,7,,-,500,-,-,-,4.5,-,-,-,3,-,-,10,-,-,-,-,-,-,,-,-,-,-,-,-,-,-,5%,-,-,10%,-,-,50%,-
"Mortem, God of Blood",Titan's Wound,8,,-,500,-,-,-,4.5,-,-,-,3,-,-,10,-,-,-,-,-,-,,-,-,-,-,-,-,-,-,5%,-,-,10%,-,-,50%,1
"Mortem, God of Blood",Titan's Wound,9,,-,500,-,-,-,4.5,-,-,-,3,-,-,10,-,-,-,-,-,-,,-,-,-,-,-,-,-,X,5%,-,-,10%,-,-,50%,1
"Mortem, God of Blood",Titan's Wound,10,,-,600,-,-,-,4.5,-,-,-,3,-,-,10,-,-,-,-,-,-,,-,-,-,-,-,-,-,X,5%,-,-,10%,-,-,50%,1
"Mortem, God of Blood",Titan's Wound,11,,-,600,-,-,-,4.5,-,-,-,3,-,-,10,-,-,-,-,-,-,,-,-,-,1,-,-,-,X,5%,-,-,10%,-,-,50%,1
"Mortem, God of Blood",Titan's Wound,12,,-,600,-,-,-,4.5,-,-,-,3,-,-,10,-,-,-,-,-,-,,-,-,50%,1,-,-,-,X,5%,-,-,10%,-,-,50%,1
"Mortem, God of Blood",Titan's Wound,13,,-,600,-,-,-,4.5,-,-,-,3,-,-,10,-,-,-,-,-,-,,-,-,50%,1,-,-,-,X,5%,-,-,10%,1,-,50%,1
"Mortem, God of Blood",Titan's Wound,14,,-,600,-,-,-,4.5,-,-,-,3,-,-,10,-,-,-,-,-,-,,-,-,50%,1,-,-,-,X,5%,-,1,10%,1,-,50%,1
"Mortem, God of Blood",Titan's Wound,15,,-,600,-,-,-,4.5,-,-,-,3,3,-,10,-,-,-,-,-,-,,-,-,50%,1,-,-,-,X,5%,-,1,10%,1,-,50%,1
"Mortem, God of Blood",Titan's Wound,16,,-,600,-,-,-,4.5,-,-,-,3,3,-,10,-,-,-,-,-,-,,-,-,50%,1,-,-,X,X,5%,-,1,10%,1,-,50%,1
"Mortem, God of Blood",Titan's Wound,17,,-,600,-,-,-,4.5,-,-,-,3,3,-,10,-,-,-,-,-,-,,1,-,50%,1,-,-,X,X,5%,-,1,10%,1,-,50%,1
"Mortem, God of Blood",Titan's Wound,18,,-,600,-,-,-,4.5,-,-,-,3,3,-,10,-,-,-,-,-,-,,1,-,50%,1,-,-,X,X,5%,-,1,20%,1,-,50%,1
"Mortem, God of Blood",Titan's Wound,19,,-,600,-,-,-,4.5,-,-,-,3,3,-,10,-,-,-,-,-,-,,1,-,50%,1,-,-,X,X,10%,-,1,20%,1,-,50%,1
"Mortem, God of Blood",Titan's Wound,20,,-,600,-,-,-,4.5,-,-,-,3,3,-,10,-,-,-,-,1,-,,1,-,50%,1,-,-,X,X,10%,-,1,20%,1,-,50%,1
"Mortem, God of Blood",Titan's Wound,21,,-,600,-,-,-,4.5,-,-,-,3,3,-,10,-,-,-,-,1,-,,1,-,50%,1,-,-,X,X,10%,-,1,20%,1,-,100%,1
"Mortem, God of Blood",Titan's Wound,22,,-,600,-,-,-,4.5,-,-,-,3,3,-,10,-,-,-,-,1,-,,1,-,50%,1,-,-,X,X,10%,-,1,20%,2,-,100%,1
"Mortem, God of Blood",Titan's Wound,23,,-,600,-,-,-,4.5,-,-,-,3,3,-,10,-,-,-,-,1,-,,1,-,50%,1,-,-,X,X,10%,-,2,20%,2,-,100%,1
"Mortem, God of Blood",Titan's Wound,24,,-,600,-,-,-,4.5,-,-,-,3,3,-,10,-,-,-,-,1,-,,1,-,50%,2,-,-,X,X,10%,-,2,20%,2,-,100%,1
"Mortem, God of Blood",Titan's Wound,25,,-,600,-,-,-,4.5,-,-,-,3,3,2,10,-,-,-,-,1,-,,1,-,50%,2,-,-,X,X,10%,-,2,20%,2,-,100%,1
"Mortem, God of Blood",Titan's Wound,26,,-,600,-,-,-,4.5,-,-,-,3,3,2,10,-,-,-,-,1,-,,1,-50%,50%,2,-,-,X,X,10%,-,2,20%,2,-,100%,1
"Mortem, God of Blood",Titan's Wound,27,,-,600,-,-,-,4.5,-,-,-,3,3,2,10,-,-,-,-,1,-,,1,-50%,100%,2,-,-,X,X,10%,-,2,20%,2,-,100%,1
"Mortem, God of Blood",Titan's Wound,28,,-,600,-,-,-,4.5,-,-,-,3,3,2,10,-,-,-,-,1,-,,1,-50%,100%,2,-,-,X,X,10%,-,2,20%,3,-,100%,1
"Mortem, God of Blood",Titan's Wound,29,,-,600,-,-,-,4.5,-,-,-,3,3,2,10,-,-,-,-,1,-,,1,-50%,100%,2,-,-,X,X,15%,-,2,20%,3,-,100%,1
"Mortem, God of Blood",Titan's Wound,30,,-,600,-,-,-,4.5,-,-,-,5,3,2,10,-,-,-,-,1,-,,1,-50%,100%,2,-,-,X,X,15%,-,2,20%,3,-,100%,1
"Mortem, God of Blood",Titan's Wound,31,,-,600,-,-,-,4.5,-,-,-,5,3,2,10,-,-,-,-,1,-,,1,-50%,100%,2,-,-,X,X,15%,-,2,20%,3,-,100%,2
"Mortem, God of Blood",Titan's Wound,32,,-,600,-,-,-,4.5,-,-,-,5,3,2,10,-,-,-,-,1,-,,1,-50%,100%,2,-,-,X,X,15%,-,2,20%,3,-50%,100%,2
"Mortem, God of Blood",Titan's Wound,33,,-,600,-,-,-,4.5,-,-,-,5,3,2,10,-,-,-,-,1,-,,1,-50%,100%,2,1,-,X,X,15%,-,2,20%,3,-50%,100%,2
"Mortem, God of Blood",Titan's Wound,34,,-,600,-,-,-,4.5,-,-,-,5,3,2,10,-,-,-,-,1,-,,1,-50%,100%,2,1,-,X,X,15%,-,3,20%,3,-50%,100%,2
"Mortem, God of Blood",Titan's Wound,35,,-,600,-,-,-,4.5,-,-,-,5,3,2,15,-,-,-,-,1,-,,1,-50%,100%,2,1,-,X,X,15%,-,3,20%,3,-50%,100%,2
"Mortem, God of Blood",Titan's Wound,36,,-,600,-,-,-,4.5,-,-,-,5,3,2,15,-,-,-,-,1,-,,2,-50%,100%,2,1,-,X,X,15%,-,3,20%,3,-50%,100%,2
"Mortem, God of Blood",Titan's Wound,37,,-,600,-,-,-,4.5,-,-,-,5,3,2,15,-,-,-,-,1,-,,2,-50%,100%,2,1,-,X,X,15%,-,3,30%,3,-50%,100%,2
"Mortem, God of Blood",Titan's Wound,38,,-,600,-,-,-,4.5,-,-,-,5,3,2,15,-,-,-,-,1,-,,2,-50%,100%,2,1,-,X,X,15%,-,3,30%,3,-50%,150%,2
"Mortem, God of Blood",Titan's Wound,39,,-,600,-,-,-,4.5,-,-,-,5,3,2,15,-,-,-,-,1,-,,2,-50%,100%,2,1,-,X,X,15%,-,4,30%,3,-50%,150%,2
"Mortem, God of Blood",Titan's Wound,40,,2.8,600,-,-,-,4.5,-,-,-,5,3,2,15,-,-,-,-,1,-,,2,-50%,100%,2,1,-,X,X,15%,-,4,30%,3,-50%,150%,2
"Mortem, God of Blood",Titan's Wound,41,,2.8,600,-,-,-,4.5,-,-,-,5,3,2,15,-,-,-,-,1,-,,3,-50%,100%,2,1,-,X,X,15%,-,4,30%,3,-50%,150%,2
"Mortem, God of Blood",Titan's Wound,42,,2.8,600,-,-,-,4.5,-,-,-,5,3,2,15,-,-,-,-,1,-,,3,-50%,100%,2,1,100%,X,X,15%,-,4,30%,3,-50%,150%,2
"Mortem, God of Blood",Titan's Wound,43,,2.8,600,-,-,-,4.5,-,-,-,5,3,2,15,-,-,-,-,1,-,,3,-50%,100%,2,1,100%,X,X,15%,-,4,40%,3,-50%,150%,2
"Mortem, God of Blood",Titan's Wound,44,,2.8,600,-,-,-,4.5,-,-,-,5,3,2,15,-,-,-,-,1,-,,3,-50%,100%,2,1,100%,X,X,20%,-,4,40%,3,-50%,150%,2
"Mortem, God of Blood",Titan's Wound,45,,2.8,600,-,-,-,4.5,-,-,-,5,3,2,18,-,-,-,-,1,-,,3,-50%,100%,2,1,1,X,X,20%,-,4,40%,3,-50%,150%,2
"Mortem, God of Blood",Titan's Wound,46,,2.8,600,-,-,-,4.5,-,-,-,5,3,2,18,-,-,-,-,1,-,,3,-50%,100%,2,1,100%,X,X,20%,10%,4,40%,3,-50%,150%,2
"Mortem, God of Blood",Titan's Wound,47,,2.8,600,-,-,-,4.5,-,-,-,5,3,2,18,-,-,-,-,1,-,,3,-50%,150%,2,1,100%,X,X,20%,10%,4,40%,3,-50%,150%,2
"Mortem, God of Blood",Titan's Wound,48,,2.8,600,-,-,-,4.5,-,-,-,5,3,2,18,-,-,-,-,1,-,,4,-50%,150%,2,1,100%,X,X,20%,10%,4,40%,3,-50%,150%,2
"Mortem, God of Blood",Titan's Wound,49,,2.8,600,-,-,-,4.5,-,-,-,5,3,2,18,-,-,-,-,1,-,,4,-50%,150%,2,1,100%,X,X,20%,10%,4,50%,3,-50%,150%,2
"Mortem, God of Blood",Titan's Wound,50,,2.8,600,-,-,-,9,-,-,-,5,3,2,18,-,-,-,-,2,-,,4,-50%,150%,2,1,1,X,X,20%,10%,4,50%,3,-50%,150%,2
"Mortem, God of Blood",Titan's Wound,51,,2.8,600,-,-,-,9,-,-,-,5,3,2,18,-,-,-,-,2,-,,4,-50%,150%,2,1,100%,X,X,25%,10%,4,50%,3,-50%,150%,2
"Mortem, God of Blood",Titan's Wound,52,,2.8,600,-,-,-,9,-,-,-,5,3,2,18,-,-,-,-,2,-,,4,-50%,150%,2,2,100%,X,X,25%,10%,4,50%,3,-50%,150%,2
"Mortem, God of Blood",Titan's Wound,53,,2.8,600,-,-,-,9,-,-,-,5,3,2,18,-,-,-,-,2,-,,4,-50%,150%,2,2,100%,X,X,25%,20%,4,50%,3,-50%,150%,2
"Mortem, God of Blood",Titan's Wound,54,,2.8,600,-,-,-,9,-,-,-,5,3,2,18,-,-,-,-,2,-,,4,-50%,150%,2,2,100%,X,X,25%,20%,4,60%,3,-50%,150%,2
"Mortem, God of Blood",Titan's Wound,55,,2.8,600,-,-,-,9,-,-,-,5,3,2,18,-,-,-,-,2,-,,4,-50%,150%,2,2,100%,X,X,25%,20%,4,60%,3,-50%,150%,3
"Mortem, God of Blood",Titan's Wound,56,,2.8,600,-,-,-,9,-,-,-,5,3,2,18,-,-,-,-,2,-,,4,-100%,150%,2,2,100%,X,X,25%,20%,4,60%,3,-50%,150%,3
"Mortem, God of Blood",Titan's Wound,57,,2.8,600,-,-,-,9,-,-,-,5,3,2,18,-,-,-,-,2,-,,5,-100%,150%,2,2,100%,X,X,25%,20%,4,60%,3,-50%,150%,3
"Mortem, God of Blood",Titan's Wound,58,,2.8,600,-,-,-,9,-,-,-,5,3,2,18,-,-,-,-,2,-,,5,-100%,150%,2,2,100%,X,X,25%,20%,4,70%,3,-50%,150%,3
"Mortem, God of Blood",Titan's Wound,59,,2.8,600,-,-,-,9,-,-,-,5,3,2,18,-,-,-,-,2,-,,5,-100%,150%,2,2,100%,X,X,30%,20%,4,70%,3,-50%,150%,3
"Mortem, God of Blood",Titan's Wound,60,,2.8,600,-,-,-,11,-,-,-,5,3,2,18,-,-,-,-,2,-,,5,-100%,150%,2,2,1,X,X,30%,20%,4,70%,3,-50%,150%,3
"Mortem, God of Blood",Titan's Wound,61,,2.8,600,-,-,-,11,-,-,-,5,3,2,18,-,-,-,-,2,-,,5,-100%,150%,2,2,100%,X,X,30%,30%,4,70%,3,-50%,150%,3
"Mortem, God of Blood",Titan's Wound,62,,2.8,600,-,-,-,11,-,-,-,5,3,2,18,-,-,-,-,2,-,,5,-100%,150%,2,2,100%,X,X,30%,30%,4,80%,3,-50%,150%,3
"Mortem, God of Blood",Titan's Wound,63,,2.8,600,-,-,-,11,-,-,-,5,3,2,18,-,-,-,-,2,-,,5,-100%,150%,2,2,100%,X,X,35%,30%,4,80%,3,-50%,150%,3
"Mortem, God of Blood",Titan's Wound,64,,2.8,600,-,-,-,11,-,-,-,5,3,2,18,-,-,-,-,2,-,,5,-100%,150%,2,2,100%,X,X,35%,40%,4,80%,3,-50%,150%,3
"Mortem, God of Blood",Titan's Wound,65,,2.8,600,-,-,-,11,-,-,-,5,3,2,18,-,-,-,-,2,-,,5,-100%,150%,2,2,100%,X,X,35%,40%,4,80%,3,-50%,200%,3
"Mortem, God of Blood",Titan's Wound,66,,2.8,600,-,-,-,11,-,-,-,5,3,2,18,-,-,-,-,2,-,,5,-100%,150%,2,2,100%,X,X,35%,40%,4,80%,3,-100%,200%,3
"Mortem, God of Blood",Titan's Wound,67,,2.8,600,-,-,-,11,-,-,-,5,3,2,18,-,-,-,-,2,-,,5,-100%,150%,2,2,100%,X,X,35%,40%,4,90%,3,-100%,200%,3
"Mortem, God of Blood",Titan's Wound,68,,2.8,600,-,-,-,11,-,-,-,5,3,2,18,-,-,-,-,2,-,,5,-100%,150%,2,2,100%,X,X,35%,50%,4,90%,3,-100%,200%,3
"Mortem, God of Blood",Titan's Wound,69,,2.8,600,-,-,-,11,-,-,-,5,3,2,18,-,-,-,-,2,-,,5,-100%,150%,2,2,100%,X,X,40%,50%,4,90%,3,-100%,200%,3
"Mortem, God of Blood",Titan's Wound,70,,2.8,600,-,-,-,13,-,-,-,5,3,2,18,-,-,-,-,2,-,,5,-100%,150%,2,2,1,X,X,40%,50%,4,90%,3,-100%,200%,3
"Mortem, God of Blood",Titan's Wound,71,,2.8,600,-,-,-,13,-,-,-,5,3,2,18,-,-,-,-,2,-,,5,-100%,150%,2,2,100%,X,X,40%,50%,4,100%,3,-100%,200%,3
"Mortem, God of Blood",Titan's Wound,72,,2.8,600,-,-,-,13,-,-,-,5,3,2,18,-,-,-,-,2,-,,5,-100%,150%,2,2,100%,X,X,40%,60%,4,100%,3,-100%,200%,3
"Mortem, God of Blood",Titan's Wound,73,,2.8,600,-,-,-,13,-,-,-,5,3,2,18,-,-,-,-,2,-,,5,-100%,150%,2,2,100%,X,X,45%,60%,4,100%,3,-100%,200%,3
"Mortem, God of Blood",Titan's Wound,74,,2.8,600,-,-,-,13,-,-,-,5,3,2,18,-,-,-,-,2,-,,5,-100%,150%,2,2,100%,X,X,45%,70%,4,100%,3,-100%,200%,3
"Mortem, God of Blood",Titan's Wound,75,,2.8,600,-,-,-,13,-,-,-,5,3,2,18,-,-,-,-,2,-,,5,-100%,150%,2,2,100%,X,X,45%,80%,4,100%,3,-100%,200%,3
"Mortem, God of Blood",Titan's Wound,76,,2.8,600,-,-,-,13,-,-,-,5,3,2,18,-,-,-,-,2,-,,5,-100%,200%,2,2,100%,X,X,45%,80%,4,100%,3,-100%,200%,3
"Mortem, God of Blood",Titan's Wound,77,,2.8,600,-,-,-,13,-,-,-,5,3,2,18,-,-,-,-,2,-,,5,-100%,200%,2,2,100%,X,X,45%,90%,4,100%,3,-100%,200%,3
"Mortem, God of Blood",Titan's Wound,78,,2.8,600,-,-,-,13,-,-,-,5,3,2,18,-,-,-,-,2,-,,5,-100%,200%,2,2,100%,X,X,45%,90%,4,110%,3,-100%,200%,3
"Mortem, God of Blood",Titan's Wound,79,,2.8,600,-,-,-,13,-,-,-,5,3,2,18,-,-,-,-,2,-,,5,-100%,200%,2,2,100%,X,X,50%,90%,4,110%,3,-100%,200%,3
"Mortem, God of Blood",Titan's Wound,80,,2.8,600,-,-,-,13,-,-,-,5,3,2,23,-,-,-,-,2,-,,5,-100%,200%,2,2,1,X,X,50%,90%,4,110%,3,-100%,200%,3
"Mortem, God of Blood",Titan's Wound,81,,2.8,600,-,-,-,13,-,-,-,5,3,2,23,-,-,-,-,2,-,,5,-100%,200%,2,2,100%,X,X,50%,100%,4,110%,3,-100%,200%,3
"Mortem, God of Blood",Titan's Wound,82,,2.8,600,-,-,-,13,-,-,-,5,3,2,23,-,-,-,-,2,-,,5,-100%,200%,2,2,100%,X,X,50%,100%,4,120%,3,-100%,200%,3
"Mortem, God of Blood",Titan's Wound,83,,2.8,600,-,-,-,13,-,-,-,5,3,2,23,-,-,-,-,2,-,,5,-100%,200%,2,2,100%,X,X,50%,110%,4,120%,3,-100%,200%,3
"Mortem, God of Blood",Titan's Wound,84,,2.8,600,-,-,-,13,-,-,-,5,3,2,23,-,-,-,-,2,-,,5,-100%,200%,2,2,100%,X,X,55%,110%,4,120%,3,-100%,200%,3
"Mortem, God of Blood",Titan's Wound,85,,2.8,600,-,-,-,13,-,-,-,5,3,2,23,-,-,-,-,2,-,,5,-100%,200%,2,2,100%,X,X,55%,110%,4,120%,3,-100%,250%,3
"Mortem, God of Blood",Titan's Wound,86,,2.8,600,-,-,-,13,-,-,-,5,3,2,23,-,-,-,-,2,-,,5,-100%,200%,2,2,100%,X,X,60%,110%,4,120%,3,-100%,250%,3
"Mortem, God of Blood",Titan's Wound,87,,2.8,600,-,-,-,13,-,-,-,5,3,2,23,-,-,-,-,2,-,,5,-100%,200%,2,2,100%,X,X,60%,110%,4,130%,3,-100%,250%,3
"Mortem, God of Blood",Titan's Wound,88,,2.8,600,-,-,-,13,-,-,-,5,3,2,23,-,-,-,-,2,-,,5,-100%,200%,2,2,100%,X,X,65%,110%,4,130%,3,-100%,250%,3
"Mortem, God of Blood",Titan's Wound,89,,2.8,600,-,-,-,13,-,-,-,5,3,2,23,-,-,-,-,2,-,,5,-100%,200%,2,2,100%,X,X,65%,120%,4,130%,3,-100%,250%,3
"Mortem, God of Blood",Titan's Wound,90,,2.8,600,-,-,-,13,-,-,-,5,3,2,23,8,-,-,-,2,-,,5,-100%,200%,2,2,1,X,X,65%,120%,4,130%,3,-100%,250%,3
"Mortem, God of Blood",Titan's Wound,91,,2.8,600,-,-,-,13,-,-,-,5,3,2,23,8,-,-,-,2,-,,5,-100%,200%,2,2,100%,X,X,65%,130%,4,130%,3,-100%,250%,3
"Mortem, God of Blood",Titan's Wound,92,,2.8,600,-,-,-,13,-,-,-,5,3,2,23,8,-,-,-,2,-,,5,-100%,200%,2,2,100%,X,X,65%,130%,4,140%,3,-100%,250%,3
"Mortem, God of Blood",Titan's Wound,93,,2.8,600,-,-,-,13,-,-,-,5,3,2,23,8,-,-,-,2,-,,5,-100%,200%,2,2,100%,X,X,70%,130%,4,140%,3,-100%,250%,3
"Mortem, God of Blood",Titan's Wound,94,,2.8,600,-,-,-,13,-,-,-,5,3,2,23,8,-,-,-,2,-,,5,-100%,250%,2,2,100%,X,X,70%,130%,4,140%,3,-100%,250%,3
"Mortem, God of Blood",Titan's Wound,95,,2.8,600,-,-,-,13,-,-,-,5,3,2,23,8,-,-,-,2,-,,5,-100%,250%,2,2,100%,X,X,70%,140%,4,140%,3,-100%,250%,3
"Mortem, God of Blood",Titan's Wound,96,,2.8,600,-,-,-,13,-,-,-,5,3,2,23,8,-,-,-,2,-,,5,-100%,250%,2,2,100%,X,X,70%,140%,4,150%,3,-100%,250%,3
"Mortem, God of Blood",Titan's Wound,97,,2.8,600,-,-,-,13,-,-,-,5,3,2,23,8,-,-,-,2,-,,5,-100%,250%,2,2,100%,X,X,75%,140%,4,150%,3,-100%,250%,3
"Mortem, God of Blood",Titan's Wound,98,,2.8,600,-,-,-,13,-,-,-,5,3,2,23,8,-,-,-,2,-,,5,-100%,250%,2,2,100%,X,X,75%,150%,4,150%,3,-100%,250%,3
"Mortem, God of Blood",Titan's Wound,99,,2.8,600,-,-,-,13,-,-,-,5,3,2,23,8,-,-,-,2,-,,5,-100%,250%,2,2,100%,X,X,80%,150%,4,150%,3,-100%,250%,3
"Mortem, God of Blood",Titan's Wound,100,,2.8,600,-,-,-,13,-,-,-,5,3,2,23,8,-,3,-,2,-,,5,-100%,250%,2,2,1,X,X,80%,150%,4,150%,3,-100%,250%,3
"Muse, Goddess of Creation",Astral Gallery,0,,-,600,-,-,-,7,-,-,-,3,-,-,-,-,-,-,-,-,-,,-,-,-,-,-,-,-,-,-,-,-,-,-,-,-,-
"Muse, Goddess of Creation",Astral Gallery,1,,-,650,-,-,-,7,-,-,-,3,-,-,-,-,-,-,-,-,-,,-,-,-,-,-,-,-,-,-,-,-,-,-,-,-,-
"Muse, Goddess of Creation",Astral Gallery,2,,-,650,-,-,-,7,-,-,-,3,-,-,-,-,-,-,-,-,-,,-,-,-,-,-,-,-,-,5%,-,-,-,-,-,-,-
"Muse, Goddess of Creation",Astral Gallery,3,,-,700,-,-,-,7,-,-,-,3,-,-,-,-,-,-,-,-,-,,-,-,-,-,-,-,-,-,5%,-,-,-,-,-,-,-
"Muse, Goddess of Creation",Astral Gallery,4,,-,700,-,-,-,7,-,-,-,3,-,-,-,-,-,-,-,-,-,,-,-,-,-,-,-,-,-,5%,-,-,10%,-,-,-,-
"Muse, Goddess of Creation",Astral Gallery,5,,-,700,-,-,-,7,-,-,-,3,3,-,-,-,-,-,-,-,-,,-,-,-,-,-,-,-,-,5%,-,-,10%,-,-,-,-
"Muse, Goddess of Creation",Astral Gallery,6,,-,700,-,-,-,7,-,-,-,3,3,-,-,-,-,-,-,-,-,,-,-,-,-,-,-,-,-,5%,-,-,10%,-,-,50%,-
"Muse, Goddess of Creation",Astral Gallery,7,,-,850,-,-,-,7,-,-,-,3,3,-,-,-,-,-,-,-,-,,-,-,-,-,-,-,-,-,5%,-,-,10%,-,-,50%,-
"Muse, Goddess of Creation",Astral Gallery,8,,-,850,-,-,-,7,-,-,-,3,3,-,-,-,-,-,-,-,-,,-,-,-,-,-,-,-,-,5%,-,-,10%,-,-,50%,1
"Muse, Goddess of Creation",Astral Gallery,9,,-,850,-,-,-,7,-,-,-,3,3,-,-,-,-,-,-,-,-,,-,-,-,-,-,-,-,X,5%,-,-,10%,-,-,50%,1
"Muse, Goddess of Creation",Astral Gallery,10,,-,900,-,-,-,7,-,-,-,3,3,-,-,-,-,-,-,-,-,,-,-,-,-,-,-,-,X,5%,-,-,10%,-,-,50%,1
"Muse, Goddess of Creation",Astral Gallery,11,,-,900,-,-,-,7,-,-,-,3,3,-,-,-,-,-,-,-,-,,-,-,-,1,-,-,-,X,5%,-,-,10%,-,-,50%,1
"Muse, Goddess of Creation",Astral Gallery,12,,-,900,-,-,-,7,-,-,-,3,3,-,-,-,-,-,-,-,-,,-,-,50%,1,-,-,-,X,5%,-,-,10%,-,-,50%,1
"Muse, Goddess of Creation",Astral Gallery,13,,-,900,-,-,-,7,-,-,-,3,3,-,-,-,-,-,-,-,-,,-,-,50%,1,-,-,-,X,5%,-,-,10%,1,-,50%,1
"Muse, Goddess of Creation",Astral Gallery,14,,-,900,-,-,-,7,-,-,-,3,3,-,-,-,-,-,-,-,-,,-,-,50%,1,-,-,-,X,5%,-,1,10%,1,-,50%,1
"Muse, Goddess of Creation",Astral Gallery,15,,-,900,-,-,-,8.5,-,-,-,3,3,-,-,-,-,-,-,-,-,,-,-,50%,1,-,-,-,X,5%,-,1,10%,1,-,50%,1
"Muse, Goddess of Creation",Astral Gallery,16,,-,900,-,-,-,8.5,-,-,-,3,3,-,-,-,-,-,-,-,-,,-,-,50%,1,-,-,X,X,5%,-,1,10%,1,-,50%,1
"Muse, Goddess of Creation",Astral Gallery,17,,-,900,-,-,-,8.5,-,-,-,3,3,-,-,-,-,-,-,-,-,,1,-,50%,1,-,-,X,X,5%,-,1,10%,1,-,50%,1
"Muse, Goddess of Creation",Astral Gallery,18,,-,900,-,-,-,8.5,-,-,-,3,3,-,-,-,-,-,-,-,-,,1,-,50%,1,-,-,X,X,5%,-,1,20%,1,-,50%,1
"Muse, Goddess of Creation",Astral Gallery,19,,-,900,-,-,-,8.5,-,-,-,3,3,-,-,-,-,-,-,-,-,,1,-,50%,1,-,-,X,X,10%,-,1,20%,1,-,50%,1
"Muse, Goddess of Creation",Astral Gallery,20,,-,900,-,-,-,8.5,-,-,-,3,3,-,-,-,-,2,-,-,-,,1,-,50%,1,-,-,X,X,10%,-,1,20%,1,-,50%,1
"Muse, Goddess of Creation",Astral Gallery,21,,-,900,-,-,-,8.5,-,-,-,3,3,-,-,-,-,2,-,-,-,,1,-,50%,1,-,-,X,X,10%,-,1,20%,1,-,100%,1
"Muse, Goddess of Creation",Astral Gallery,22,,-,900,-,-,-,8.5,-,-,-,3,3,-,-,-,-,2,-,-,-,,1,-,50%,1,-,-,X,X,10%,-,1,20%,2,-,100%,1
"Muse, Goddess of Creation",Astral Gallery,23,,-,900,-,-,-,8.5,-,-,-,3,3,-,-,-,-,2,-,-,-,,1,-,50%,1,-,-,X,X,10%,-,2,20%,2,-,100%,1
"Muse, Goddess of Creation",Astral Gallery,24,,-,900,-,-,-,8.5,-,-,-,3,3,-,-,-,-,2,-,-,-,,1,-,50%,2,-,-,X,X,10%,-,2,20%,2,-,100%,1
"Muse, Goddess of Creation",Astral Gallery,25,,-,900,-,-,-,8.5,-,-,-,3,3,-,-,-,-,4,-,-,-,,1,-,50%,2,-,-,X,X,10%,-,2,20%,2,-,100%,1
"Muse, Goddess of Creation",Astral Gallery,26,,-,900,-,-,-,8.5,-,-,-,3,3,-,-,-,-,4,-,-,-,,1,-50%,50%,2,-,-,X,X,10%,-,2,20%,2,-,100%,1
"Muse, Goddess of Creation",Astral Gallery,27,,-,900,-,-,-,8.5,-,-,-,3,3,-,-,-,-,4,-,-,-,,1,-50%,100%,2,-,-,X,X,10%,-,2,20%,2,-,100%,1
"Muse, Goddess of Creation",Astral Gallery,28,,-,900,-,-,-,8.5,-,-,-,3,3,-,-,-,-,4,-,-,-,,1,-50%,100%,2,-,-,X,X,10%,-,2,20%,3,-,100%,1
"Muse, Goddess of Creation",Astral Gallery,29,,-,900,-,-,-,8.5,-,-,-,3,3,-,-,-,-,4,-,-,-,,1,-50%,100%,2,-,-,X,X,15%,-,2,20%,3,-,100%,1
"Muse, Goddess of Creation",Astral Gallery,30,,-,900,-,-,-,8.5,-,-,-,3,3,-,-,-,-,7,-,-,-,,1,-50%,100%,2,-,-,X,X,15%,-,2,20%,3,-,100%,1
"Muse, Goddess of Creation",Astral Gallery,31,,-,900,-,-,-,8.5,-,-,-,3,3,-,-,-,-,7,-,-,-,,1,-50%,100%,2,-,-,X,X,15%,-,2,20%,3,-,100%,2
"Muse, Goddess of Creation",Astral Gallery,32,,-,900,-,-,-,8.5,-,-,-,3,3,-,-,-,-,7,-,-,-,,1,-50%,100%,2,-,-,X,X,15%,-,2,20%,3,-50%,100%,2
"Muse, Goddess of Creation",Astral Gallery,33,,-,900,-,-,-,8.5,-,-,-,3,3,-,-,-,-,7,-,-,-,,1,-50%,100%,2,1,-,X,X,15%,-,2,20%,3,-50%,100%,2
"Muse, Goddess of Creation",Astral Gallery,34,,-,900,-,-,-,8.5,-,-,-,3,3,-,-,-,-,7,-,-,-,,1,-50%,100%,2,1,-,X,X,15%,-,3,20%,3,-50%,100%,2
"Muse, Goddess of Creation",Astral Gallery,35,,-,900,-,-,-,8.5,-,-,-,3,3,-,-,-,-,7,-,1,-,,1,-50%,100%,2,1,-,X,X,15%,-,3,20%,3,-50%,100%,2
"Muse, Goddess of Creation",Astral Gallery,36,,-,900,-,-,-,8.5,-,-,-,3,3,-,-,-,-,7,-,1,-,,2,-50%,100%,2,1,-,X,X,15%,-,3,20%,3,-50%,100%,2
"Muse, Goddess of Creation",Astral Gallery,37,,-,900,-,-,-,8.5,-,-,-,3,3,-,-,-,-,7,-,1,-,,2,-50%,100%,2,1,-,X,X,15%,-,3,30%,3,-50%,100%,2
"Muse, Goddess of Creation",Astral Gallery,38,,-,900,-,-,-,8.5,-,-,-,3,3,-,-,-,-,7,-,1,-,,2,-50%,100%,2,1,-,X,X,15%,-,3,30%,3,-50%,150%,2
"Muse, Goddess of Creation",Astral Gallery,39,,-,900,-,-,-,8.5,-,-,-,3,3,-,-,-,-,7,-,1,-,,2,-50%,100%,2,1,-,X,X,15%,-,4,30%,3,-50%,150%,2
"Muse, Goddess of Creation",Astral Gallery,40,,2,900,-,-,-,8.5,-,-,-,3,3,-,-,-,-,7,-,1,-,,2,-50%,100%,2,1,-,X,X,15%,-,4,30%,3,-50%,150%,2
"Muse, Goddess of Creation",Astral Gallery,41,,2,900,-,-,-,8.5,-,-,-,3,3,-,-,-,-,7,-,1,-,,3,-50%,100%,2,1,-,X,X,15%,-,4,30%,3,-50%,150%,2
"Muse, Goddess of Creation",Astral Gallery,42,,2,900,-,-,-,8.5,-,-,-,3,3,-,-,-,-,7,-,1,-,,3,-50%,100%,2,1,100%,X,X,15%,-,4,30%,3,-50%,150%,2
"Muse, Goddess of Creation",Astral Gallery,43,,2,900,-,-,-,8.5,-,-,-,3,3,-,-,-,-,7,-,1,-,,3,-50%,100%,2,1,100%,X,X,15%,-,4,40%,3,-50%,150%,2
"Muse, Goddess of Creation",Astral Gallery,44,,2,900,-,-,-,8.5,-,-,-,3,3,-,-,-,-,7,-,1,-,,3,-50%,100%,2,1,100%,X,X,20%,-,4,40%,3,-50%,150%,2
"Muse, Goddess of Creation",Astral Gallery,45,,2,900,-,-,-,8.5,-,-,-,3,3,-,-,-,-,7,-,2,-,,3,-50%,100%,2,1,1,X,X,20%,-,4,40%,3,-50%,150%,2
"Muse, Goddess of Creation",Astral Gallery,46,,2,900,-,-,-,8.5,-,-,-,3,3,-,-,-,-,7,-,2,-,,3,-50%,100%,2,1,100%,X,X,20%,10%,4,40%,3,-50%,150%,2
"Muse, Goddess of Creation",Astral Gallery,47,,2,900,-,-,-,8.5,-,-,-,3,3,-,-,-,-,7,-,2,-,,3,-50%,150%,2,1,100%,X,X,20%,10%,4,40%,3,-50%,150%,2
"Muse, Goddess of Creation",Astral Gallery,48,,2,900,-,-,-,8.5,-,-,-,3,3,-,-,-,-,7,-,2,-,,4,-50%,150%,2,1,100%,X,X,20%,10%,4,40%,3,-50%,150%,2
"Muse, Goddess of Creation",Astral Gallery,49,,2,900,-,-,-,8.5,-,-,-,3,3,-,-,-,-,7,-,2,-,,4,-50%,150%,2,1,100%,X,X,20%,10%,4,50%,3,-50%,150%,2
"Muse, Goddess of Creation",Astral Gallery,50,,2,900,-,-,-,10.5,-,-,-,3,3,-,-,-,-,7,-,2,-,,4,-50%,150%,2,1,1,X,X,20%,10%,4,50%,3,-50%,150%,2
"Muse, Goddess of Creation",Astral Gallery,51,,2,900,-,-,-,10.5,-,-,-,3,3,-,-,-,-,7,-,2,-,,4,-50%,150%,2,1,100%,X,X,25%,10%,4,50%,3,-50%,150%,2
"Muse, Goddess of Creation",Astral Gallery,52,,2,900,-,-,-,10.5,-,-,-,3,3,-,-,-,-,7,-,2,-,,4,-50%,150%,2,2,100%,X,X,25%,10%,4,50%,3,-50%,150%,2
"Muse, Goddess of Creation",Astral Gallery,53,,2,900,-,-,-,10.5,-,-,-,3,3,-,-,-,-,7,-,2,-,,4,-50%,150%,2,2,100%,X,X,25%,20%,4,50%,3,-50%,150%,2
"Muse, Goddess of Creation",Astral Gallery,54,,2,900,-,-,-,10.5,-,-,-,3,3,-,-,-,-,7,-,2,-,,4,-50%,150%,2,2,100%,X,X,25%,20%,4,60%,3,-50%,150%,2
"Muse, Goddess of Creation",Astral Gallery,55,,2,900,-,-,-,10.5,-,-,-,3,3,-,-,-,-,7,-,2,-,,4,-50%,150%,2,2,100%,X,X,25%,20%,4,60%,3,-50%,150%,3
"Muse, Goddess of Creation",Astral Gallery,56,,2,900,-,-,-,10.5,-,-,-,3,3,-,-,-,-,7,-,2,-,,4,-100%,150%,2,2,100%,X,X,25%,20%,4,60%,3,-50%,150%,3
"Muse, Goddess of Creation",Astral Gallery,57,,2,900,-,-,-,10.5,-,-,-,3,3,-,-,-,-,7,-,2,-,,5,-100%,150%,2,2,100%,X,X,25%,20%,4,60%,3,-50%,150%,3
"Muse, Goddess of Creation",Astral Gallery,58,,2,900,-,-,-,10.5,-,-,-,3,3,-,-,-,-,7,-,2,-,,5,-100%,150%,2,2,100%,X,X,25%,20%,4,70%,3,-50%,150%,3
"Muse, Goddess of Creation",Astral Gallery,59,,2,900,-,-,-,10.5,-,-,-,3,3,-,-,-,-,7,-,2,-,,5,-100%,150%,2,2,100%,X,X,30%,20%,4,70%,3,-50%,150%,3
"Muse, Goddess of Creation",Astral Gallery,60,,2,900,-,-,-,12.5,-,-,-,3,3,-,-,-,-,7,-,2,-,,5,-100%,150%,2,2,1,X,X,30%,20%,4,70%,3,-50%,150%,3
"Muse, Goddess of Creation",Astral Gallery,61,,2,900,-,-,-,12.5,-,-,-,3,3,-,-,-,-,7,-,2,-,,5,-100%,150%,2,2,100%,X,X,30%,30%,4,70%,3,-50%,150%,3
"Muse, Goddess of Creation",Astral Gallery,62,,2,900,-,-,-,12.5,-,-,-,3,3,-,-,-,-,7,-,2,-,,5,-100%,150%,2,2,100%,X,X,30%,30%,4,80%,3,-50%,150%,3
"Muse, Goddess of Creation",Astral Gallery,63,,2,900,-,-,-,12.5,-,-,-,3,3,-,-,-,-,7,-,2,-,,5,-100%,150%,2,2,100%,X,X,35%,30%,4,80%,3,-50%,150%,3
"Muse, Goddess of Creation",Astral Gallery,64,,2,900,-,-,-,12.5,-,-,-,3,3,-,-,-,-,7,-,2,-,,5,-100%,150%,2,2,100%,X,X,35%,40%,4,80%,3,-50%,150%,3
"Muse, Goddess of Creation",Astral Gallery,65,,2,900,-,-,-,12.5,-,-,-,3,3,-,-,-,-,7,-,2,-,,5,-100%,150%,2,2,100%,X,X,35%,40%,4,80%,3,-50%,200%,3
"Muse, Goddess of Creation",Astral Gallery,66,,2,900,-,-,-,12.5,-,-,-,3,3,-,-,-,-,7,-,2,-,,5,-100%,150%,2,2,100%,X,X,35%,40%,4,80%,3,-100%,200%,3
"Muse, Goddess of Creation",Astral Gallery,67,,2,900,-,-,-,12.5,-,-,-,3,3,-,-,-,-,7,-,2,-,,5,-100%,150%,2,2,100%,X,X,35%,40%,4,90%,3,-100%,200%,3
"Muse, Goddess of Creation",Astral Gallery,68,,2,900,-,-,-,12.5,-,-,-,3,3,-,-,-,-,7,-,2,-,,5,-100%,150%,2,2,100%,X,X,35%,50%,4,90%,3,-100%,200%,3
"Muse, Goddess of Creation",Astral Gallery,69,,2,900,-,-,-,12.5,-,-,-,3,3,-,-,-,-,7,-,2,-,,5,-100%,150%,2,2,100%,X,X,40%,50%,4,90%,3,-100%,200%,3
"Muse, Goddess of Creation",Astral Gallery,70,,2,900,-,-,-,12.5,-,-,-,5,5,-,-,-,-,9,-,2,-,,5,-100%,150%,2,2,1,X,X,40%,50%,4,90%,3,-100%,200%,3
"Muse, Goddess of Creation",Astral Gallery,71,,2,900,-,-,-,12.5,-,-,-,5,5,-,-,-,-,9,-,2,-,,5,-100%,150%,2,2,100%,X,X,40%,50%,4,100%,3,-100%,200%,3
"Muse, Goddess of Creation",Astral Gallery,72,,2,900,-,-,-,12.5,-,-,-,5,5,-,-,-,-,9,-,2,-,,5,-100%,150%,2,2,100%,X,X,40%,60%,4,100%,3,-100%,200%,3
"Muse, Goddess of Creation",Astral Gallery,73,,2,900,-,-,-,12.5,-,-,-,5,5,-,-,-,-,9,-,2,-,,5,-100%,150%,2,2,100%,X,X,45%,60%,4,100%,3,-100%,200%,3
"Muse, Goddess of Creation",Astral Gallery,74,,2,900,-,-,-,12.5,-,-,-,5,5,-,-,-,-,9,-,2,-,,5,-100%,150%,2,2,100%,X,X,45%,70%,4,100%,3,-100%,200%,3
"Muse, Goddess of Creation",Astral Gallery,75,,2,900,-,-,-,12.5,-,-,-,5,5,-,-,-,-,9,-,2,-,,5,-100%,150%,2,2,100%,X,X,45%,80%,4,100%,3,-100%,200%,3
"Muse, Goddess of Creation",Astral Gallery,76,,2,900,-,-,-,12.5,-,-,-,5,5,-,-,-,-,9,-,2,-,,5,-100%,200%,2,2,100%,X,X,45%,80%,4,100%,3,-100%,200%,3
"Muse, Goddess of Creation",Astral Gallery,77,,2,900,-,-,-,12.5,-,-,-,5,5,-,-,-,-,9,-,2,-,,5,-100%,200%,2,2,100%,X,X,45%,90%,4,100%,3,-100%,200%,3
"Muse, Goddess of Creation",Astral Gallery,78,,2,900,-,-,-,12.5,-,-,-,5,5,-,-,-,-,9,-,2,-,,5,-100%,200%,2,2,100%,X,X,45%,90%,4,110%,3,-100%,200%,3
"Muse, Goddess of Creation",Astral Gallery,79,,2,900,-,-,-,12.5,-,-,-,5,5,-,-,-,-,9,-,2,-,,5,-100%,200%,2,2,100%,X,X,50%,90%,4,110%,3,-100%,200%,3
"Muse, Goddess of Creation",Astral Gallery,80,,2,900,-,-,-,12.5,-,-,-,5,5,-,-,-,-,9,-,3,-,,5,-100%,200%,2,2,1,X,X,50%,90%,4,110%,3,-100%,200%,3
"Muse, Goddess of Creation",Astral Gallery,81,,2,900,-,-,-,12.5,-,-,-,5,5,-,-,-,-,9,-,3,-,,5,-100%,200%,2,2,100%,X,X,50%,100%,4,110%,3,-100%,200%,3
"Muse, Goddess of Creation",Astral Gallery,82,,2,900,-,-,-,12.5,-,-,-,5,5,-,-,-,-,9,-,3,-,,5,-100%,200%,2,2,100%,X,X,50%,100%,4,120%,3,-100%,200%,3
"Muse, Goddess of Creation",Astral Gallery,83,,2,900,-,-,-,12.5,-,-,-,5,5,-,-,-,-,9,-,3,-,,5,-100%,200%,2,2,100%,X,X,50%,110%,4,120%,3,-100%,200%,3
"Muse, Goddess of Creation",Astral Gallery,84,,2,900,-,-,-,12.5,-,-,-,5,5,-,-,-,-,9,-,3,-,,5,-100%,200%,2,2,100%,X,X,55%,110%,4,120%,3,-100%,200%,3
"Muse, Goddess of Creation",Astral Gallery,85,,2,900,-,-,-,12.5,-,-,-,5,5,-,-,-,-,9,-,3,-,,5,-100%,200%,2,2,100%,X,X,55%,110%,4,120%,3,-100%,250%,3
"Muse, Goddess of Creation",Astral Gallery,86,,2,900,-,-,-,12.5,-,-,-,5,5,-,-,-,-,9,-,3,-,,5,-100%,200%,2,2,100%,X,X,60%,110%,4,120%,3,-100%,250%,3
"Muse, Goddess of Creation",Astral Gallery,87,,2,900,-,-,-,12.5,-,-,-,5,5,-,-,-,-,9,-,3,-,,5,-100%,200%,2,2,100%,X,X,60%,110%,4,130%,3,-100%,250%,3
"Muse, Goddess of Creation",Astral Gallery,88,,2,900,-,-,-,12.5,-,-,-,5,5,-,-,-,-,9,-,3,-,,5,-100%,200%,2,2,100%,X,X,65%,110%,4,130%,3,-100%,250%,3
"Muse, Goddess of Creation",Astral Gallery,89,,2,900,-,-,-,12.5,-,-,-,5,5,-,-,-,-,9,-,3,-,,5,-100%,200%,2,2,100%,X,X,65%,120%,4,130%,3,-100%,250%,3
"Muse, Goddess of Creation",Astral Gallery,90,,2,900,-,-,-,13.5,-,-,-,5,5,-,-,-,-,9,-,3,-,,5,-100%,200%,2,2,1,X,X,65%,120%,4,130%,3,-100%,250%,3
"Muse, Goddess of Creation",Astral Gallery,91,,2,900,-,-,-,13.5,-,-,-,5,5,-,-,-,-,9,-,3,-,,5,-100%,200%,2,2,100%,X,X,65%,130%,4,130%,3,-100%,250%,3
"Muse, Goddess of Creation",Astral Gallery,92,,2,900,-,-,-,13.5,-,-,-,5,5,-,-,-,-,9,-,3,-,,5,-100%,200%,2,2,100%,X,X,65%,130%,4,140%,3,-100%,250%,3
"Muse, Goddess of Creation",Astral Gallery,93,,2,900,-,-,-,13.5,-,-,-,5,5,-,-,-,-,9,-,3,-,,5,-100%,200%,2,2,100%,X,X,70%,130%,4,140%,3,-100%,250%,3
"Muse, Goddess of Creation",Astral Gallery,94,,2,900,-,-,-,13.5,-,-,-,5,5,-,-,-,-,9,-,3,-,,5,-100%,250%,2,2,100%,X,X,70%,130%,4,140%,3,-100%,250%,3
"Muse, Goddess of Creation",Astral Gallery,95,,2,900,-,-,-,13.5,-,-,-,5,5,-,-,-,-,9,-,3,-,,5,-100%,250%,2,2,100%,X,X,70%,140%,4,140%,3,-100%,250%,3
"Muse, Goddess of Creation",Astral Gallery,96,,2,900,-,-,-,13.5,-,-,-,5,5,-,-,-,-,9,-,3,-,,5,-100%,250%,2,2,100%,X,X,70%,140%,4,150%,3,-100%,250%,3
"Muse, Goddess of Creation",Astral Gallery,97,,2,900,-,-,-,13.5,-,-,-,5,5,-,-,-,-,9,-,3,-,,5,-100%,250%,2,2,100%,X,X,75%,140%,4,150%,3,-100%,250%,3
"Muse, Goddess of Creation",Astral Gallery,98,,2,900,-,-,-,13.5,-,-,-,5,5,-,-,-,-,9,-,3,-,,5,-100%,250%,2,2,100%,X,X,75%,150%,4,150%,3,-100%,250%,3
"Muse, Goddess of Creation",Astral Gallery,99,,2,900,-,-,-,13.5,-,-,-,5,5,-,-,-,-,9,-,3,-,,5,-100%,250%,2,2,100%,X,X,80%,150%,4,150%,3,-100%,250%,3
"Muse, Goddess of Creation",Astral Gallery,100,,2,900,-,-,-,18,-,-,-,5,5,-,-,-,-,9,-,4,-,,5,-100%,250%,2,2,1,X,X,80%,150%,4,150%,3,-100%,250%,3
"Perdition, God of Extinction",Sanctum Umbra,0,,-,525,-,-,-,-,-,-,-,3,3,-,3,-,-,-,-,-,-,,-,-,-,-,-,-,-,-,-,-,-,-,-,-,-,-
"Perdition, God of Extinction",Sanctum Umbra,1,,-,575,-,-,-,-,-,-,-,3,3,-,3,-,-,-,-,-,-,,-,-,-,-,-,-,-,-,-,-,-,-,-,-,-,-
"Perdition, God of Extinction",Sanctum Umbra,2,,-,575,-,-,-,-,-,-,-,3,3,-,3,-,-,-,-,-,-,,-,-,-,-,-,-,-,-,5%,-,-,-,-,-,-,-
"Perdition, God of Extinction",Sanctum Umbra,3,,-,575,-,-,-,2,-,-,-,3,3,-,3,-,-,-,-,-,-,,-,-,-,-,-,-,-,-,5%,-,-,-,-,-,-,-
"Perdition, God of Extinction",Sanctum Umbra,4,,-,575,-,-,-,2,-,-,-,3,3,-,3,-,-,-,-,-,-,,-,-,-,-,-,-,-,-,5%,-,-,10%,-,-,-,-
"Perdition, God of Extinction",Sanctum Umbra,5,,-,635,-,-,-,2,-,-,-,3,3,-,3,-,-,-,-,-,-,,-,-,-,-,-,-,-,-,5%,-,-,10%,-,-,-,-
"Perdition, God of Extinction",Sanctum Umbra,6,,-,635,-,-,-,2,-,-,-,3,3,-,3,-,-,-,-,-,-,,-,-,-,-,-,-,-,-,5%,-,-,10%,-,-,50%,-
"Perdition, God of Extinction",Sanctum Umbra,7,,-,735,-,-,-,2,-,-,-,3,3,-,3,-,-,-,-,-,-,,-,-,-,-,-,-,-,-,5%,-,-,10%,-,-,50%,-
"Perdition, God of Extinction",Sanctum Umbra,8,,-,735,-,-,-,2,-,-,-,3,3,-,3,-,-,-,-,-,-,,-,-,-,-,-,-,-,-,5%,-,-,10%,-,-,50%,1
"Perdition, God of Extinction",Sanctum Umbra,9,,-,735,-,-,-,2,-,-,-,3,3,-,3,-,-,-,-,-,-,,-,-,-,-,-,-,-,X,5%,-,-,10%,-,-,50%,1
"Perdition, God of Extinction",Sanctum Umbra,10,,-,735,-,-,-,2,-,-,-,5,3,-,3,-,-,-,-,-,-,,-,-,-,-,-,-,-,X,5%,-,-,10%,-,-,50%,1
"Perdition, God of Extinction",Sanctum Umbra,11,,-,735,-,-,-,2,-,-,-,5,3,-,3,-,-,-,-,-,-,,-,-,-,1,-,-,-,X,5%,-,-,10%,-,-,50%,1
"Perdition, God of Extinction",Sanctum Umbra,12,,-,735,-,-,-,2,-,-,-,5,3,-,3,-,-,-,-,-,-,,-,-,50%,1,-,-,-,X,5%,-,-,10%,-,-,50%,1
"Perdition, God of Extinction",Sanctum Umbra,13,,-,735,-,-,-,2,-,-,-,5,3,-,3,-,-,-,-,-,-,,-,-,50%,1,-,-,-,X,5%,-,-,10%,1,-,50%,1
"Perdition, God of Extinction",Sanctum Umbra,14,,-,735,-,-,-,2,-,-,-,5,3,-,3,-,-,-,-,-,-,,-,-,50%,1,-,-,-,X,5%,-,1,10%,1,-,50%,1
"Perdition, God of Extinction",Sanctum Umbra,15,,-,735,-,-,-,2,-,-,-,5,5,-,3,-,-,-,-,-,-,,-,-,50%,1,-,-,-,X,5%,-,1,10%,1,-,50%,1
"Perdition, God of Extinction",Sanctum Umbra,16,,-,735,-,-,-,2,-,-,-,5,5,-,3,-,-,-,-,-,-,,-,-,50%,1,-,-,X,X,5%,-,1,10%,1,-,50%,1
"Perdition, God of Extinction",Sanctum Umbra,17,,-,735,-,-,-,2,-,-,-,5,5,-,3,-,-,-,-,-,-,,1,-,50%,1,-,-,X,X,5%,-,1,10%,1,-,50%,1
"Perdition, God of Extinction",Sanctum Umbra,18,,-,735,-,-,-,2,-,-,-,5,5,-,3,-,-,-,-,-,-,,1,-,50%,1,-,-,X,X,5%,-,1,20%,1,-,50%,1
"Perdition, God of Extinction",Sanctum Umbra,19,,-,735,-,-,-,2,-,-,-,5,5,-,3,-,-,-,-,-,-,,1,-,50%,1,-,-,X,X,10%,-,1,20%,1,-,50%,1
"Perdition, God of Extinction",Sanctum Umbra,20,,-,735,-,-,-,2,-,-,-,5,5,-,6,-,-,-,-,-,-,,1,-,50%,1,-,-,X,X,10%,-,1,20%,1,-,50%,1
"Perdition, God of Extinction",Sanctum Umbra,21,,-,735,-,-,-,2,-,-,-,5,5,-,6,-,-,-,-,-,-,,1,-,50%,1,-,-,X,X,10%,-,1,20%,1,-,100%,1
"Perdition, God of Extinction",Sanctum Umbra,22,,-,735,-,-,-,2,-,-,-,5,5,-,6,-,-,-,-,-,-,,1,-,50%,1,-,-,X,X,10%,-,1,20%,2,-,100%,1
"Perdition, God of Extinction",Sanctum Umbra,23,,-,735,-,-,-,2,-,-,-,5,5,-,6,-,-,-,-,-,-,,1,-,50%,1,-,-,X,X,10%,-,2,20%,2,-,100%,1
"Perdition, God of Extinction",Sanctum Umbra,24,,-,735,-,-,-,2,-,-,-,5,5,-,6,-,-,-,-,-,-,,1,-,50%,2,-,-,X,X,10%,-,2,20%,2,-,100%,1
"Perdition, God of Extinction",Sanctum Umbra,25,,-,735,-,-,-,2,-,-,-,5,5,-,6,2,-,-,-,-,-,,1,-,50%,2,-,-,X,X,10%,-,2,20%,2,-,100%,1
"Perdition, God of Extinction",Sanctum Umbra,26,,-,735,-,-,-,2,-,-,-,5,5,-,6,2,-,-,-,-,-,,1,-50%,50%,2,-,-,X,X,10%,-,2,20%,2,-,100%,1
"Perdition, God of Extinction",Sanctum Umbra,27,,-,735,-,-,-,2,-,-,-,5,5,-,6,2,-,-,-,-,-,,1,-50%,100%,2,-,-,X,X,10%,-,2,20%,2,-,100%,1
"Perdition, God of Extinction",Sanctum Umbra,28,,-,735,-,-,-,2,-,-,-,5,5,-,6,2,-,-,-,-,-,,1,-50%,100%,2,-,-,X,X,10%,-,2,20%,3,-,100%,1
"Perdition, God of Extinction",Sanctum Umbra,29,,-,735,-,-,-,2,-,-,-,5,5,-,6,2,-,-,-,-,-,,1,-50%,100%,2,-,-,X,X,15%,-,2,20%,3,-,100%,1
"Perdition, God of Extinction",Sanctum Umbra,30,,0.75,735,-,-,-,2,-,-,-,5,5,-,6,2,-,-,-,-,-,,1,-50%,100%,2,-,-,X,X,15%,-,2,20%,3,-,100%,1
"Perdition, God of Extinction",Sanctum Umbra,31,,0.75,735,-,-,-,2,-,-,-,5,5,-,6,2,-,-,-,-,-,,1,-50%,100%,2,-,-,X,X,15%,-,2,20%,3,-,100%,2
"Perdition, God of Extinction",Sanctum Umbra,32,,0.75,735,-,-,-,2,-,-,-,5,5,-,6,2,-,-,-,-,-,,1,-50%,100%,2,-,-,X,X,15%,-,2,20%,3,-50%,100%,2
"Perdition, God of Extinction",Sanctum Umbra,33,,0.75,735,-,-,-,2,-,-,-,5,5,-,6,2,-,-,-,-,-,,1,-50%,100%,2,1,-,X,X,15%,-,2,20%,3,-50%,100%,2
"Perdition, God of Extinction",Sanctum Umbra,34,,0.75,735,-,-,-,2,-,-,-,5,5,-,6,2,-,-,-,-,-,,1,-50%,100%,2,1,-,X,X,15%,-,3,20%,3,-50%,100%,2
"Perdition, God of Extinction",Sanctum Umbra,35,,2,735,-,-,-,2,-,-,-,5,5,-,6,2,-,-,-,-,-,,1,-50%,100%,2,1,-,X,X,15%,-,3,20%,3,-50%,100%,2
"Perdition, God of Extinction",Sanctum Umbra,36,,2,735,-,-,-,2,-,-,-,5,5,-,6,2,-,-,-,-,-,,2,-50%,100%,2,1,-,X,X,15%,-,3,20%,3,-50%,100%,2
"Perdition, God of Extinction",Sanctum Umbra,37,,2,735,-,-,-,2,-,-,-,5,5,-,6,2,-,-,-,-,-,,2,-50%,100%,2,1,-,X,X,15%,-,3,30%,3,-50%,100%,2
"Perdition, God of Extinction",Sanctum Umbra,38,,2,735,-,-,-,2,-,-,-,5,5,-,6,2,-,-,-,-,-,,2,-50%,100%,2,1,-,X,X,15%,-,3,30%,3,-50%,150%,2
"Perdition, God of Extinction",Sanctum Umbra,39,,2,735,-,-,-,2,-,-,-,5,5,-,6,2,-,-,-,-,-,,2,-50%,100%,2,1,-,X,X,15%,-,4,30%,3,-50%,150%,2
"Perdition, God of Extinction",Sanctum Umbra,40,,2,735,-,-,8,2,-,-,-,5,5,-,6,2,-,-,-,-,-,,2,-50%,100%,2,1,-,X,X,15%,-,4,30%,3,-50%,150%,2
"Perdition, God of Extinction",Sanctum Umbra,41,,2,735,-,-,8,2,-,-,-,5,5,-,6,2,-,-,-,-,-,,3,-50%,100%,2,1,-,X,X,15%,-,4,30%,3,-50%,150%,2
"Perdition, God of Extinction",Sanctum Umbra,42,,2,735,-,-,8,2,-,-,-,5,5,-,6,2,-,-,-,-,-,,3,-50%,100%,2,1,100%,X,X,15%,-,4,30%,3,-50%,150%,2
"Perdition, God of Extinction",Sanctum Umbra,43,,2,735,-,-,8,2,-,-,-,5,5,-,6,2,-,-,-,-,-,,3,-50%,100%,2,1,100%,X,X,15%,-,4,40%,3,-50%,150%,2
"Perdition, God of Extinction",Sanctum Umbra,44,,2,735,-,-,8,2,-,-,-,5,5,-,6,2,-,-,-,-,-,,3,-50%,100%,2,1,100%,X,X,20%,-,4,40%,3,-50%,150%,2
"Perdition, God of Extinction",Sanctum Umbra,45,,2,735,-,-,8,2,-,-,-,5,5,-,6,5,-,-,-,-,-,,3,-50%,100%,2,1,1,X,X,20%,-,4,40%,3,-50%,150%,2
"Perdition, God of Extinction",Sanctum Umbra,46,,2,735,-,-,8,2,-,-,-,5,5,-,6,5,-,-,-,-,-,,3,-50%,100%,2,1,100%,X,X,20%,10%,4,40%,3,-50%,150%,2
"Perdition, God of Extinction",Sanctum Umbra,47,,2,735,-,-,8,2,-,-,-,5,5,-,6,5,-,-,-,-,-,,3,-50%,150%,2,1,100%,X,X,20%,10%,4,40%,3,-50%,150%,2
"Perdition, God of Extinction",Sanctum Umbra,48,,2,735,-,-,8,2,-,-,-,5,5,-,6,5,-,-,-,-,-,,4,-50%,150%,2,1,100%,X,X,20%,10%,4,40%,3,-50%,150%,2
"Perdition, God of Extinction",Sanctum Umbra,49,,2,735,-,-,8,2,-,-,-,5,5,-,6,5,-,-,-,-,-,,4,-50%,150%,2,1,100%,X,X,20%,10%,4,50%,3,-50%,150%,2
"Perdition, God of Extinction",Sanctum Umbra,50,,2,735,-,-,8,2,-,-,-,5,5,-,6,8,-,-,-,-,-,,4,-50%,150%,2,1,1,X,X,20%,10%,4,50%,3,-50%,150%,2
"Perdition, God of Extinction",Sanctum Umbra,51,,2,735,-,-,8,2,-,-,-,5,5,-,6,8,-,-,-,-,-,,4,-50%,150%,2,1,100%,X,X,25%,10%,4,50%,3,-50%,150%,2
"Perdition, God of Extinction",Sanctum Umbra,52,,2,735,-,-,8,2,-,-,-,5,5,-,6,8,-,-,-,-,-,,4,-50%,150%,2,2,100%,X,X,25%,10%,4,50%,3,-50%,150%,2
"Perdition, God of Extinction",Sanctum Umbra,53,,2,735,-,-,8,2,-,-,-,5,5,-,6,8,-,-,-,-,-,,4,-50%,150%,2,2,100%,X,X,25%,20%,4,50%,3,-50%,150%,2
"Perdition, God of Extinction",Sanctum Umbra,54,,2,735,-,-,8,2,-,-,-,5,5,-,6,8,-,-,-,-,-,,4,-50%,150%,2,2,100%,X,X,25%,20%,4,60%,3,-50%,150%,2
"Perdition, God of Extinction",Sanctum Umbra,55,,2,735,-,-,8,2,-,-,-,5,5,-,6,8,-,-,-,-,-,,4,-50%,150%,2,2,100%,X,X,25%,20%,4,60%,3,-50%,150%,3
"Perdition, God of Extinction",Sanctum Umbra,56,,2,735,-,-,8,2,-,-,-,5,5,-,6,8,-,-,-,-,-,,4,-100%,150%,2,2,100%,X,X,25%,20%,4,60%,3,-50%,150%,3
"Perdition, God of Extinction",Sanctum Umbra,57,,2,735,-,-,8,2,-,-,-,5,5,-,6,8,-,-,-,-,-,,5,-100%,150%,2,2,100%,X,X,25%,20%,4,60%,3,-50%,150%,3
"Perdition, God of Extinction",Sanctum Umbra,58,,2,735,-,-,8,2,-,-,-,5,5,-,6,8,-,-,-,-,-,,5,-100%,150%,2,2,100%,X,X,25%,20%,4,70%,3,-50%,150%,3
"Perdition, God of Extinction",Sanctum Umbra,59,,2,735,-,-,8,2,-,-,-,5,5,-,6,8,-,-,-,-,-,,5,-100%,150%,2,2,100%,X,X,30%,20%,4,70%,3,-50%,150%,3
"Perdition, God of Extinction",Sanctum Umbra,60,,2,735,-,-,8,2,-,-,-,5,5,-,9,8,-,-,-,-,-,,5,-100%,150%,2,2,1,X,X,30%,20%,4,70%,3,-50%,150%,3
"Perdition, God of Extinction",Sanctum Umbra,61,,2,735,-,-,8,2,-,-,-,5,5,-,9,8,-,-,-,-,-,,5,-100%,150%,2,2,100%,X,X,30%,30%,4,70%,3,-50%,150%,3
"Perdition, God of Extinction",Sanctum Umbra,62,,2,735,-,-,8,2,-,-,-,5,5,-,9,8,-,-,-,-,-,,5,-100%,150%,2,2,100%,X,X,30%,30%,4,80%,3,-50%,150%,3
"Perdition, God of Extinction",Sanctum Umbra,63,,2,735,-,-,8,2,-,-,-,5,5,-,9,8,-,-,-,-,-,,5,-100%,150%,2,2,100%,X,X,35%,30%,4,80%,3,-50%,150%,3
"Perdition, God of Extinction",Sanctum Umbra,64,,2,735,-,-,8,2,-,-,-,5,5,-,9,8,-,-,-,-,-,,5,-100%,150%,2,2,100%,X,X,35%,40%,4,80%,3,-50%,150%,3
"Perdition, God of Extinction",Sanctum Umbra,65,,2,735,-,-,8,2,-,-,-,5,5,-,9,8,-,-,-,-,-,,5,-100%,150%,2,2,100%,X,X,35%,40%,4,80%,3,-50%,200%,3
"Perdition, God of Extinction",Sanctum Umbra,66,,2,735,-,-,8,2,-,-,-,5,5,-,9,8,-,-,-,-,-,,5,-100%,150%,2,2,100%,X,X,35%,40%,4,80%,3,-100%,200%,3
"Perdition, God of Extinction",Sanctum Umbra,67,,2,735,-,-,8,2,-,-,-,5,5,-,9,8,-,-,-,-,-,,5,-100%,150%,2,2,100%,X,X,35%,40%,4,90%,3,-100%,200%,3
"Perdition, God of Extinction",Sanctum Umbra,68,,2,735,-,-,8,2,-,-,-,5,5,-,9,8,-,-,-,-,-,,5,-100%,150%,2,2,100%,X,X,35%,50%,4,90%,3,-100%,200%,3
"Perdition, God of Extinction",Sanctum Umbra,69,,2,735,-,-,8,2,-,-,-,5,5,-,9,8,-,-,-,-,-,,5,-100%,150%,2,2,100%,X,X,40%,50%,4,90%,3,-100%,200%,3
"Perdition, God of Extinction",Sanctum Umbra,70,,2,735,-,-,8,4,-,-,-,5,5,-,9,8,-,-,-,-,-,,5,-100%,150%,2,2,1,X,X,40%,50%,4,90%,3,-100%,200%,3
"Perdition, God of Extinction",Sanctum Umbra,71,,2,735,-,-,8,4,-,-,-,5,5,-,9,8,-,-,-,-,-,,5,-100%,150%,2,2,100%,X,X,40%,50%,4,100%,3,-100%,200%,3
"Perdition, God of Extinction",Sanctum Umbra,72,,2,735,-,-,8,4,-,-,-,5,5,-,9,8,-,-,-,-,-,,5,-100%,150%,2,2,100%,X,X,40%,60%,4,100%,3,-100%,200%,3
"Perdition, God of Extinction",Sanctum Umbra,73,,2,735,-,-,8,4,-,-,-,5,5,-,9,8,-,-,-,-,-,,5,-100%,150%,2,2,100%,X,X,45%,60%,4,100%,3,-100%,200%,3
"Perdition, God of Extinction",Sanctum Umbra,74,,2,735,-,-,8,4,-,-,-,5,5,-,9,8,-,-,-,-,-,,5,-100%,150%,2,2,100%,X,X,45%,70%,4,100%,3,-100%,200%,3
"Perdition, God of Extinction",Sanctum Umbra,75,,2,735,-,-,8,4,-,-,-,5,5,-,9,8,-,-,-,-,-,,5,-100%,150%,2,2,100%,X,X,45%,80%,4,100%,3,-100%,200%,3
"Perdition, God of Extinction",Sanctum Umbra,76,,2,735,-,-,8,4,-,-,-,5,5,-,9,8,-,-,-,-,-,,5,-100%,200%,2,2,100%,X,X,45%,80%,4,100%,3,-100%,200%,3
"Perdition, God of Extinction",Sanctum Umbra,77,,2,735,-,-,8,4,-,-,-,5,5,-,9,8,-,-,-,-,-,,5,-100%,200%,2,2,100%,X,X,45%,90%,4,100%,3,-100%,200%,3
"Perdition, God of Extinction",Sanctum Umbra,78,,2,735,-,-,8,4,-,-,-,5,5,-,9,8,-,-,-,-,-,,5,-100%,200%,2,2,100%,X,X,45%,90%,4,110%,3,-100%,200%,3
"Perdition, God of Extinction",Sanctum Umbra,79,,2,735,-,-,8,4,-,-,-,5,5,-,9,8,-,-,-,-,-,,5,-100%,200%,2,2,100%,X,X,50%,90%,4,110%,3,-100%,200%,3
"Perdition, God of Extinction",Sanctum Umbra,80,,2,735,-,-,8,4,-,-,-,5,5,-,9,8,-,2,-,-,-,,5,-100%,200%,2,2,1,X,X,50%,90%,4,110%,3,-100%,200%,3
"Perdition, God of Extinction",Sanctum Umbra,81,,2,735,-,-,8,4,-,-,-,5,5,-,9,8,-,2,-,-,-,,5,-100%,200%,2,2,100%,X,X,50%,100%,4,110%,3,-100%,200%,3
"Perdition, God of Extinction",Sanctum Umbra,82,,2,735,-,-,8,4,-,-,-,5,5,-,9,8,-,2,-,-,-,,5,-100%,200%,2,2,100%,X,X,50%,100%,4,120%,3,-100%,200%,3
"Perdition, God of Extinction",Sanctum Umbra,83,,2,735,-,-,8,4,-,-,-,5,5,-,9,8,-,2,-,-,-,,5,-100%,200%,2,2,100%,X,X,50%,110%,4,120%,3,-100%,200%,3
"Perdition, God of Extinction",Sanctum Umbra,84,,2,735,-,-,8,4,-,-,-,5,5,-,9,8,-,2,-,-,-,,5,-100%,200%,2,2,100%,X,X,55%,110%,4,120%,3,-100%,200%,3
"Perdition, God of Extinction",Sanctum Umbra,85,,2,735,-,-,8,4,-,-,-,5,5,-,9,8,-,2,-,-,-,,5,-100%,200%,2,2,100%,X,X,55%,110%,4,120%,3,-100%,250%,3
"Perdition, God of Extinction",Sanctum Umbra,86,,2,735,-,-,8,4,-,-,-,5,5,-,9,8,-,2,-,-,-,,5,-100%,200%,2,2,100%,X,X,60%,110%,4,120%,3,-100%,250%,3
"Perdition, God of Extinction",Sanctum Umbra,87,,2,735,-,-,8,4,-,-,-,5,5,-,9,8,-,2,-,-,-,,5,-100%,200%,2,2,100%,X,X,60%,110%,4,130%,3,-100%,250%,3
"Perdition, God of Extinction",Sanctum Umbra,88,,2,735,-,-,8,4,-,-,-,5,5,-,9,8,-,2,-,-,-,,5,-100%,200%,2,2,100%,X,X,65%,110%,4,130%,3,-100%,250%,3
"Perdition, God of Extinction",Sanctum Umbra,89,,2,735,-,-,8,4,-,-,-,5,5,-,9,8,-,2,-,-,-,,5,-100%,200%,2,2,100%,X,X,65%,120%,4,130%,3,-100%,250%,3
"Perdition, God of Extinction",Sanctum Umbra,90,,2,735,-,-,8,4,-,-,-,5,5,5,9,8,-,2,-,-,-,,5,-100%,200%,2,2,1,X,X,65%,120%,4,130%,3,-100%,250%,3
"Perdition, God of Extinction",Sanctum Umbra,91,,2,735,-,-,8,4,-,-,-,5,5,5,9,8,-,2,-,-,-,,5,-100%,200%,2,2,100%,X,X,65%,130%,4,130%,3,-100%,250%,3
"Perdition, God of Extinction",Sanctum Umbra,92,,2,735,-,-,8,4,-,-,-,5,5,5,9,8,-,2,-,-,-,,5,-100%,200%,2,2,100%,X,X,65%,130%,4,140%,3,-100%,250%,3
"Perdition, God of Extinction",Sanctum Umbra,93,,2,735,-,-,8,4,-,-,-,5,5,5,9,8,-,2,-,-,-,,5,-100%,200%,2,2,100%,X,X,70%,130%,4,140%,3,-100%,250%,3
"Perdition, God of Extinction",Sanctum Umbra,94,,2,735,-,-,8,4,-,-,-,5,5,5,9,8,-,2,-,-,-,,5,-100%,250%,2,2,100%,X,X,70%,130%,4,140%,3,-100%,250%,3
"Perdition, God of Extinction",Sanctum Umbra,95,,2,735,-,-,8,4,-,-,-,5,5,5,9,8,-,2,-,-,-,,5,-100%,250%,2,2,100%,X,X,70%,140%,4,140%,3,-100%,250%,3
"Perdition, God of Extinction",Sanctum Umbra,96,,2,735,-,-,8,4,-,-,-,5,5,5,9,8,-,2,-,-,-,,5,-100%,250%,2,2,100%,X,X,70%,140%,4,150%,3,-100%,250%,3
"Perdition, God of Extinction",Sanctum Umbra,97,,2,735,-,-,8,4,-,-,-,5,5,5,9,8,-,2,-,-,-,,5,-100%,250%,2,2,100%,X,X,75%,140%,4,150%,3,-100%,250%,3
"Perdition, God of Extinction",Sanctum Umbra,98,,2,735,-,-,8,4,-,-,-,5,5,5,9,8,-,2,-,-,-,,5,-100%,250%,2,2,100%,X,X,75%,150%,4,150%,3,-100%,250%,3
"Perdition, God of Extinction",Sanctum Umbra,99,,2,735,-,-,8,4,-,-,-,5,5,5,9,8,-,2,-,-,-,,5,-100%,250%,2,2,100%,X,X,80%,150%,4,150%,3,-100%,250%,3
"Perdition, God of Extinction",Sanctum Umbra,100,,2,735,-,-,8,4,-,-,-,5,5,5,9,8,8,2,-,-,-,,5,-100%,250%,2,2,1,X,X,80%,150%,4,150%,3,-100%,250%,3
"Reclusa, God of Uncertainty",Gambler's Hive,0,,-,500,1,-,-,4,-,-,-,1.67,1.67,1.67,-,-,-,-,-,-,-,,-,-,-,-,-,-,-,-,-,-,-,-,-,-,-,-
"Reclusa, God of Uncertainty",Gambler's Hive,1,,-,500,2,-,-,4,-,-,-,1.67,1.67,1.67,-,-,-,-,-,-,-,,-,-,-,-,-,-,-,-,-,-,-,-,-,-,-,-
"Reclusa, God of Uncertainty",Gambler's Hive,2,,-,500,2,-,-,4,-,-,-,1.67,1.67,1.67,-,-,-,-,-,-,-,,-,-,-,-,-,-,-,-,5%,-,-,-,-,-,-,-
"Reclusa, God of Uncertainty",Gambler's Hive,3,,-,550,2,-,-,4,-,-,-,1.67,1.67,1.67,-,-,-,-,-,-,-,,-,-,-,-,-,-,-,-,5%,-,-,-,-,-,-,-
"Reclusa, God of Uncertainty",Gambler's Hive,4,,-,550,2,-,-,4,-,-,-,1.67,1.67,1.67,-,-,-,-,-,-,-,,-,-,-,-,-,-,-,-,5%,-,-,10%,-,-,-,-
"Reclusa, God of Uncertainty",Gambler's Hive,5,,-,650,2,-,-,4,-,-,-,1.67,1.67,1.67,-,-,-,-,-,-,-,,-,-,-,-,-,-,-,-,5%,-,-,10%,-,-,-,-
"Reclusa, God of Uncertainty",Gambler's Hive,6,,-,650,2,-,-,4,-,-,-,1.67,1.67,1.67,-,-,-,-,-,-,-,,-,-,-,-,-,-,-,-,5%,-,-,10%,-,-,50%,-
"Reclusa, God of Uncertainty",Gambler's Hive,7,,-,650,2,-,-,4,-,-,-,3.37,3.37,3.37,-,-,-,-,-,-,-,,-,-,-,-,-,-,-,-,5%,-,-,10%,-,-,50%,-
"Reclusa, God of Uncertainty",Gambler's Hive,8,,-,650,2,-,-,4,-,-,-,3.37,3.37,3.37,-,-,-,-,-,-,-,,-,-,-,-,-,-,-,-,5%,-,-,10%,-,-,50%,1
"Reclusa, God of Uncertainty",Gambler's Hive,9,,-,650,2,-,-,4,-,-,-,3.37,3.37,3.37,-,-,-,-,-,-,-,,-,-,-,-,-,-,-,X,5%,-,-,10%,-,-,50%,1
"Reclusa, God of Uncertainty",Gambler's Hive,10,,-,700,2,-,-,4,-,-,-,3.37,3.37,3.37,-,-,-,-,-,-,-,,-,-,-,-,-,-,-,X,5%,-,-,10%,-,-,50%,1
"Reclusa, God of Uncertainty",Gambler's Hive,11,,-,700,2,-,-,4,-,-,-,3.37,3.37,3.37,-,-,-,-,-,-,-,,-,-,-,1,-,-,-,X,5%,-,-,10%,-,-,50%,1
"Reclusa, God of Uncertainty",Gambler's Hive,12,,-,700,2,-,-,4,-,-,-,3.37,3.37,3.37,-,-,-,-,-,-,-,,-,-,50%,1,-,-,-,X,5%,-,-,10%,-,-,50%,1
"Reclusa, God of Uncertainty",Gambler's Hive,13,,-,700,2,-,-,4,-,-,-,3.37,3.37,3.37,-,-,-,-,-,-,-,,-,-,50%,1,-,-,-,X,5%,-,-,10%,1,-,50%,1
"Reclusa, God of Uncertainty",Gambler's Hive,14,,-,700,2,-,-,4,-,-,-,3.37,3.37,3.37,-,-,-,-,-,-,-,,-,-,50%,1,-,-,-,X,5%,-,1,10%,1,-,50%,1
"Reclusa, God of Uncertainty",Gambler's Hive,15,,-,750,2,-,-,4,-,-,-,3.37,3.37,3.37,-,-,-,-,-,-,-,,-,-,50%,1,-,-,-,X,5%,-,1,10%,1,-,50%,1
"Reclusa, God of Uncertainty",Gambler's Hive,16,,-,750,2,-,-,4,-,-,-,3.37,3.37,3.37,-,-,-,-,-,-,-,,-,-,50%,1,-,-,X,X,5%,-,1,10%,1,-,50%,1
"Reclusa, God of Uncertainty",Gambler's Hive,17,,-,750,2,-,-,4,-,-,-,3.37,3.37,3.37,-,-,-,-,-,-,-,,1,-,50%,1,-,-,X,X,5%,-,1,10%,1,-,50%,1
"Reclusa, God of Uncertainty",Gambler's Hive,18,,-,750,2,-,-,4,-,-,-,3.37,3.37,3.37,-,-,-,-,-,-,-,,1,-,50%,1,-,-,X,X,5%,-,1,20%,1,-,50%,1
"Reclusa, God of Uncertainty",Gambler's Hive,19,,-,750,2,-,-,4,-,-,-,3.37,3.37,3.37,-,-,-,-,-,-,-,,1,-,50%,1,-,-,X,X,10%,-,1,20%,1,-,50%,1
"Reclusa, God of Uncertainty",Gambler's Hive,20,,-,750,4,-,-,4,-,-,-,3.37,3.37,3.37,-,-,-,-,-,-,-,,1,-,50%,1,-,-,X,X,10%,-,1,20%,1,-,50%,1
"Reclusa, God of Uncertainty",Gambler's Hive,21,,-,750,4,-,-,4,-,-,-,3.37,3.37,3.37,-,-,-,-,-,-,-,,1,-,50%,1,-,-,X,X,10%,-,1,20%,1,-,100%,1
"Reclusa, God of Uncertainty",Gambler's Hive,22,,-,750,4,-,-,4,-,-,-,3.37,3.37,3.37,-,-,-,-,-,-,-,,1,-,50%,1,-,-,X,X,10%,-,1,20%,2,-,100%,1
"Reclusa, God of Uncertainty",Gambler's Hive,23,,-,750,4,-,-,4,-,-,-,3.37,3.37,3.37,-,-,-,-,-,-,-,,1,-,50%,1,-,-,X,X,10%,-,2,20%,2,-,100%,1
"Reclusa, God of Uncertainty",Gambler's Hive,24,,-,750,4,-,-,4,-,-,-,3.37,3.37,3.37,-,-,-,-,-,-,-,,1,-,50%,2,-,-,X,X,10%,-,2,20%,2,-,100%,1
"Reclusa, God of Uncertainty",Gambler's Hive,25,,0.7,750,4,-,-,4,-,-,-,3.37,3.37,3.37,-,-,-,-,-,-,-,,1,-,50%,2,-,-,X,X,10%,-,2,20%,2,-,100%,1
"Reclusa, God of Uncertainty",Gambler's Hive,26,,0.7,750,4,-,-,4,-,-,-,3.37,3.37,3.37,-,-,-,-,-,-,-,,1,-50%,50%,2,-,-,X,X,10%,-,2,20%,2,-,100%,1
"Reclusa, God of Uncertainty",Gambler's Hive,27,,0.7,750,4,-,-,4,-,-,-,3.37,3.37,3.37,-,-,-,-,-,-,-,,1,-50%,100%,2,-,-,X,X,10%,-,2,20%,2,-,100%,1
"Reclusa, God of Uncertainty",Gambler's Hive,28,,0.7,750,4,-,-,4,-,-,-,3.37,3.37,3.37,-,-,-,-,-,-,-,,1,-50%,100%,2,-,-,X,X,10%,-,2,20%,3,-,100%,1
"Reclusa, God of Uncertainty",Gambler's Hive,29,,0.7,750,4,-,-,4,-,-,-,3.37,3.37,3.37,-,-,-,-,-,-,-,,1,-50%,100%,2,-,-,X,X,15%,-,2,20%,3,-,100%,1
"Reclusa, God of Uncertainty",Gambler's Hive,30,,0.7,750,4,-,-,4,-,-,-,3.37,3.37,3.37,-,8,-,-,-,-,-,,1,-50%,100%,2,-,-,X,X,15%,-,2,20%,3,-,100%,1
"Reclusa, God of Uncertainty",Gambler's Hive,31,,0.7,750,4,-,-,4,-,-,-,3.37,3.37,3.37,-,8,-,-,-,-,-,,1,-50%,100%,2,-,-,X,X,15%,-,2,20%,3,-,100%,2
"Reclusa, God of Uncertainty",Gambler's Hive,32,,0.7,750,4,-,-,4,-,-,-,3.37,3.37,3.37,-,8,-,-,-,-,-,,1,-50%,100%,2,-,-,X,X,15%,-,2,20%,3,-50%,100%,2
"Reclusa, God of Uncertainty",Gambler's Hive,33,,0.7,750,4,-,-,4,-,-,-,3.37,3.37,3.37,-,8,-,-,-,-,-,,1,-50%,100%,2,1,-,X,X,15%,-,2,20%,3,-50%,100%,2
"Reclusa, God of Uncertainty",Gambler's Hive,34,,0.7,750,4,-,-,4,-,-,-,3.37,3.37,3.37,-,8,-,-,-,-,-,,1,-50%,100%,2,1,-,X,X,15%,-,3,20%,3,-50%,100%,2
"Reclusa, God of Uncertainty",Gambler's Hive,35,,0.7,750,4,-,-,4,-,-,-,5,5,5,-,8,-,-,-,-,-,,1,-50%,100%,2,1,-,X,X,15%,-,3,20%,3,-50%,100%,2
"Reclusa, God of Uncertainty",Gambler's Hive,36,,0.7,750,4,-,-,4,-,-,-,5,5,5,-,8,-,-,-,-,-,,2,-50%,100%,2,1,-,X,X,15%,-,3,20%,3,-50%,100%,2
"Reclusa, God of Uncertainty",Gambler's Hive,37,,0.7,750,4,-,-,4,-,-,-,5,5,5,-,8,-,-,-,-,-,,2,-50%,100%,2,1,-,X,X,15%,-,3,30%,3,-50%,100%,2
"Reclusa, God of Uncertainty",Gambler's Hive,38,,0.7,750,4,-,-,4,-,-,-,5,5,5,-,8,-,-,-,-,-,,2,-50%,100%,2,1,-,X,X,15%,-,3,30%,3,-50%,150%,2
"Reclusa, God of Uncertainty",Gambler's Hive,39,,0.7,750,4,-,-,4,-,-,-,5,5,5,-,8,-,-,-,-,-,,2,-50%,100%,2,1,-,X,X,15%,-,4,30%,3,-50%,150%,2
"Reclusa, God of Uncertainty",Gambler's Hive,40,,0.7,750,4,-,-,4,-,-,-,5,5,5,-,8,2,-,-,-,-,,2,-50%,100%,2,1,-,X,X,15%,-,4,30%,3,-50%,150%,2
"Reclusa, God of Uncertainty",Gambler's Hive,41,,0.7,750,4,-,-,4,-,-,-,5,5,5,-,8,2,-,-,-,-,,3,-50%,100%,2,1,-,X,X,15%,-,4,30%,3,-50%,150%,2
"Reclusa, God of Uncertainty",Gambler's Hive,42,,0.7,750,4,-,-,4,-,-,-,5,5,5,-,8,2,-,-,-,-,,3,-50%,100%,2,1,100%,X,X,15%,-,4,30%,3,-50%,150%,2
"Reclusa, God of Uncertainty",Gambler's Hive,43,,0.7,750,4,-,-,4,-,-,-,5,5,5,-,8,2,-,-,-,-,,3,-50%,100%,2,1,100%,X,X,15%,-,4,40%,3,-50%,150%,2
"Reclusa, God of Uncertainty",Gambler's Hive,44,,0.7,750,4,-,-,4,-,-,-,5,5,5,-,8,2,-,-,-,-,,3,-50%,100%,2,1,100%,X,X,20%,-,4,40%,3,-50%,150%,2
"Reclusa, God of Uncertainty",Gambler's Hive,45,,0.7,750,4,-,-,4,-,-,-,5,5,5,-,10,2,-,-,-,-,,3,-50%,100%,2,1,1,X,X,20%,-,4,40%,3,-50%,150%,2
"Reclusa, God of Uncertainty",Gambler's Hive,46,,0.7,750,4,-,-,4,-,-,-,5,5,5,-,10,2,-,-,-,-,,3,-50%,100%,2,1,100%,X,X,20%,10%,4,40%,3,-50%,150%,2
"Reclusa, God of Uncertainty",Gambler's Hive,47,,0.7,750,4,-,-,4,-,-,-,5,5,5,-,10,2,-,-,-,-,,3,-50%,150%,2,1,100%,X,X,20%,10%,4,40%,3,-50%,150%,2
"Reclusa, God of Uncertainty",Gambler's Hive,48,,0.7,750,4,-,-,4,-,-,-,5,5,5,-,10,2,-,-,-,-,,4,-50%,150%,2,1,100%,X,X,20%,10%,4,40%,3,-50%,150%,2
"Reclusa, God of Uncertainty",Gambler's Hive,49,,0.7,750,4,-,-,4,-,-,-,5,5,5,-,10,2,-,-,-,-,,4,-50%,150%,2,1,100%,X,X,20%,10%,4,50%,3,-50%,150%,2
"Reclusa, God of Uncertainty",Gambler's Hive,50,,0.7,750,4,-,2,4,-,-,-,5,5,5,-,10,2,-,-,-,-,,4,-50%,150%,2,1,1,X,X,20%,10%,4,50%,3,-50%,150%,2
"Reclusa, God of Uncertainty",Gambler's Hive,51,,0.7,750,4,-,2,4,-,-,-,5,5,5,-,10,2,-,-,-,-,,4,-50%,150%,2,1,100%,X,X,25%,10%,4,50%,3,-50%,150%,2
"Reclusa, God of Uncertainty",Gambler's Hive,52,,0.7,750,4,-,2,4,-,-,-,5,5,5,-,10,2,-,-,-,-,,4,-50%,150%,2,2,100%,X,X,25%,10%,4,50%,3,-50%,150%,2
"Reclusa, God of Uncertainty",Gambler's Hive,53,,0.7,750,4,-,2,4,-,-,-,5,5,5,-,10,2,-,-,-,-,,4,-50%,150%,2,2,100%,X,X,25%,20%,4,50%,3,-50%,150%,2
"Reclusa, God of Uncertainty",Gambler's Hive,54,,0.7,750,4,-,2,4,-,-,-,5,5,5,-,10,2,-,-,-,-,,4,-50%,150%,2,2,100%,X,X,25%,20%,4,60%,3,-50%,150%,2
"Reclusa, God of Uncertainty",Gambler's Hive,55,,0.7,750,4,-,2,4,-,-,-,5,5,5,-,10,2,-,-,-,-,,4,-50%,150%,2,2,100%,X,X,25%,20%,4,60%,3,-50%,150%,3
"Reclusa, God of Uncertainty",Gambler's Hive,56,,0.7,750,4,-,2,4,-,-,-,5,5,5,-,10,2,-,-,-,-,,4,-100%,150%,2,2,100%,X,X,25%,20%,4,60%,3,-50%,150%,3
"Reclusa, God of Uncertainty",Gambler's Hive,57,,0.7,750,4,-,2,4,-,-,-,5,5,5,-,10,2,-,-,-,-,,5,-100%,150%,2,2,100%,X,X,25%,20%,4,60%,3,-50%,150%,3
"Reclusa, God of Uncertainty",Gambler's Hive,58,,0.7,750,4,-,2,4,-,-,-,5,5,5,-,10,2,-,-,-,-,,5,-100%,150%,2,2,100%,X,X,25%,20%,4,70%,3,-50%,150%,3
"Reclusa, God of Uncertainty",Gambler's Hive,59,,0.7,750,4,-,2,4,-,-,-,5,5,5,-,10,2,-,-,-,-,,5,-100%,150%,2,2,100%,X,X,30%,20%,4,70%,3,-50%,150%,3
"Reclusa, God of Uncertainty",Gambler's Hive,60,,0.7,750,4,-,2,4,-,-,-,5,5,5,-,10,2,2,-,-,-,,5,-100%,150%,2,2,1,X,X,30%,20%,4,70%,3,-50%,150%,3
"Reclusa, God of Uncertainty",Gambler's Hive,61,,0.7,750,4,-,2,4,-,-,-,5,5,5,-,10,2,2,-,-,-,,5,-100%,150%,2,2,100%,X,X,30%,30%,4,70%,3,-50%,150%,3
"Reclusa, God of Uncertainty",Gambler's Hive,62,,0.7,750,4,-,2,4,-,-,-,5,5,5,-,10,2,2,-,-,-,,5,-100%,150%,2,2,100%,X,X,30%,30%,4,80%,3,-50%,150%,3
"Reclusa, God of Uncertainty",Gambler's Hive,63,,0.7,750,4,-,2,4,-,-,-,5,5,5,-,10,2,2,-,-,-,,5,-100%,150%,2,2,100%,X,X,35%,30%,4,80%,3,-50%,150%,3
"Reclusa, God of Uncertainty",Gambler's Hive,64,,0.7,750,4,-,2,4,-,-,-,5,5,5,-,10,2,2,-,-,-,,5,-100%,150%,2,2,100%,X,X,35%,40%,4,80%,3,-50%,150%,3
"Reclusa, God of Uncertainty",Gambler's Hive,65,,0.7,750,4,-,2,4,-,-,-,5,5,5,-,10,2,2,-,-,-,,5,-100%,150%,2,2,100%,X,X,35%,40%,4,80%,3,-50%,200%,3
"Reclusa, God of Uncertainty",Gambler's Hive,66,,0.7,750,4,-,2,4,-,-,-,5,5,5,-,10,2,2,-,-,-,,5,-100%,150%,2,2,100%,X,X,35%,40%,4,80%,3,-100%,200%,3
"Reclusa, God of Uncertainty",Gambler's Hive,67,,0.7,750,4,-,2,4,-,-,-,5,5,5,-,10,2,2,-,-,-,,5,-100%,150%,2,2,100%,X,X,35%,40%,4,90%,3,-100%,200%,3
"Reclusa, God of Uncertainty",Gambler's Hive,68,,0.7,750,4,-,2,4,-,-,-,5,5,5,-,10,2,2,-,-,-,,5,-100%,150%,2,2,100%,X,X,35%,50%,4,90%,3,-100%,200%,3
"Reclusa, God of Uncertainty",Gambler's Hive,69,,0.7,750,4,-,2,4,-,-,-,5,5,5,-,10,2,2,-,-,-,,5,-100%,150%,2,2,100%,X,X,40%,50%,4,90%,3,-100%,200%,3
"Reclusa, God of Uncertainty",Gambler's Hive,70,,0.7,750,4,-,2,12,-,-,-,5,5,5,-,10,2,2,-,-,-,,5,-100%,150%,2,2,1,X,X,40%,50%,4,90%,3,-100%,200%,3
"Reclusa, God of Uncertainty",Gambler's Hive,71,,0.7,750,4,-,2,12,-,-,-,5,5,5,-,10,2,2,-,-,-,,5,-100%,150%,2,2,100%,X,X,40%,50%,4,100%,3,-100%,200%,3
"Reclusa, God of Uncertainty",Gambler's Hive,72,,0.7,750,4,-,2,12,-,-,-,5,5,5,-,10,2,2,-,-,-,,5,-100%,150%,2,2,100%,X,X,40%,60%,4,100%,3,-100%,200%,3
"Reclusa, God of Uncertainty",Gambler's Hive,73,,0.7,750,4,-,2,12,-,-,-,5,5,5,-,10,2,2,-,-,-,,5,-100%,150%,2,2,100%,X,X,45%,60%,4,100%,3,-100%,200%,3
"Reclusa, God of Uncertainty",Gambler's Hive,74,,0.7,750,4,-,2,12,-,-,-,5,5,5,-,10,2,2,-,-,-,,5,-100%,150%,2,2,100%,X,X,45%,70%,4,100%,3,-100%,200%,3
"Reclusa, God of Uncertainty",Gambler's Hive,75,,0.7,750,4,-,2,12,-,-,-,5,5,5,-,10,2,2,-,-,-,,5,-100%,150%,2,2,100%,X,X,45%,80%,4,100%,3,-100%,200%,3
"Reclusa, God of Uncertainty",Gambler's Hive,76,,0.7,750,4,-,2,12,-,-,-,5,5,5,-,10,2,2,-,-,-,,5,-100%,200%,2,2,100%,X,X,45%,80%,4,100%,3,-100%,200%,3
"Reclusa, God of Uncertainty",Gambler's Hive,77,,0.7,750,4,-,2,12,-,-,-,5,5,5,-,10,2,2,-,-,-,,5,-100%,200%,2,2,100%,X,X,45%,90%,4,100%,3,-100%,200%,3
"Reclusa, God of Uncertainty",Gambler's Hive,78,,0.7,750,4,-,2,12,-,-,-,5,5,5,-,10,2,2,-,-,-,,5,-100%,200%,2,2,100%,X,X,45%,90%,4,110%,3,-100%,200%,3
"Reclusa, God of Uncertainty",Gambler's Hive,79,,0.7,750,4,-,2,12,-,-,-,5,5,5,-,10,2,2,-,-,-,,5,-100%,200%,2,2,100%,X,X,50%,90%,4,110%,3,-100%,200%,3
"Reclusa, God of Uncertainty",Gambler's Hive,80,,0.7,750,4,-,2,17,-,-,-,5,5,5,-,10,2,2,-,-,-,,5,-100%,200%,2,2,1,X,X,50%,90%,4,110%,3,-100%,200%,3
"Reclusa, God of Uncertainty",Gambler's Hive,81,,0.7,750,4,-,2,17,-,-,-,5,5,5,-,10,2,2,-,-,-,,5,-100%,200%,2,2,100%,X,X,50%,100%,4,110%,3,-100%,200%,3
"Reclusa, God of Uncertainty",Gambler's Hive,82,,0.7,750,4,-,2,17,-,-,-,5,5,5,-,10,2,2,-,-,-,,5,-100%,200%,2,2,100%,X,X,50%,100%,4,120%,3,-100%,200%,3
"Reclusa, God of Uncertainty",Gambler's Hive,83,,0.7,750,4,-,2,17,-,-,-,5,5,5,-,10,2,2,-,-,-,,5,-100%,200%,2,2,100%,X,X,50%,110%,4,120%,3,-100%,200%,3
"Reclusa, God of Uncertainty",Gambler's Hive,84,,0.7,750,4,-,2,17,-,-,-,5,5,5,-,10,2,2,-,-,-,,5,-100%,200%,2,2,100%,X,X,55%,110%,4,120%,3,-100%,200%,3
"Reclusa, God of Uncertainty",Gambler's Hive,85,,0.7,750,4,-,2,17,-,-,-,5,5,5,-,10,2,2,-,-,-,,5,-100%,200%,2,2,100%,X,X,55%,110%,4,120%,3,-100%,250%,3
"Reclusa, God of Uncertainty",Gambler's Hive,86,,0.7,750,4,-,2,17,-,-,-,5,5,5,-,10,2,2,-,-,-,,5,-100%,200%,2,2,100%,X,X,60%,110%,4,120%,3,-100%,250%,3
"Reclusa, God of Uncertainty",Gambler's Hive,87,,0.7,750,4,-,2,17,-,-,-,5,5,5,-,10,2,2,-,-,-,,5,-100%,200%,2,2,100%,X,X,60%,110%,4,130%,3,-100%,250%,3
"Reclusa, God of Uncertainty",Gambler's Hive,88,,0.7,750,4,-,2,17,-,-,-,5,5,5,-,10,2,2,-,-,-,,5,-100%,200%,2,2,100%,X,X,65%,110%,4,130%,3,-100%,250%,3
"Reclusa, God of Uncertainty",Gambler's Hive,89,,0.7,750,4,-,2,17,-,-,-,5,5,5,-,10,2,2,-,-,-,,5,-100%,200%,2,2,100%,X,X,65%,120%,4,130%,3,-100%,250%,3
"Reclusa, God of Uncertainty",Gambler's Hive,90,,0.7,750,4,-,2,19,-,-,-,5,5,5,-,10,2,2,-,-,-,,5,-100%,200%,2,2,1,X,X,65%,120%,4,130%,3,-100%,250%,3
"Reclusa, God of Uncertainty",Gambler's Hive,91,,0.7,750,4,-,2,19,-,-,-,5,5,5,-,10,2,2,-,-,-,,5,-100%,200%,2,2,100%,X,X,65%,130%,4,130%,3,-100%,250%,3
"Reclusa, God of Uncertainty",Gambler's Hive,92,,0.7,750,4,-,2,19,-,-,-,5,5,5,-,10,2,2,-,-,-,,5,-100%,200%,2,2,100%,X,X,65%,130%,4,140%,3,-100%,250%,3
"Reclusa, God of Uncertainty",Gambler's Hive,93,,0.7,750,4,-,2,19,-,-,-,5,5,5,-,10,2,2,-,-,-,,5,-100%,200%,2,2,100%,X,X,70%,130%,4,140%,3,-100%,250%,3
"Reclusa, God of Uncertainty",Gambler's Hive,94,,0.7,750,4,-,2,19,-,-,-,5,5,5,-,10,2,2,-,-,-,,5,-100%,250%,2,2,100%,X,X,70%,130%,4,140%,3,-100%,250%,3
"Reclusa, God of Uncertainty",Gambler's Hive,95,,0.7,750,4,-,2,19,-,-,-,5,5,5,-,10,2,2,-,-,-,,5,-100%,250%,2,2,100%,X,X,70%,140%,4,140%,3,-100%,250%,3
"Reclusa, God of Uncertainty",Gambler's Hive,96,,0.7,750,4,-,2,19,-,-,-,5,5,5,-,10,2,2,-,-,-,,5,-100%,250%,2,2,100%,X,X,70%,140%,4,150%,3,-100%,250%,3
"Reclusa, God of Uncertainty",Gambler's Hive,97,,0.7,750,4,-,2,19,-,-,-,5,5,5,-,10,2,2,-,-,-,,5,-100%,250%,2,2,100%,X,X,75%,140%,4,150%,3,-100%,250%,3
"Reclusa, God of Uncertainty",Gambler's Hive,98,,0.7,750,4,-,2,19,-,-,-,5,5,5,-,10,2,2,-,-,-,,5,-100%,250%,2,2,100%,X,X,75%,150%,4,150%,3,-100%,250%,3
"Reclusa, God of Uncertainty",Gambler's Hive,99,,0.7,750,4,-,2,19,-,-,-,5,5,5,-,10,2,2,-,-,-,,5,-100%,250%,2,2,100%,X,X,80%,150%,4,150%,3,-100%,250%,3
"Reclusa, God of Uncertainty",Gambler's Hive,100,,0.7,750,4,-,2,21,-,-,-,5,5,5,-,10,2,2,-,-,-,,5,-100%,250%,2,2,1,X,X,80%,150%,4,150%,3,-100%,250%,3
"Regalis, Goddess of Poison",Arachnid Nest,0,,-,325,-,5,-,3,-,-,-,3,3,-,-,-,-,-,-,-,-,,-,-,-,-,-,-,-,-,-,-,-,-,-,-,-,-
"Regalis, Goddess of Poison",Arachnid Nest,1,,-,385,-,5,-,3,-,-,-,3,3,-,-,-,-,-,-,-,-,,-,-,-,-,-,-,-,-,-,-,-,-,-,-,-,-
"Regalis, Goddess of Poison",Arachnid Nest,2,,-,385,-,5,-,3,-,-,-,3,3,-,-,-,-,-,-,-,-,,-,-,-,-,-,-,-,-,5%,-,-,-,-,-,-,-
"Regalis, Goddess of Poison",Arachnid Nest,3,,-,485,-,5,-,3,-,-,-,3,3,-,-,-,-,-,-,-,-,,-,-,-,-,-,-,-,-,5%,-,-,-,-,-,-,-
"Regalis, Goddess of Poison",Arachnid Nest,4,,-,485,-,5,-,3,-,-,-,3,3,-,-,-,-,-,-,-,-,,-,-,-,-,-,-,-,-,5%,-,-,10%,-,-,-,-
"Regalis, Goddess of Poison",Arachnid Nest,5,,-,485,-,5,-,3,-,-,-,3,3,-,-,3,-,-,-,-,-,,-,-,-,-,-,-,-,-,5%,-,-,10%,-,-,-,-
"Regalis, Goddess of Poison",Arachnid Nest,6,,-,485,-,5,-,3,-,-,-,3,3,-,-,3,-,-,-,-,-,,-,-,-,-,-,-,-,-,5%,-,-,10%,-,-,50%,-
"Regalis, Goddess of Poison",Arachnid Nest,7,,-,485,-,5,-,3,-,-,-,5,3,-,-,3,-,-,-,-,-,,-,-,-,-,-,-,-,-,5%,-,-,10%,-,-,50%,-
"Regalis, Goddess of Poison",Arachnid Nest,8,,-,485,-,5,-,3,-,-,-,5,3,-,-,3,-,-,-,-,-,,-,-,-,-,-,-,-,-,5%,-,-,10%,-,-,50%,1
"Regalis, Goddess of Poison",Arachnid Nest,9,,-,485,-,5,-,3,-,-,-,5,3,-,-,3,-,-,-,-,-,,-,-,-,-,-,-,-,X,5%,-,-,10%,-,-,50%,1
"Regalis, Goddess of Poison",Arachnid Nest,10,,-,485,-,5,-,3,-,-,-,5,5,-,-,3,-,-,-,-,-,,-,-,-,-,-,-,-,X,5%,-,-,10%,-,-,50%,1
"Regalis, Goddess of Poison",Arachnid Nest,11,,-,485,-,5,-,3,-,-,-,5,5,-,-,3,-,-,-,-,-,,-,-,-,1,-,-,-,X,5%,-,-,10%,-,-,50%,1
"Regalis, Goddess of Poison",Arachnid Nest,12,,-,485,-,5,-,3,-,-,-,5,5,-,-,3,-,-,-,-,-,,-,-,50%,1,-,-,-,X,5%,-,-,10%,-,-,50%,1
"Regalis, Goddess of Poison",Arachnid Nest,13,,-,485,-,5,-,3,-,-,-,5,5,-,-,3,-,-,-,-,-,,-,-,50%,1,-,-,-,X,5%,-,-,10%,1,-,50%,1
"Regalis, Goddess of Poison",Arachnid Nest,14,,-,485,-,5,-,3,-,-,-,5,5,-,-,3,-,-,-,-,-,,-,-,50%,1,-,-,-,X,5%,-,1,10%,1,-,50%,1
"Regalis, Goddess of Poison",Arachnid Nest,15,,-,485,-,10,-,3,-,-,-,5,5,-,-,3,-,-,-,-,-,,-,-,50%,1,-,-,-,X,5%,-,1,10%,1,-,50%,1
"Regalis, Goddess of Poison",Arachnid Nest,16,,-,485,-,10,-,3,-,-,-,5,5,-,-,3,-,-,-,-,-,,-,-,50%,1,-,-,X,X,5%,-,1,10%,1,-,50%,1
"Regalis, Goddess of Poison",Arachnid Nest,17,,-,485,-,10,-,3,-,-,-,5,5,-,-,3,-,-,-,-,-,,1,-,50%,1,-,-,X,X,5%,-,1,10%,1,-,50%,1
"Regalis, Goddess of Poison",Arachnid Nest,18,,-,485,-,10,-,3,-,-,-,5,5,-,-,3,-,-,-,-,-,,1,-,50%,1,-,-,X,X,5%,-,1,20%,1,-,50%,1
"Regalis, Goddess of Poison",Arachnid Nest,19,,-,485,-,10,-,3,-,-,-,5,5,-,-,3,-,-,-,-,-,,1,-,50%,1,-,-,X,X,10%,-,1,20%,1,-,50%,1
"Regalis, Goddess of Poison",Arachnid Nest,20,,1.25,485,-,10,-,3,-,-,-,5,5,-,-,3,-,-,-,-,-,,1,-,50%,1,-,-,X,X,10%,-,1,20%,1,-,50%,1
"Regalis, Goddess of Poison",Arachnid Nest,21,,1.25,485,-,10,-,3,-,-,-,5,5,-,-,3,-,-,-,-,-,,1,-,50%,1,-,-,X,X,10%,-,1,20%,1,-,100%,1
"Regalis, Goddess of Poison",Arachnid Nest,22,,1.25,485,-,10,-,3,-,-,-,5,5,-,-,3,-,-,-,-,-,,1,-,50%,1,-,-,X,X,10%,-,1,20%,2,-,100%,1
"Regalis, Goddess of Poison",Arachnid Nest,23,,1.25,485,-,10,-,3,-,-,-,5,5,-,-,3,-,-,-,-,-,,1,-,50%,1,-,-,X,X,10%,-,2,20%,2,-,100%,1
"Regalis, Goddess of Poison",Arachnid Nest,24,,1.25,485,-,10,-,3,-,-,-,5,5,-,-,3,-,-,-,-,-,,1,-,50%,2,-,-,X,X,10%,-,2,20%,2,-,100%,1
"Regalis, Goddess of Poison",Arachnid Nest,25,,2.85,485,-,10,-,3,-,-,-,5,5,-,-,3,-,-,-,-,-,,1,-,50%,2,-,-,X,X,10%,-,2,20%,2,-,100%,1
"Regalis, Goddess of Poison",Arachnid Nest,26,,2.85,485,-,10,-,3,-,-,-,5,5,-,-,3,-,-,-,-,-,,1,-50%,50%,2,-,-,X,X,10%,-,2,20%,2,-,100%,1
"Regalis, Goddess of Poison",Arachnid Nest,27,,2.85,485,-,10,-,3,-,-,-,5,5,-,-,3,-,-,-,-,-,,1,-50%,100%,2,-,-,X,X,10%,-,2,20%,2,-,100%,1
"Regalis, Goddess of Poison",Arachnid Nest,28,,2.85,485,-,10,-,3,-,-,-,5,5,-,-,3,-,-,-,-,-,,1,-50%,100%,2,-,-,X,X,10%,-,2,20%,3,-,100%,1
"Regalis, Goddess of Poison",Arachnid Nest,29,,2.85,485,-,10,-,3,-,-,-,5,5,-,-,3,-,-,-,-,-,,1,-50%,100%,2,-,-,X,X,15%,-,2,20%,3,-,100%,1
"Regalis, Goddess of Poison",Arachnid Nest,30,,2.85,485,-,10,-,3,15%,-,-,5,5,-,-,3,-,-,-,-,-,,1,-50%,100%,2,-,-,X,X,15%,-,2,20%,3,-,100%,1
"Regalis, Goddess of Poison",Arachnid Nest,31,,2.85,485,-,10,-,3,15%,-,-,5,5,-,-,3,-,-,-,-,-,,1,-50%,100%,2,-,-,X,X,15%,-,2,20%,3,-,100%,2
"Regalis, Goddess of Poison",Arachnid Nest,32,,2.85,485,-,10,-,3,15%,-,-,5,5,-,-,3,-,-,-,-,-,,1,-50%,100%,2,-,-,X,X,15%,-,2,20%,3,-50%,100%,2
"Regalis, Goddess of Poison",Arachnid Nest,33,,2.85,485,-,10,-,3,15%,-,-,5,5,-,-,3,-,-,-,-,-,,1,-50%,100%,2,1,-,X,X,15%,-,2,20%,3,-50%,100%,2
"Regalis, Goddess of Poison",Arachnid Nest,34,,2.85,485,-,10,-,3,15%,-,-,5,5,-,-,3,-,-,-,-,-,,1,-50%,100%,2,1,-,X,X,15%,-,3,20%,3,-50%,100%,2
"Regalis, Goddess of Poison",Arachnid Nest,35,,2.85,485,-,10,-,3,15%,-,-,5,5,-,-,6,-,-,-,-,-,,1,-50%,100%,2,1,-,X,X,15%,-,3,20%,3,-50%,100%,2
"Regalis, Goddess of Poison",Arachnid Nest,36,,2.85,485,-,10,-,3,15%,-,-,5,5,-,-,6,-,-,-,-,-,,2,-50%,100%,2,1,-,X,X,15%,-,3,20%,3,-50%,100%,2
"Regalis, Goddess of Poison",Arachnid Nest,37,,2.85,485,-,10,-,3,15%,-,-,5,5,-,-,6,-,-,-,-,-,,2,-50%,100%,2,1,-,X,X,15%,-,3,30%,3,-50%,100%,2
"Regalis, Goddess of Poison",Arachnid Nest,38,,2.85,485,-,10,-,3,15%,-,-,5,5,-,-,6,-,-,-,-,-,,2,-50%,100%,2,1,-,X,X,15%,-,3,30%,3,-50%,150%,2
"Regalis, Goddess of Poison",Arachnid Nest,39,,2.85,485,-,10,-,3,15%,-,-,5,5,-,-,6,-,-,-,-,-,,2,-50%,100%,2,1,-,X,X,15%,-,4,30%,3,-50%,150%,2
"Regalis, Goddess of Poison",Arachnid Nest,40,,2.85,485,-,10,-,3,15%,-,-,5,5,-,-,6,3,-,-,-,-,,2,-50%,100%,2,1,-,X,X,15%,-,4,30%,3,-50%,150%,2
"Regalis, Goddess of Poison",Arachnid Nest,41,,2.85,485,-,10,-,3,15%,-,-,5,5,-,-,6,3,-,-,-,-,,3,-50%,100%,2,1,-,X,X,15%,-,4,30%,3,-50%,150%,2
"Regalis, Goddess of Poison",Arachnid Nest,42,,2.85,485,-,10,-,3,15%,-,-,5,5,-,-,6,3,-,-,-,-,,3,-50%,100%,2,1,100%,X,X,15%,-,4,30%,3,-50%,150%,2
"Regalis, Goddess of Poison",Arachnid Nest,43,,2.85,485,-,10,-,3,15%,-,-,5,5,-,-,6,3,-,-,-,-,,3,-50%,100%,2,1,100%,X,X,15%,-,4,40%,3,-50%,150%,2
"Regalis, Goddess of Poison",Arachnid Nest,44,,2.85,485,-,10,-,3,15%,-,-,5,5,-,-,6,3,-,-,-,-,,3,-50%,100%,2,1,100%,X,X,20%,-,4,40%,3,-50%,150%,2
"Regalis, Goddess of Poison",Arachnid Nest,45,,2.85,485,-,10,-,3,15%,-,-,5,5,-,-,11,3,-,-,-,-,,3,-50%,100%,2,1,1,X,X,20%,-,4,40%,3,-50%,150%,2
"Regalis, Goddess of Poison",Arachnid Nest,46,,2.85,485,-,10,-,3,15%,-,-,5,5,-,-,11,3,-,-,-,-,,3,-50%,100%,2,1,100%,X,X,20%,10%,4,40%,3,-50%,150%,2
"Regalis, Goddess of Poison",Arachnid Nest,47,,2.85,485,-,10,-,3,15%,-,-,5,5,-,-,11,3,-,-,-,-,,3,-50%,150%,2,1,100%,X,X,20%,10%,4,40%,3,-50%,150%,2
"Regalis, Goddess of Poison",Arachnid Nest,48,,2.85,485,-,10,-,3,15%,-,-,5,5,-,-,11,3,-,-,-,-,,4,-50%,150%,2,1,100%,X,X,20%,10%,4,40%,3,-50%,150%,2
"Regalis, Goddess of Poison",Arachnid Nest,49,,2.85,485,-,10,-,3,15%,-,-,5,5,-,-,11,3,-,-,-,-,,4,-50%,150%,2,1,100%,X,X,20%,10%,4,50%,3,-50%,150%,2
"Regalis, Goddess of Poison",Arachnid Nest,50,,2.85,485,-,10,-,5.5,15%,-,-,5,5,-,-,11,3,-,-,-,-,,4,-50%,150%,2,1,1,X,X,20%,10%,4,50%,3,-50%,150%,2
"Regalis, Goddess of Poison",Arachnid Nest,51,,2.85,485,-,10,-,5.5,15%,-,-,5,5,-,-,11,3,-,-,-,-,,4,-50%,150%,2,1,100%,X,X,25%,10%,4,50%,3,-50%,150%,2
"Regalis, Goddess of Poison",Arachnid Nest,52,,2.85,485,-,10,-,5.5,15%,-,-,5,5,-,-,11,3,-,-,-,-,,4,-50%,150%,2,2,100%,X,X,25%,10%,4,50%,3,-50%,150%,2
"Regalis, Goddess of Poison",Arachnid Nest,53,,2.85,485,-,10,-,5.5,15%,-,-,5,5,-,-,11,3,-,-,-,-,,4,-50%,150%,2,2,100%,X,X,25%,20%,4,50%,3,-50%,150%,2
"Regalis, Goddess of Poison",Arachnid Nest,54,,2.85,485,-,10,-,5.5,15%,-,-,5,5,-,-,11,3,-,-,-,-,,4,-50%,150%,2,2,100%,X,X,25%,20%,4,60%,3,-50%,150%,2
"Regalis, Goddess of Poison",Arachnid Nest,55,,2.85,485,-,10,-,5.5,15%,-,-,5,5,-,-,11,3,-,-,-,-,,4,-50%,150%,2,2,100%,X,X,25%,20%,4,60%,3,-50%,150%,3
"Regalis, Goddess of Poison",Arachnid Nest,56,,2.85,485,-,10,-,5.5,15%,-,-,5,5,-,-,11,3,-,-,-,-,,4,-100%,150%,2,2,100%,X,X,25%,20%,4,60%,3,-50%,150%,3
"Regalis, Goddess of Poison",Arachnid Nest,57,,2.85,485,-,10,-,5.5,15%,-,-,5,5,-,-,11,3,-,-,-,-,,5,-100%,150%,2,2,100%,X,X,25%,20%,4,60%,3,-50%,150%,3
"Regalis, Goddess of Poison",Arachnid Nest,58,,2.85,485,-,10,-,5.5,15%,-,-,5,5,-,-,11,3,-,-,-,-,,5,-100%,150%,2,2,100%,X,X,25%,20%,4,70%,3,-50%,150%,3
"Regalis, Goddess of Poison",Arachnid Nest,59,,2.85,485,-,10,-,5.5,15%,-,-,5,5,-,-,11,3,-,-,-,-,,5,-100%,150%,2,2,100%,X,X,30%,20%,4,70%,3,-50%,150%,3
"Regalis, Goddess of Poison",Arachnid Nest,60,,2.85,485,-,10,-,5.5,15%,-,-,5,5,-,-,11,3,8,-,-,-,,5,-100%,150%,2,2,1,X,X,30%,20%,4,70%,3,-50%,150%,3
"Regalis, Goddess of Poison",Arachnid Nest,61,,2.85,485,-,10,-,5.5,15%,-,-,5,5,-,-,11,3,8,-,-,-,,5,-100%,150%,2,2,100%,X,X,30%,30%,4,70%,3,-50%,150%,3
"Regalis, Goddess of Poison",Arachnid Nest,62,,2.85,485,-,10,-,5.5,15%,-,-,5,5,-,-,11,3,8,-,-,-,,5,-100%,150%,2,2,100%,X,X,30%,30%,4,80%,3,-50%,150%,3
"Regalis, Goddess of Poison",Arachnid Nest,63,,2.85,485,-,10,-,5.5,15%,-,-,5,5,-,-,11,3,8,-,-,-,,5,-100%,150%,2,2,100%,X,X,35%,30%,4,80%,3,-50%,150%,3
"Regalis, Goddess of Poison",Arachnid Nest,64,,2.85,485,-,10,-,5.5,15%,-,-,5,5,-,-,11,3,8,-,-,-,,5,-100%,150%,2,2,100%,X,X,35%,40%,4,80%,3,-50%,150%,3
"Regalis, Goddess of Poison",Arachnid Nest,65,,2.85,485,-,10,-,5.5,15%,-,-,5,5,-,-,11,3,8,-,-,-,,5,-100%,150%,2,2,100%,X,X,35%,40%,4,80%,3,-50%,200%,3
"Regalis, Goddess of Poison",Arachnid Nest,66,,2.85,485,-,10,-,5.5,15%,-,-,5,5,-,-,11,3,8,-,-,-,,5,-100%,150%,2,2,100%,X,X,35%,40%,4,80%,3,-100%,200%,3
"Regalis, Goddess of Poison",Arachnid Nest,67,,2.85,485,-,10,-,5.5,15%,-,-,5,5,-,-,11,3,8,-,-,-,,5,-100%,150%,2,2,100%,X,X,35%,40%,4,90%,3,-100%,200%,3
"Regalis, Goddess of Poison",Arachnid Nest,68,,2.85,485,-,10,-,5.5,15%,-,-,5,5,-,-,11,3,8,-,-,-,,5,-100%,150%,2,2,100%,X,X,35%,50%,4,90%,3,-100%,200%,3
"Regalis, Goddess of Poison",Arachnid Nest,69,,2.85,485,-,10,-,5.5,15%,-,-,5,5,-,-,11,3,8,-,-,-,,5,-100%,150%,2,2,100%,X,X,40%,50%,4,90%,3,-100%,200%,3
"Regalis, Goddess of Poison",Arachnid Nest,70,,2.85,485,-,10,-,5.5,15%,-,15%,5,5,-,-,11,3,8,-,-,-,,5,-100%,150%,2,2,1,X,X,40%,50%,4,90%,3,-100%,200%,3
"Regalis, Goddess of Poison",Arachnid Nest,71,,2.85,485,-,10,-,5.5,15%,-,15%,5,5,-,-,11,3,8,-,-,-,,5,-100%,150%,2,2,100%,X,X,40%,50%,4,100%,3,-100%,200%,3
"Regalis, Goddess of Poison",Arachnid Nest,72,,2.85,485,-,10,-,5.5,15%,-,15%,5,5,-,-,11,3,8,-,-,-,,5,-100%,150%,2,2,100%,X,X,40%,60%,4,100%,3,-100%,200%,3
"Regalis, Goddess of Poison",Arachnid Nest,73,,2.85,485,-,10,-,5.5,15%,-,15%,5,5,-,-,11,3,8,-,-,-,,5,-100%,150%,2,2,100%,X,X,45%,60%,4,100%,3,-100%,200%,3
"Regalis, Goddess of Poison",Arachnid Nest,74,,2.85,485,-,10,-,5.5,15%,-,15%,5,5,-,-,11,3,8,-,-,-,,5,-100%,150%,2,2,100%,X,X,45%,70%,4,100%,3,-100%,200%,3
"Regalis, Goddess of Poison",Arachnid Nest,75,,2.85,485,-,10,-,5.5,15%,-,15%,5,5,-,-,11,3,8,-,-,-,,5,-100%,150%,2,2,100%,X,X,45%,80%,4,100%,3,-100%,200%,3
"Regalis, Goddess of Poison",Arachnid Nest,76,,2.85,485,-,10,-,5.5,15%,-,15%,5,5,-,-,11,3,8,-,-,-,,5,-100%,200%,2,2,100%,X,X,45%,80%,4,100%,3,-100%,200%,3
"Regalis, Goddess of Poison",Arachnid Nest,77,,2.85,485,-,10,-,5.5,15%,-,15%,5,5,-,-,11,3,8,-,-,-,,5,-100%,200%,2,2,100%,X,X,45%,90%,4,100%,3,-100%,200%,3
"Regalis, Goddess of Poison",Arachnid Nest,78,,2.85,485,-,10,-,5.5,15%,-,15%,5,5,-,-,11,3,8,-,-,-,,5,-100%,200%,2,2,100%,X,X,45%,90%,4,110%,3,-100%,200%,3
"Regalis, Goddess of Poison",Arachnid Nest,79,,2.85,485,-,10,-,5.5,15%,-,15%,5,5,-,-,11,3,8,-,-,-,,5,-100%,200%,2,2,100%,X,X,50%,90%,4,110%,3,-100%,200%,3
"Regalis, Goddess of Poison",Arachnid Nest,80,,2.85,485,-,10,-,5.5,30%,-,15%,5,5,-,-,11,3,8,-,-,-,,5,-100%,200%,2,2,1,X,X,50%,90%,4,110%,3,-100%,200%,3
"Regalis, Goddess of Poison",Arachnid Nest,81,,2.85,485,-,10,-,5.5,30%,-,15%,5,5,-,-,11,3,8,-,-,-,,5,-100%,200%,2,2,100%,X,X,50%,100%,4,110%,3,-100%,200%,3
"Regalis, Goddess of Poison",Arachnid Nest,82,,2.85,485,-,10,-,5.5,30%,-,15%,5,5,-,-,11,3,8,-,-,-,,5,-100%,200%,2,2,100%,X,X,50%,100%,4,120%,3,-100%,200%,3
"Regalis, Goddess of Poison",Arachnid Nest,83,,2.85,485,-,10,-,5.5,30%,-,15%,5,5,-,-,11,3,8,-,-,-,,5,-100%,200%,2,2,100%,X,X,50%,110%,4,120%,3,-100%,200%,3
"Regalis, Goddess of Poison",Arachnid Nest,84,,2.85,485,-,10,-,5.5,30%,-,15%,5,5,-,-,11,3,8,-,-,-,,5,-100%,200%,2,2,100%,X,X,55%,110%,4,120%,3,-100%,200%,3
"Regalis, Goddess of Poison",Arachnid Nest,85,,2.85,485,-,10,-,5.5,30%,-,15%,5,5,-,-,11,3,8,-,-,-,,5,-100%,200%,2,2,100%,X,X,55%,110%,4,120%,3,-100%,250%,3
"Regalis, Goddess of Poison",Arachnid Nest,86,,2.85,485,-,10,-,5.5,30%,-,15%,5,5,-,-,11,3,8,-,-,-,,5,-100%,200%,2,2,100%,X,X,60%,110%,4,120%,3,-100%,250%,3
"Regalis, Goddess of Poison",Arachnid Nest,87,,2.85,485,-,10,-,5.5,30%,-,15%,5,5,-,-,11,3,8,-,-,-,,5,-100%,200%,2,2,100%,X,X,60%,110%,4,130%,3,-100%,250%,3
"Regalis, Goddess of Poison",Arachnid Nest,88,,2.85,485,-,10,-,5.5,30%,-,15%,5,5,-,-,11,3,8,-,-,-,,5,-100%,200%,2,2,100%,X,X,65%,110%,4,130%,3,-100%,250%,3
"Regalis, Goddess of Poison",Arachnid Nest,89,,2.85,485,-,10,-,5.5,30%,-,15%,5,5,-,-,11,3,8,-,-,-,,5,-100%,200%,2,2,100%,X,X,65%,120%,4,130%,3,-100%,250%,3
"Regalis, Goddess of Poison",Arachnid Nest,90,,2.85,485,-,10,-,5.5,30%,3,15%,5,5,-,-,11,3,8,-,-,-,,5,-100%,200%,2,2,1,X,X,65%,120%,4,130%,3,-100%,250%,3
"Regalis, Goddess of Poison",Arachnid Nest,91,,2.85,485,-,10,-,5.5,30%,3,15%,5,5,-,-,11,3,8,-,-,-,,5,-100%,200%,2,2,100%,X,X,65%,130%,4,130%,3,-100%,250%,3
"Regalis, Goddess of Poison",Arachnid Nest,92,,2.85,485,-,10,-,5.5,30%,3,15%,5,5,-,-,11,3,8,-,-,-,,5,-100%,200%,2,2,100%,X,X,65%,130%,4,140%,3,-100%,250%,3
"Regalis, Goddess of Poison",Arachnid Nest,93,,2.85,485,-,10,-,5.5,30%,3,15%,5,5,-,-,11,3,8,-,-,-,,5,-100%,200%,2,2,100%,X,X,70%,130%,4,140%,3,-100%,250%,3
"Regalis, Goddess of Poison",Arachnid Nest,94,,2.85,485,-,10,-,5.5,30%,3,15%,5,5,-,-,11,3,8,-,-,-,,5,-100%,250%,2,2,100%,X,X,70%,130%,4,140%,3,-100%,250%,3
"Regalis, Goddess of Poison",Arachnid Nest,95,,2.85,485,-,10,-,5.5,30%,3,15%,5,5,-,-,11,3,8,-,-,-,,5,-100%,250%,2,2,100%,X,X,70%,140%,4,140%,3,-100%,250%,3
"Regalis, Goddess of Poison",Arachnid Nest,96,,2.85,485,-,10,-,5.5,30%,3,15%,5,5,-,-,11,3,8,-,-,-,,5,-100%,250%,2,2,100%,X,X,70%,140%,4,150%,3,-100%,250%,3
"Regalis, Goddess of Poison",Arachnid Nest,97,,2.85,485,-,10,-,5.5,30%,3,15%,5,5,-,-,11,3,8,-,-,-,,5,-100%,250%,2,2,100%,X,X,75%,140%,4,150%,3,-100%,250%,3
"Regalis, Goddess of Poison",Arachnid Nest,98,,2.85,485,-,10,-,5.5,30%,3,15%,5,5,-,-,11,3,8,-,-,-,,5,-100%,250%,2,2,100%,X,X,75%,150%,4,150%,3,-100%,250%,3
"Regalis, Goddess of Poison",Arachnid Nest,99,,2.85,485,-,10,-,5.5,30%,3,15%,5,5,-,-,11,3,8,-,-,-,,5,-100%,250%,2,2,100%,X,X,80%,150%,4,150%,3,-100%,250%,3
"Regalis, Goddess of Poison",Arachnid Nest,100,,2.85,485,-,15,-,5.5,30%,3,15%,5,5,-,-,11,3,8,-,-,-,,5,-100%,250%,2,2,1,X,X,80%,150%,4,150%,3,-100%,250%,3
"Shallan, Goddess of Prophecy",Fae Lands,0,,-,600,-,-,-,5,-,-,-,3,-,-,5,-,-,-,-,-,-,,-,-,-,-,-,-,-,-,-,-,-,-,-,-,-,-
"Shallan, Goddess of Prophecy",Fae Lands,1,,1.25,600,-,-,-,5,-,-,-,3,-,-,5,-,-,-,-,-,-,,-,-,-,-,-,-,-,-,-,-,-,-,-,-,-,-
"Shallan, Goddess of Prophecy",Fae Lands,2,,1.25,600,-,-,-,5,-,-,-,3,-,-,5,-,-,-,-,-,-,,-,-,-,-,-,-,-,-,5%,-,-,-,-,-,-,-
"Shallan, Goddess of Prophecy",Fae Lands,3,,1.25,600,-,-,-,5,-,-,-,3,-,3,5,-,-,-,-,-,-,,-,-,-,-,-,-,-,-,5%,-,-,-,-,-,-,-
"Shallan, Goddess of Prophecy",Fae Lands,4,,1.25,600,-,-,-,5,-,-,-,3,-,3,5,-,-,-,-,-,-,,-,-,-,-,-,-,-,-,5%,-,-,10%,-,-,-,-
"Shallan, Goddess of Prophecy",Fae Lands,5,,1.25,750,-,-,-,5,-,-,-,3,-,3,5,-,-,-,-,-,-,,-,-,-,-,-,-,-,-,5%,-,-,10%,-,-,-,-
"Shallan, Goddess of Prophecy",Fae Lands,6,,1.25,750,-,-,-,5,-,-,-,3,-,3,5,-,-,-,-,-,-,,-,-,-,-,-,-,-,-,5%,-,-,10%,-,-,50%,-
"Shallan, Goddess of Prophecy",Fae Lands,7,,1.25,750,-,-,-,7.5,-,-,-,3,-,3,5,-,-,-,-,-,-,,-,-,-,-,-,-,-,-,5%,-,-,10%,-,-,50%,-
"Shallan, Goddess of Prophecy",Fae Lands,8,,1.25,750,-,-,-,7.5,-,-,-,3,-,3,5,-,-,-,-,-,-,,-,-,-,-,-,-,-,-,5%,-,-,10%,-,-,50%,1
"Shallan, Goddess of Prophecy",Fae Lands,9,,1.25,750,-,-,-,7.5,-,-,-,3,-,3,5,-,-,-,-,-,-,,-,-,-,-,-,-,-,X,5%,-,-,10%,-,-,50%,1
"Shallan, Goddess of Prophecy",Fae Lands,10,,1.25,850,-,-,-,7.5,-,-,-,3,-,3,5,-,-,-,-,-,-,,-,-,-,-,-,-,-,X,5%,-,-,10%,-,-,50%,1
"Shallan, Goddess of Prophecy",Fae Lands,11,,1.25,850,-,-,-,7.5,-,-,-,3,-,3,5,-,-,-,-,-,-,,-,-,-,1,-,-,-,X,5%,-,-,10%,-,-,50%,1
"Shallan, Goddess of Prophecy",Fae Lands,12,,1.25,850,-,-,-,7.5,-,-,-,3,-,3,5,-,-,-,-,-,-,,-,-,50%,1,-,-,-,X,5%,-,-,10%,-,-,50%,1
"Shallan, Goddess of Prophecy",Fae Lands,13,,1.25,850,-,-,-,7.5,-,-,-,3,-,3,5,-,-,-,-,-,-,,-,-,50%,1,-,-,-,X,5%,-,-,10%,1,-,50%,1
"Shallan, Goddess of Prophecy",Fae Lands,14,,1.25,850,-,-,-,7.5,-,-,-,3,-,3,5,-,-,-,-,-,-,,-,-,50%,1,-,-,-,X,5%,-,1,10%,1,-,50%,1
"Shallan, Goddess of Prophecy",Fae Lands,15,,1.25,950,-,-,-,7.5,-,-,-,3,-,3,5,-,-,-,-,-,-,,-,-,50%,1,-,-,-,X,5%,-,1,10%,1,-,50%,1
"Shallan, Goddess of Prophecy",Fae Lands,16,,1.25,950,-,-,-,7.5,-,-,-,3,-,3,5,-,-,-,-,-,-,,-,-,50%,1,-,-,X,X,5%,-,1,10%,1,-,50%,1
"Shallan, Goddess of Prophecy",Fae Lands,17,,1.25,950,-,-,-,7.5,-,-,-,3,-,3,5,-,-,-,-,-,-,,1,-,50%,1,-,-,X,X,5%,-,1,10%,1,-,50%,1
"Shallan, Goddess of Prophecy",Fae Lands,18,,1.25,950,-,-,-,7.5,-,-,-,3,-,3,5,-,-,-,-,-,-,,1,-,50%,1,-,-,X,X,5%,-,1,20%,1,-,50%,1
"Shallan, Goddess of Prophecy",Fae Lands,19,,1.25,950,-,-,-,7.5,-,-,-,3,-,3,5,-,-,-,-,-,-,,1,-,50%,1,-,-,X,X,10%,-,1,20%,1,-,50%,1
"Shallan, Goddess of Prophecy",Fae Lands,20,,1.25,950,-,-,-,7.5,-,-,-,3,-,3,5,5,-,-,-,-,-,,1,-,50%,1,-,-,X,X,10%,-,1,20%,1,-,50%,1
"Shallan, Goddess of Prophecy",Fae Lands,21,,1.25,950,-,-,-,7.5,-,-,-,3,-,3,5,5,-,-,-,-,-,,1,-,50%,1,-,-,X,X,10%,-,1,20%,1,-,100%,1
"Shallan, Goddess of Prophecy",Fae Lands,22,,1.25,950,-,-,-,7.5,-,-,-,3,-,3,5,5,-,-,-,-,-,,1,-,50%,1,-,-,X,X,10%,-,1,20%,2,-,100%,1
"Shallan, Goddess of Prophecy",Fae Lands,23,,1.25,950,-,-,-,7.5,-,-,-,3,-,3,5,5,-,-,-,-,-,,1,-,50%,1,-,-,X,X,10%,-,2,20%,2,-,100%,1
"Shallan, Goddess of Prophecy",Fae Lands,24,,1.25,950,-,-,-,7.5,-,-,-,3,-,3,5,5,-,-,-,-,-,,1,-,50%,2,-,-,X,X,10%,-,2,20%,2,-,100%,1
"Shallan, Goddess of Prophecy",Fae Lands,25,,1.25,950,-,-,-,7.5,-,-,-,3,-,3,5,5,-,3,-,-,-,,1,-,50%,2,-,-,X,X,10%,-,2,20%,2,-,100%,1
"Shallan, Goddess of Prophecy",Fae Lands,26,,1.25,950,-,-,-,7.5,-,-,-,3,-,3,5,5,-,3,-,-,-,,1,-50%,50%,2,-,-,X,X,10%,-,2,20%,2,-,100%,1
"Shallan, Goddess of Prophecy",Fae Lands,27,,1.25,950,-,-,-,7.5,-,-,-,3,-,3,5,5,-,3,-,-,-,,1,-50%,100%,2,-,-,X,X,10%,-,2,20%,2,-,100%,1
"Shallan, Goddess of Prophecy",Fae Lands,28,,1.25,950,-,-,-,7.5,-,-,-,3,-,3,5,5,-,3,-,-,-,,1,-50%,100%,2,-,-,X,X,10%,-,2,20%,3,-,100%,1
"Shallan, Goddess of Prophecy",Fae Lands,29,,1.25,950,-,-,-,7.5,-,-,-,3,-,3,5,5,-,3,-,-,-,,1,-50%,100%,2,-,-,X,X,15%,-,2,20%,3,-,100%,1
"Shallan, Goddess of Prophecy",Fae Lands,30,,1.25,950,-,-,-,7.5,-,-,-,3,-,3,5,5,-,3,-,1,-,,1,-50%,100%,2,-,-,X,X,15%,-,2,20%,3,-,100%,1
"Shallan, Goddess of Prophecy",Fae Lands,31,,1.25,950,-,-,-,7.5,-,-,-,3,-,3,5,5,-,3,-,1,-,,1,-50%,100%,2,-,-,X,X,15%,-,2,20%,3,-,100%,2
"Shallan, Goddess of Prophecy",Fae Lands,32,,1.25,950,-,-,-,7.5,-,-,-,3,-,3,5,5,-,3,-,1,-,,1,-50%,100%,2,-,-,X,X,15%,-,2,20%,3,-50%,100%,2
"Shallan, Goddess of Prophecy",Fae Lands,33,,1.25,950,-,-,-,7.5,-,-,-,3,-,3,5,5,-,3,-,1,-,,1,-50%,100%,2,1,-,X,X,15%,-,2,20%,3,-50%,100%,2
"Shallan, Goddess of Prophecy",Fae Lands,34,,1.25,950,-,-,-,7.5,-,-,-,3,-,3,5,5,-,3,-,1,-,,1,-50%,100%,2,1,-,X,X,15%,-,3,20%,3,-50%,100%,2
"Shallan, Goddess of Prophecy",Fae Lands,35,,1.25,950,-,-,-,7.5,-,-,25%,3,-,3,5,5,-,3,-,1,-,,1,-50%,100%,2,1,-,X,X,15%,-,3,20%,3,-50%,100%,2
"Shallan, Goddess of Prophecy",Fae Lands,36,,1.25,950,-,-,-,7.5,-,-,25%,3,-,3,5,5,-,3,-,1,-,,2,-50%,100%,2,1,-,X,X,15%,-,3,20%,3,-50%,100%,2
"Shallan, Goddess of Prophecy",Fae Lands,37,,1.25,950,-,-,-,7.5,-,-,25%,3,-,3,5,5,-,3,-,1,-,,2,-50%,100%,2,1,-,X,X,15%,-,3,30%,3,-50%,100%,2
"Shallan, Goddess of Prophecy",Fae Lands,38,,1.25,950,-,-,-,7.5,-,-,25%,3,-,3,5,5,-,3,-,1,-,,2,-50%,100%,2,1,-,X,X,15%,-,3,30%,3,-50%,150%,2
"Shallan, Goddess of Prophecy",Fae Lands,39,,1.25,950,-,-,-,7.5,-,-,25%,3,-,3,5,5,-,3,-,1,-,,2,-50%,100%,2,1,-,X,X,15%,-,4,30%,3,-50%,150%,2
"Shallan, Goddess of Prophecy",Fae Lands,40,,1.95,950,-,-,-,7.5,-,-,25%,3,-,3,5,5,-,3,-,1,-,,2,-50%,100%,2,1,-,X,X,15%,-,4,30%,3,-50%,150%,2
"Shallan, Goddess of Prophecy",Fae Lands,41,,1.95,950,-,-,-,7.5,-,-,25%,3,-,3,5,5,-,3,-,1,-,,3,-50%,100%,2,1,-,X,X,15%,-,4,30%,3,-50%,150%,2
"Shallan, Goddess of Prophecy",Fae Lands,42,,1.95,950,-,-,-,7.5,-,-,25%,3,-,3,5,5,-,3,-,1,-,,3,-50%,100%,2,1,100%,X,X,15%,-,4,30%,3,-50%,150%,2
"Shallan, Goddess of Prophecy",Fae Lands,43,,1.95,950,-,-,-,7.5,-,-,25%,3,-,3,5,5,-,3,-,1,-,,3,-50%,100%,2,1,100%,X,X,15%,-,4,40%,3,-50%,150%,2
"Shallan, Goddess of Prophecy",Fae Lands,44,,1.95,950,-,-,-,7.5,-,-,25%,3,-,3,5,5,-,3,-,1,-,,3,-50%,100%,2,1,100%,X,X,20%,-,4,40%,3,-50%,150%,2
"Shallan, Goddess of Prophecy",Fae Lands,45,,1.95,950,-,-,-,7.5,-,-,25%,3,-,3,13,5,-,3,-,1,-,,3,-50%,100%,2,1,1,X,X,20%,-,4,40%,3,-50%,150%,2
"Shallan, Goddess of Prophecy",Fae Lands,46,,1.95,950,-,-,-,7.5,-,-,25%,3,-,3,13,5,-,3,-,1,-,,3,-50%,100%,2,1,100%,X,X,20%,10%,4,40%,3,-50%,150%,2
"Shallan, Goddess of Prophecy",Fae Lands,47,,1.95,950,-,-,-,7.5,-,-,25%,3,-,3,13,5,-,3,-,1,-,,3,-50%,150%,2,1,100%,X,X,20%,10%,4,40%,3,-50%,150%,2
"Shallan, Goddess of Prophecy",Fae Lands,48,,1.95,950,-,-,-,7.5,-,-,25%,3,-,3,13,5,-,3,-,1,-,,4,-50%,150%,2,1,100%,X,X,20%,10%,4,40%,3,-50%,150%,2
"Shallan, Goddess of Prophecy",Fae Lands,49,,1.95,950,-,-,-,7.5,-,-,25%,3,-,3,13,5,-,3,-,1,-,,4,-50%,150%,2,1,100%,X,X,20%,10%,4,50%,3,-50%,150%,2
"Shallan, Goddess of Prophecy",Fae Lands,50,,1.95,950,-,-,-,7.5,-,-,25%,3,-,3,13,5,-,3,5,1,-,,4,-50%,150%,2,1,1,X,X,20%,10%,4,50%,3,-50%,150%,2
"Shallan, Goddess of Prophecy",Fae Lands,51,,1.95,950,-,-,-,7.5,-,-,25%,3,-,3,13,5,-,3,5,1,-,,4,-50%,150%,2,1,100%,X,X,25%,10%,4,50%,3,-50%,150%,2
"Shallan, Goddess of Prophecy",Fae Lands,52,,1.95,950,-,-,-,7.5,-,-,25%,3,-,3,13,5,-,3,5,1,-,,4,-50%,150%,2,2,100%,X,X,25%,10%,4,50%,3,-50%,150%,2
"Shallan, Goddess of Prophecy",Fae Lands,53,,1.95,950,-,-,-,7.5,-,-,25%,3,-,3,13,5,-,3,5,1,-,,4,-50%,150%,2,2,100%,X,X,25%,20%,4,50%,3,-50%,150%,2
"Shallan, Goddess of Prophecy",Fae Lands,54,,1.95,950,-,-,-,7.5,-,-,25%,3,-,3,13,5,-,3,5,1,-,,4,-50%,150%,2,2,100%,X,X,25%,20%,4,60%,3,-50%,150%,2
"Shallan, Goddess of Prophecy",Fae Lands,55,,1.95,950,-,-,-,7.5,-,-,25%,3,-,3,13,5,-,3,5,1,-,,4,-50%,150%,2,2,100%,X,X,25%,20%,4,60%,3,-50%,150%,3
"Shallan, Goddess of Prophecy",Fae Lands,56,,1.95,950,-,-,-,7.5,-,-,25%,3,-,3,13,5,-,3,5,1,-,,4,-100%,150%,2,2,100%,X,X,25%,20%,4,60%,3,-50%,150%,3
"Shallan, Goddess of Prophecy",Fae Lands,57,,1.95,950,-,-,-,7.5,-,-,25%,3,-,3,13,5,-,3,5,1,-,,5,-100%,150%,2,2,100%,X,X,25%,20%,4,60%,3,-50%,150%,3
"Shallan, Goddess of Prophecy",Fae Lands,58,,1.95,950,-,-,-,7.5,-,-,25%,3,-,3,13,5,-,3,5,1,-,,5,-100%,150%,2,2,100%,X,X,25%,20%,4,70%,3,-50%,150%,3
"Shallan, Goddess of Prophecy",Fae Lands,59,,1.95,950,-,-,-,7.5,-,-,25%,3,-,3,13,5,-,3,5,1,-,,5,-100%,150%,2,2,100%,X,X,30%,20%,4,70%,3,-50%,150%,3
"Shallan, Goddess of Prophecy",Fae Lands,60,,1.95,950,-,-,-,7.5,-,-,25%,4,-,4,13,5,-,4,5,1,-,,5,-100%,150%,2,2,1,X,X,30%,20%,4,70%,3,-50%,150%,3
"Shallan, Goddess of Prophecy",Fae Lands,61,,1.95,950,-,-,-,7.5,-,-,25%,4,-,4,13,5,-,4,5,1,-,,5,-100%,150%,2,2,100%,X,X,30%,30%,4,70%,3,-50%,150%,3
"Shallan, Goddess of Prophecy",Fae Lands,62,,1.95,950,-,-,-,7.5,-,-,25%,4,-,4,13,5,-,4,5,1,-,,5,-100%,150%,2,2,100%,X,X,30%,30%,4,80%,3,-50%,150%,3
"Shallan, Goddess of Prophecy",Fae Lands,63,,1.95,950,-,-,-,7.5,-,-,25%,4,-,4,13,5,-,4,5,1,-,,5,-100%,150%,2,2,100%,X,X,35%,30%,4,80%,3,-50%,150%,3
"Shallan, Goddess of Prophecy",Fae Lands,64,,1.95,950,-,-,-,7.5,-,-,25%,4,-,4,13,5,-,4,5,1,-,,5,-100%,150%,2,2,100%,X,X,35%,40%,4,80%,3,-50%,150%,3
"Shallan, Goddess of Prophecy",Fae Lands,65,,1.95,950,-,-,-,7.5,-,-,25%,4,-,4,13,5,-,4,5,1,-,,5,-100%,150%,2,2,100%,X,X,35%,40%,4,80%,3,-50%,200%,3
"Shallan, Goddess of Prophecy",Fae Lands,66,,1.95,950,-,-,-,7.5,-,-,25%,4,-,4,13,5,-,4,5,1,-,,5,-100%,150%,2,2,100%,X,X,35%,40%,4,80%,3,-100%,200%,3
"Shallan, Goddess of Prophecy",Fae Lands,67,,1.95,950,-,-,-,7.5,-,-,25%,4,-,4,13,5,-,4,5,1,-,,5,-100%,150%,2,2,100%,X,X,35%,40%,4,90%,3,-100%,200%,3
"Shallan, Goddess of Prophecy",Fae Lands,68,,1.95,950,-,-,-,7.5,-,-,25%,4,-,4,13,5,-,4,5,1,-,,5,-100%,150%,2,2,100%,X,X,35%,50%,4,90%,3,-100%,200%,3
"Shallan, Goddess of Prophecy",Fae Lands,69,,1.95,950,-,-,-,7.5,-,-,25%,4,-,4,13,5,-,4,5,1,-,,5,-100%,150%,2,2,100%,X,X,40%,50%,4,90%,3,-100%,200%,3
"Shallan, Goddess of Prophecy",Fae Lands,70,,1.95,950,-,-,-,7.5,-,-,25%,4,-,4,13,5,-,4,5,2,-,,5,-100%,150%,2,2,1,X,X,40%,50%,4,90%,3,-100%,200%,3
"Shallan, Goddess of Prophecy",Fae Lands,71,,1.95,950,-,-,-,7.5,-,-,25%,4,-,4,13,5,-,4,5,2,-,,5,-100%,150%,2,2,100%,X,X,40%,50%,4,100%,3,-100%,200%,3
"Shallan, Goddess of Prophecy",Fae Lands,72,,1.95,950,-,-,-,7.5,-,-,25%,4,-,4,13,5,-,4,5,2,-,,5,-100%,150%,2,2,100%,X,X,40%,60%,4,100%,3,-100%,200%,3
"Shallan, Goddess of Prophecy",Fae Lands,73,,1.95,950,-,-,-,7.5,-,-,25%,4,-,4,13,5,-,4,5,2,-,,5,-100%,150%,2,2,100%,X,X,45%,60%,4,100%,3,-100%,200%,3
"Shallan, Goddess of Prophecy",Fae Lands,74,,1.95,950,-,-,-,7.5,-,-,25%,4,-,4,13,5,-,4,5,2,-,,5,-100%,150%,2,2,100%,X,X,45%,70%,4,100%,3,-100%,200%,3
"Shallan, Goddess of Prophecy",Fae Lands,75,,1.95,950,-,-,-,7.5,-,-,25%,4,-,4,13,5,-,4,5,2,-,,5,-100%,150%,2,2,100%,X,X,45%,80%,4,100%,3,-100%,200%,3
"Shallan, Goddess of Prophecy",Fae Lands,76,,1.95,950,-,-,-,7.5,-,-,25%,4,-,4,13,5,-,4,5,2,-,,5,-100%,200%,2,2,100%,X,X,45%,80%,4,100%,3,-100%,200%,3
"Shallan, Goddess of Prophecy",Fae Lands,77,,1.95,950,-,-,-,7.5,-,-,25%,4,-,4,13,5,-,4,5,2,-,,5,-100%,200%,2,2,100%,X,X,45%,90%,4,100%,3,-100%,200%,3
"Shallan, Goddess of Prophecy",Fae Lands,78,,1.95,950,-,-,-,7.5,-,-,25%,4,-,4,13,5,-,4,5,2,-,,5,-100%,200%,2,2,100%,X,X,45%,90%,4,110%,3,-100%,200%,3
"Shallan, Goddess of Prophecy",Fae Lands,79,,1.95,950,-,-,-,7.5,-,-,25%,4,-,4,13,5,-,4,5,2,-,,5,-100%,200%,2,2,100%,X,X,50%,90%,4,110%,3,-100%,200%,3
"Shallan, Goddess of Prophecy",Fae Lands,80,,3.2,950,-,-,-,7.5,-,-,25%,4,-,4,13,5,-,4,5,2,-,,5,-100%,200%,2,2,1,X,X,50%,90%,4,110%,3,-100%,200%,3
"Shallan, Goddess of Prophecy",Fae Lands,81,,3.2,950,-,-,-,7.5,-,-,25%,4,-,4,13,5,-,4,5,2,-,,5,-100%,200%,2,2,100%,X,X,50%,100%,4,110%,3,-100%,200%,3
"Shallan, Goddess of Prophecy",Fae Lands,82,,3.2,950,-,-,-,7.5,-,-,25%,4,-,4,13,5,-,4,5,2,-,,5,-100%,200%,2,2,100%,X,X,50%,100%,4,120%,3,-100%,200%,3
"Shallan, Goddess of Prophecy",Fae Lands,83,,3.2,950,-,-,-,7.5,-,-,25%,4,-,4,13,5,-,4,5,2,-,,5,-100%,200%,2,2,100%,X,X,50%,110%,4,120%,3,-100%,200%,3
"Shallan, Goddess of Prophecy",Fae Lands,84,,3.2,950,-,-,-,7.5,-,-,25%,4,-,4,13,5,-,4,5,2,-,,5,-100%,200%,2,2,100%,X,X,55%,110%,4,120%,3,-100%,200%,3
"Shallan, Goddess of Prophecy",Fae Lands,85,,3.2,950,-,-,-,7.5,-,-,25%,4,-,4,13,5,-,4,5,2,-,,5,-100%,200%,2,2,100%,X,X,55%,110%,4,120%,3,-100%,250%,3
"Shallan, Goddess of Prophecy",Fae Lands,86,,3.2,950,-,-,-,7.5,-,-,25%,4,-,4,13,5,-,4,5,2,-,,5,-100%,200%,2,2,100%,X,X,60%,110%,4,120%,3,-100%,250%,3
"Shallan, Goddess of Prophecy",Fae Lands,87,,3.2,950,-,-,-,7.5,-,-,25%,4,-,4,13,5,-,4,5,2,-,,5,-100%,200%,2,2,100%,X,X,60%,110%,4,130%,3,-100%,250%,3
"Shallan, Goddess of Prophecy",Fae Lands,88,,3.2,950,-,-,-,7.5,-,-,25%,4,-,4,13,5,-,4,5,2,-,,5,-100%,200%,2,2,100%,X,X,65%,110%,4,130%,3,-100%,250%,3
"Shallan, Goddess of Prophecy",Fae Lands,89,,3.2,950,-,-,-,7.5,-,-,25%,4,-,4,13,5,-,4,5,2,-,,5,-100%,200%,2,2,100%,X,X,65%,120%,4,130%,3,-100%,250%,3
"Shallan, Goddess of Prophecy",Fae Lands,90,,3.2,950,-,-,-,9.5,-,-,25%,4,-,4,13,5,-,4,5,2,-,,5,-100%,200%,2,2,1,X,X,65%,120%,4,130%,3,-100%,250%,3
"Shallan, Goddess of Prophecy",Fae Lands,91,,3.2,950,-,-,-,9.5,-,-,25%,4,-,4,13,5,-,4,5,2,-,,5,-100%,200%,2,2,100%,X,X,65%,130%,4,130%,3,-100%,250%,3
"Shallan, Goddess of Prophecy",Fae Lands,92,,3.2,950,-,-,-,9.5,-,-,25%,4,-,4,13,5,-,4,5,2,-,,5,-100%,200%,2,2,100%,X,X,65%,130%,4,140%,3,-100%,250%,3
"Shallan, Goddess of Prophecy",Fae Lands,93,,3.2,950,-,-,-,9.5,-,-,25%,4,-,4,13,5,-,4,5,2,-,,5,-100%,200%,2,2,100%,X,X,70%,130%,4,140%,3,-100%,250%,3
"Shallan, Goddess of Prophecy",Fae Lands,94,,3.2,950,-,-,-,9.5,-,-,25%,4,-,4,13,5,-,4,5,2,-,,5,-100%,250%,2,2,100%,X,X,70%,130%,4,140%,3,-100%,250%,3
"Shallan, Goddess of Prophecy",Fae Lands,95,,3.2,950,-,-,-,9.5,-,-,25%,4,-,4,13,5,-,4,5,2,-,,5,-100%,250%,2,2,100%,X,X,70%,140%,4,140%,3,-100%,250%,3
"Shallan, Goddess of Prophecy",Fae Lands,96,,3.2,950,-,-,-,9.5,-,-,25%,4,-,4,13,5,-,4,5,2,-,,5,-100%,250%,2,2,100%,X,X,70%,140%,4,150%,3,-100%,250%,3
"Shallan, Goddess of Prophecy",Fae Lands,97,,3.2,950,-,-,-,9.5,-,-,25%,4,-,4,13,5,-,4,5,2,-,,5,-100%,250%,2,2,100%,X,X,75%,140%,4,150%,3,-100%,250%,3
"Shallan, Goddess of Prophecy",Fae Lands,98,,3.2,950,-,-,-,9.5,-,-,25%,4,-,4,13,5,-,4,5,2,-,,5,-100%,250%,2,2,100%,X,X,75%,150%,4,150%,3,-100%,250%,3
"Shallan, Goddess of Prophecy",Fae Lands,99,,3.2,950,-,-,-,9.5,-,-,25%,4,-,4,13,5,-,4,5,2,-,,5,-100%,250%,2,2,100%,X,X,80%,150%,4,150%,3,-100%,250%,3
"Shallan, Goddess of Prophecy",Fae Lands,100,,3.2,950,-,-,-,9.5,-,-,25%,4,-,4,21,5,-,4,5,2,-,,5,-100%,250%,2,2,1,X,X,80%,150%,4,150%,3,-100%,250%,3
"Surathli, Goddess of Light",Azure Dream,0,,-,575,-,-,3,6,-,-,-,5,-,-,-,-,-,-,-,-,-,,-,-,-,-,-,-,-,-,-,-,-,-,-,-,-,-
"Surathli, Goddess of Light",Azure Dream,1,,1,575,-,-,3,6,-,-,-,5,-,-,-,-,-,-,-,-,-,,-,-,-,-,-,-,-,-,-,-,-,-,-,-,-,-
"Surathli, Goddess of Light",Azure Dream,2,,1,575,-,-,3,6,-,-,-,5,-,-,-,-,-,-,-,-,-,,-,-,-,-,-,-,-,-,5%,-,-,-,-,-,-,-
"Surathli, Goddess of Light",Azure Dream,3,,1,575,-,-,3,6,-,-,-,5,-,-,-,-,-,-,-,-,-,,-,-,-,-,-,-,-,-,5%,-,-,-,-,-,-,-
"Surathli, Goddess of Light",Azure Dream,4,,1,575,-,-,3,6,-,-,-,5,-,-,-,-,-,-,-,-,-,,-,-,-,-,-,-,-,-,5%,-,-,10%,-,-,-,-
"Surathli, Goddess of Light",Azure Dream,5,,1,625,-,-,3,6,-,-,-,5,-,-,-,-,-,-,-,-,-,,-,-,-,-,-,-,-,-,5%,-,-,10%,-,-,-,-
"Surathli, Goddess of Light",Azure Dream,6,,1,625,-,-,3,6,-,-,-,5,-,-,-,-,-,-,-,-,-,,-,-,-,-,-,-,-,-,5%,-,-,10%,-,-,50%,-
"Surathli, Goddess of Light",Azure Dream,7,,1,700,-,-,4.5,6,-,-,-,5,-,-,-,-,-,-,-,-,-,,-,-,-,-,-,-,-,-,5%,-,-,10%,-,-,50%,-
"Surathli, Goddess of Light",Azure Dream,8,,1,700,-,-,4.5,6,-,-,-,5,-,-,-,-,-,-,-,-,-,,-,-,-,-,-,-,-,-,5%,-,-,10%,-,-,50%,1
"Surathli, Goddess of Light",Azure Dream,9,,1,700,-,-,4.5,6,-,-,-,5,-,-,-,-,-,-,-,-,-,,-,-,-,-,-,-,-,X,5%,-,-,10%,-,-,50%,1
"Surathli, Goddess of Light",Azure Dream,10,,1,800,-,-,4.5,6,-,-,-,5,-,-,-,-,-,-,-,-,-,,-,-,-,-,-,-,-,X,5%,-,-,10%,-,-,50%,1
"Surathli, Goddess of Light",Azure Dream,11,,1,800,-,-,4.5,6,-,-,-,5,-,-,-,-,-,-,-,-,-,,-,-,-,1,-,-,-,X,5%,-,-,10%,-,-,50%,1
"Surathli, Goddess of Light",Azure Dream,12,,1,800,-,-,4.5,6,-,-,-,5,-,-,-,-,-,-,-,-,-,,-,-,50%,1,-,-,-,X,5%,-,-,10%,-,-,50%,1
"Surathli, Goddess of Light",Azure Dream,13,,1,800,-,-,4.5,6,-,-,-,5,-,-,-,-,-,-,-,-,-,,-,-,50%,1,-,-,-,X,5%,-,-,10%,1,-,50%,1
"Surathli, Goddess of Light",Azure Dream,14,,1,800,-,-,4.5,6,-,-,-,5,-,-,-,-,-,-,-,-,-,,-,-,50%,1,-,-,-,X,5%,-,1,10%,1,-,50%,1
"Surathli, Goddess of Light",Azure Dream,15,,1,862.5,-,-,4.5,6,-,-,-,5,-,-,-,-,-,-,-,-,-,,-,-,50%,1,-,-,-,X,5%,-,1,10%,1,-,50%,1
"Surathli, Goddess of Light",Azure Dream,16,,1,862.5,-,-,4.5,6,-,-,-,5,-,-,-,-,-,-,-,-,-,,-,-,50%,1,-,-,X,X,5%,-,1,10%,1,-,50%,1
"Surathli, Goddess of Light",Azure Dream,17,,1,862.5,-,-,4.5,6,-,-,-,5,-,-,-,-,-,-,-,-,-,,1,-,50%,1,-,-,X,X,5%,-,1,10%,1,-,50%,1
"Surathli, Goddess of Light",Azure Dream,18,,1,862.5,-,-,4.5,6,-,-,-,5,-,-,-,-,-,-,-,-,-,,1,-,50%,1,-,-,X,X,5%,-,1,20%,1,-,50%,1
"Surathli, Goddess of Light",Azure Dream,19,,1,862.5,-,-,4.5,6,-,-,-,5,-,-,-,-,-,-,-,-,-,,1,-,50%,1,-,-,X,X,10%,-,1,20%,1,-,50%,1
"Surathli, Goddess of Light",Azure Dream,20,,1,862.5,-,-,4.5,6,-,-,-,5,-,-,-,-,-,-,-,-,-,,1,-,50%,1,-,-,X,X,10%,-,1,20%,1,-,50%,1
"Surathli, Goddess of Light",Azure Dream,21,,1,862.5,-,-,4.5,6,-,-,-,5,-,-,-,-,-,-,-,-,-,,1,-,50%,1,-,-,X,X,10%,-,1,20%,1,-,100%,1
"Surathli, Goddess of Light",Azure Dream,22,,1,862.5,-,-,4.5,6,-,-,-,5,-,-,-,-,-,-,-,-,-,,1,-,50%,1,-,-,X,X,10%,-,1,20%,2,-,100%,1
"Surathli, Goddess of Light",Azure Dream,23,,1,862.5,-,-,4.5,6,-,-,-,5,-,-,-,-,-,-,-,-,-,,1,-,50%,1,-,-,X,X,10%,-,2,20%,2,-,100%,1
"Surathli, Goddess of Light",Azure Dream,24,,1,862.5,-,-,4.5,6,-,-,-,5,-,-,-,-,-,-,-,-,-,,1,-,50%,2,-,-,X,X,10%,-,2,20%,2,-,100%,1
"Surathli, Goddess of Light",Azure Dream,25,,1,862.5,-,-,4.5,6,-,-,-,5,-,-,-,-,-,-,-,-,-,,1,-,50%,2,-,-,X,X,10%,-,2,20%,2,-,100%,1
"Surathli, Goddess of Light",Azure Dream,26,,1,862.5,-,-,4.5,6,-,-,-,5,-,-,-,-,-,-,-,-,-,,1,-50%,50%,2,-,-,X,X,10%,-,2,20%,2,-,100%,1
"Surathli, Goddess of Light",Azure Dream,27,,1,862.5,-,-,4.5,6,-,-,-,5,-,-,-,-,-,-,-,-,-,,1,-50%,100%,2,-,-,X,X,10%,-,2,20%,2,-,100%,1
"Surathli, Goddess of Light",Azure Dream,28,,1,862.5,-,-,4.5,6,-,-,-,5,-,-,-,-,-,-,-,-,-,,1,-50%,100%,2,-,-,X,X,10%,-,2,20%,3,-,100%,1
"Surathli, Goddess of Light",Azure Dream,29,,1,862.5,-,-,4.5,6,-,-,-,5,-,-,-,-,-,-,-,-,-,,1,-50%,100%,2,-,-,X,X,15%,-,2,20%,3,-,100%,1
"Surathli, Goddess of Light",Azure Dream,30,,1,862.5,-,-,4.5,6,-,-,-,5,-,-,-,-,-,2,-,-,-,,1,-50%,100%,2,-,-,X,X,15%,-,2,20%,3,-,100%,1
"Surathli, Goddess of Light",Azure Dream,31,,1,862.5,-,-,4.5,6,-,-,-,5,-,-,-,-,-,2,-,-,-,,1,-50%,100%,2,-,-,X,X,15%,-,2,20%,3,-,100%,2
"Surathli, Goddess of Light",Azure Dream,32,,1,862.5,-,-,4.5,6,-,-,-,5,-,-,-,-,-,2,-,-,-,,1,-50%,100%,2,-,-,X,X,15%,-,2,20%,3,-50%,100%,2
"Surathli, Goddess of Light",Azure Dream,33,,1,862.5,-,-,4.5,6,-,-,-,5,-,-,-,-,-,2,-,-,-,,1,-50%,100%,2,1,-,X,X,15%,-,2,20%,3,-50%,100%,2
"Surathli, Goddess of Light",Azure Dream,34,,1,862.5,-,-,4.5,6,-,-,-,5,-,-,-,-,-,2,-,-,-,,1,-50%,100%,2,1,-,X,X,15%,-,3,20%,3,-50%,100%,2
"Surathli, Goddess of Light",Azure Dream,35,,1,912.5,-,-,6,6,-,-,-,5,-,-,-,-,-,2,-,-,-,,1,-50%,100%,2,1,-,X,X,15%,-,3,20%,3,-50%,100%,2
"Surathli, Goddess of Light",Azure Dream,36,,1,912.5,-,-,6,6,-,-,-,5,-,-,-,-,-,2,-,-,-,,2,-50%,100%,2,1,-,X,X,15%,-,3,20%,3,-50%,100%,2
"Surathli, Goddess of Light",Azure Dream,37,,1,912.5,-,-,6,6,-,-,-,5,-,-,-,-,-,2,-,-,-,,2,-50%,100%,2,1,-,X,X,15%,-,3,30%,3,-50%,100%,2
"Surathli, Goddess of Light",Azure Dream,38,,1,912.5,-,-,6,6,-,-,-,5,-,-,-,-,-,2,-,-,-,,2,-50%,100%,2,1,-,X,X,15%,-,3,30%,3,-50%,150%,2
"Surathli, Goddess of Light",Azure Dream,39,,1,912.5,-,-,6,6,-,-,-,5,-,-,-,-,-,2,-,-,-,,2,-50%,100%,2,1,-,X,X,15%,-,4,30%,3,-50%,150%,2
"Surathli, Goddess of Light",Azure Dream,40,,1,912.5,-,-,14,6,-,-,-,5,-,-,-,-,-,2,-,-,-,,2,-50%,100%,2,1,-,X,X,15%,-,4,30%,3,-50%,150%,2
"Surathli, Goddess of Light",Azure Dream,41,,1,912.5,-,-,14,6,-,-,-,5,-,-,-,-,-,2,-,-,-,,3,-50%,100%,2,1,-,X,X,15%,-,4,30%,3,-50%,150%,2
"Surathli, Goddess of Light",Azure Dream,42,,1,912.5,-,-,14,6,-,-,-,5,-,-,-,-,-,2,-,-,-,,3,-50%,100%,2,1,100%,X,X,15%,-,4,30%,3,-50%,150%,2
"Surathli, Goddess of Light",Azure Dream,43,,1,912.5,-,-,14,6,-,-,-,5,-,-,-,-,-,2,-,-,-,,3,-50%,100%,2,1,100%,X,X,15%,-,4,40%,3,-50%,150%,2
"Surathli, Goddess of Light",Azure Dream,44,,1,912.5,-,-,14,6,-,-,-,5,-,-,-,-,-,2,-,-,-,,3,-50%,100%,2,1,100%,X,X,20%,-,4,40%,3,-50%,150%,2
"Surathli, Goddess of Light",Azure Dream,45,,1,912.5,-,-,14,6,-,-,-,5,-,-,-,-,-,2,-,-,-,,3,-50%,100%,2,1,1,X,X,20%,-,4,40%,3,-50%,150%,2
"Surathli, Goddess of Light",Azure Dream,46,,1,912.5,-,-,14,6,-,-,-,5,-,-,-,-,-,2,-,-,-,,3,-50%,100%,2,1,100%,X,X,20%,10%,4,40%,3,-50%,150%,2
"Surathli, Goddess of Light",Azure Dream,47,,1,912.5,-,-,14,6,-,-,-,5,-,-,-,-,-,2,-,-,-,,3,-50%,150%,2,1,100%,X,X,20%,10%,4,40%,3,-50%,150%,2
"Surathli, Goddess of Light",Azure Dream,48,,1,912.5,-,-,14,6,-,-,-,5,-,-,-,-,-,2,-,-,-,,4,-50%,150%,2,1,100%,X,X,20%,10%,4,40%,3,-50%,150%,2
"Surathli, Goddess of Light",Azure Dream,49,,1,912.5,-,-,14,6,-,-,-,5,-,-,-,-,-,2,-,-,-,,4,-50%,150%,2,1,100%,X,X,20%,10%,4,50%,3,-50%,150%,2
"Surathli, Goddess of Light",Azure Dream,50,,1,912.5,-,-,14,8,-,-,-,5,-,-,-,-,-,2,-,-,-,,4,-50%,150%,2,1,1,X,X,20%,10%,4,50%,3,-50%,150%,2
"Surathli, Goddess of Light",Azure Dream,51,,1,912.5,-,-,14,8,-,-,-,5,-,-,-,-,-,2,-,-,-,,4,-50%,150%,2,1,100%,X,X,25%,10%,4,50%,3,-50%,150%,2
"Surathli, Goddess of Light",Azure Dream,52,,1,912.5,-,-,14,8,-,-,-,5,-,-,-,-,-,2,-,-,-,,4,-50%,150%,2,2,100%,X,X,25%,10%,4,50%,3,-50%,150%,2
"Surathli, Goddess of Light",Azure Dream,53,,1,912.5,-,-,14,8,-,-,-,5,-,-,-,-,-,2,-,-,-,,4,-50%,150%,2,2,100%,X,X,25%,20%,4,50%,3,-50%,150%,2
"Surathli, Goddess of Light",Azure Dream,54,,1,912.5,-,-,14,8,-,-,-,5,-,-,-,-,-,2,-,-,-,,4,-50%,150%,2,2,100%,X,X,25%,20%,4,60%,3,-50%,150%,2
"Surathli, Goddess of Light",Azure Dream,55,,1,912.5,-,-,14,8,-,-,-,5,-,-,-,-,-,2,-,-,-,,4,-50%,150%,2,2,100%,X,X,25%,20%,4,60%,3,-50%,150%,3
"Surathli, Goddess of Light",Azure Dream,56,,1,912.5,-,-,14,8,-,-,-,5,-,-,-,-,-,2,-,-,-,,4,-100%,150%,2,2,100%,X,X,25%,20%,4,60%,3,-50%,150%,3
"Surathli, Goddess of Light",Azure Dream,57,,1,912.5,-,-,14,8,-,-,-,5,-,-,-,-,-,2,-,-,-,,5,-100%,150%,2,2,100%,X,X,25%,20%,4,60%,3,-50%,150%,3
"Surathli, Goddess of Light",Azure Dream,58,,1,912.5,-,-,14,8,-,-,-,5,-,-,-,-,-,2,-,-,-,,5,-100%,150%,2,2,100%,X,X,25%,20%,4,70%,3,-50%,150%,3
"Surathli, Goddess of Light",Azure Dream,59,,1,912.5,-,-,14,8,-,-,-,5,-,-,-,-,-,2,-,-,-,,5,-100%,150%,2,2,100%,X,X,30%,20%,4,70%,3,-50%,150%,3
"Surathli, Goddess of Light",Azure Dream,60,,1,912.5,-,-,14,8,-,-,-,5,-,-,-,7,-,2,-,-,-,,5,-100%,150%,2,2,1,X,X,30%,20%,4,70%,3,-50%,150%,3
"Surathli, Goddess of Light",Azure Dream,61,,1,912.5,-,-,14,8,-,-,-,5,-,-,-,7,-,2,-,-,-,,5,-100%,150%,2,2,100%,X,X,30%,30%,4,70%,3,-50%,150%,3
"Surathli, Goddess of Light",Azure Dream,62,,1,912.5,-,-,14,8,-,-,-,5,-,-,-,7,-,2,-,-,-,,5,-100%,150%,2,2,100%,X,X,30%,30%,4,80%,3,-50%,150%,3
"Surathli, Goddess of Light",Azure Dream,63,,1,912.5,-,-,14,8,-,-,-,5,-,-,-,7,-,2,-,-,-,,5,-100%,150%,2,2,100%,X,X,35%,30%,4,80%,3,-50%,150%,3
"Surathli, Goddess of Light",Azure Dream,64,,1,912.5,-,-,14,8,-,-,-,5,-,-,-,7,-,2,-,-,-,,5,-100%,150%,2,2,100%,X,X,35%,40%,4,80%,3,-50%,150%,3
"Surathli, Goddess of Light",Azure Dream,65,,1,912.5,-,-,14,8,-,-,-,5,-,-,-,7,-,2,-,-,-,,5,-100%,150%,2,2,100%,X,X,35%,40%,4,80%,3,-50%,200%,3
"Surathli, Goddess of Light",Azure Dream,66,,1,912.5,-,-,14,8,-,-,-,5,-,-,-,7,-,2,-,-,-,,5,-100%,150%,2,2,100%,X,X,35%,40%,4,80%,3,-100%,200%,3
"Surathli, Goddess of Light",Azure Dream,67,,1,912.5,-,-,14,8,-,-,-,5,-,-,-,7,-,2,-,-,-,,5,-100%,150%,2,2,100%,X,X,35%,40%,4,90%,3,-100%,200%,3
"Surathli, Goddess of Light",Azure Dream,68,,1,912.5,-,-,14,8,-,-,-,5,-,-,-,7,-,2,-,-,-,,5,-100%,150%,2,2,100%,X,X,35%,50%,4,90%,3,-100%,200%,3
"Surathli, Goddess of Light",Azure Dream,69,,1,912.5,-,-,14,8,-,-,-,5,-,-,-,7,-,2,-,-,-,,5,-100%,150%,2,2,100%,X,X,40%,50%,4,90%,3,-100%,200%,3
"Surathli, Goddess of Light",Azure Dream,70,,1,912.5,-,-,14,10,-,-,-,5,-,-,-,7,-,2,-,-,-,,5,-100%,150%,2,2,1,X,X,40%,50%,4,90%,3,-100%,200%,3
"Surathli, Goddess of Light",Azure Dream,71,,1,912.5,-,-,14,10,-,-,-,5,-,-,-,7,-,2,-,-,-,,5,-100%,150%,2,2,100%,X,X,40%,50%,4,100%,3,-100%,200%,3
"Surathli, Goddess of Light",Azure Dream,72,,1,912.5,-,-,14,10,-,-,-,5,-,-,-,7,-,2,-,-,-,,5,-100%,150%,2,2,100%,X,X,40%,60%,4,100%,3,-100%,200%,3
"Surathli, Goddess of Light",Azure Dream,73,,1,912.5,-,-,14,10,-,-,-,5,-,-,-,7,-,2,-,-,-,,5,-100%,150%,2,2,100%,X,X,45%,60%,4,100%,3,-100%,200%,3
"Surathli, Goddess of Light",Azure Dream,74,,1,912.5,-,-,14,10,-,-,-,5,-,-,-,7,-,2,-,-,-,,5,-100%,150%,2,2,100%,X,X,45%,70%,4,100%,3,-100%,200%,3
"Surathli, Goddess of Light",Azure Dream,75,,1,912.5,-,-,14,10,-,-,-,5,-,-,-,7,-,2,-,-,-,,5,-100%,150%,2,2,100%,X,X,45%,80%,4,100%,3,-100%,200%,3
"Surathli, Goddess of Light",Azure Dream,76,,1,912.5,-,-,14,10,-,-,-,5,-,-,-,7,-,2,-,-,-,,5,-100%,200%,2,2,100%,X,X,45%,80%,4,100%,3,-100%,200%,3
"Surathli, Goddess of Light",Azure Dream,77,,1,912.5,-,-,14,10,-,-,-,5,-,-,-,7,-,2,-,-,-,,5,-100%,200%,2,2,100%,X,X,45%,90%,4,100%,3,-100%,200%,3
"Surathli, Goddess of Light",Azure Dream,78,,1,912.5,-,-,14,10,-,-,-,5,-,-,-,7,-,2,-,-,-,,5,-100%,200%,2,2,100%,X,X,45%,90%,4,110%,3,-100%,200%,3
"Surathli, Goddess of Light",Azure Dream,79,,1,912.5,-,-,14,10,-,-,-,5,-,-,-,7,-,2,-,-,-,,5,-100%,200%,2,2,100%,X,X,50%,90%,4,110%,3,-100%,200%,3
"Surathli, Goddess of Light",Azure Dream,80,,1,987.5,-,-,16,10,-,-,-,5,-,-,-,7,-,2,-,-,-,,5,-100%,200%,2,2,1,X,X,50%,90%,4,110%,3,-100%,200%,3
"Surathli, Goddess of Light",Azure Dream,81,,1,987.5,-,-,16,10,-,-,-,5,-,-,-,7,-,2,-,-,-,,5,-100%,200%,2,2,100%,X,X,50%,100%,4,110%,3,-100%,200%,3
"Surathli, Goddess of Light",Azure Dream,82,,1,987.5,-,-,16,10,-,-,-,5,-,-,-,7,-,2,-,-,-,,5,-100%,200%,2,2,100%,X,X,50%,100%,4,120%,3,-100%,200%,3
"Surathli, Goddess of Light",Azure Dream,83,,1,987.5,-,-,16,10,-,-,-,5,-,-,-,7,-,2,-,-,-,,5,-100%,200%,2,2,100%,X,X,50%,110%,4,120%,3,-100%,200%,3
"Surathli, Goddess of Light",Azure Dream,84,,1,987.5,-,-,16,10,-,-,-,5,-,-,-,7,-,2,-,-,-,,5,-100%,200%,2,2,100%,X,X,55%,110%,4,120%,3,-100%,200%,3
"Surathli, Goddess of Light",Azure Dream,85,,1,987.5,-,-,16,10,-,-,-,5,-,-,-,7,-,2,-,-,-,,5,-100%,200%,2,2,100%,X,X,55%,110%,4,120%,3,-100%,250%,3
"Surathli, Goddess of Light",Azure Dream,86,,1,987.5,-,-,16,10,-,-,-,5,-,-,-,7,-,2,-,-,-,,5,-100%,200%,2,2,100%,X,X,60%,110%,4,120%,3,-100%,250%,3
"Surathli, Goddess of Light",Azure Dream,87,,1,987.5,-,-,16,10,-,-,-,5,-,-,-,7,-,2,-,-,-,,5,-100%,200%,2,2,100%,X,X,60%,110%,4,130%,3,-100%,250%,3
"Surathli, Goddess of Light",Azure Dream,88,,1,987.5,-,-,16,10,-,-,-,5,-,-,-,7,-,2,-,-,-,,5,-100%,200%,2,2,100%,X,X,65%,110%,4,130%,3,-100%,250%,3
"Surathli, Goddess of Light",Azure Dream,89,,1,987.5,-,-,16,10,-,-,-,5,-,-,-,7,-,2,-,-,-,,5,-100%,200%,2,2,100%,X,X,65%,120%,4,130%,3,-100%,250%,3
"Surathli, Goddess of Light",Azure Dream,90,,1,987.5,-,-,16,10,-,-,-,5,-,-,-,15,-,2,-,-,-,,5,-100%,200%,2,2,1,X,X,65%,120%,4,130%,3,-100%,250%,3
"Surathli, Goddess of Light",Azure Dream,91,,1,987.5,-,-,16,10,-,-,-,5,-,-,-,15,-,2,-,-,-,,5,-100%,200%,2,2,100%,X,X,65%,130%,4,130%,3,-100%,250%,3
"Surathli, Goddess of Light",Azure Dream,92,,1,987.5,-,-,16,10,-,-,-,5,-,-,-,15,-,2,-,-,-,,5,-100%,200%,2,2,100%,X,X,65%,130%,4,140%,3,-100%,250%,3
"Surathli, Goddess of Light",Azure Dream,93,,1,987.5,-,-,16,10,-,-,-,5,-,-,-,15,-,2,-,-,-,,5,-100%,200%,2,2,100%,X,X,70%,130%,4,140%,3,-100%,250%,3
"Surathli, Goddess of Light",Azure Dream,94,,1,987.5,-,-,16,10,-,-,-,5,-,-,-,15,-,2,-,-,-,,5,-100%,250%,2,2,100%,X,X,70%,130%,4,140%,3,-100%,250%,3
"Surathli, Goddess of Light",Azure Dream,95,,1,987.5,-,-,16,10,-,-,-,5,-,-,-,15,-,2,-,-,-,,5,-100%,250%,2,2,100%,X,X,70%,140%,4,140%,3,-100%,250%,3
"Surathli, Goddess of Light",Azure Dream,96,,1,987.5,-,-,16,10,-,-,-,5,-,-,-,15,-,2,-,-,-,,5,-100%,250%,2,2,100%,X,X,70%,140%,4,150%,3,-100%,250%,3
"Surathli, Goddess of Light",Azure Dream,97,,1,987.5,-,-,16,10,-,-,-,5,-,-,-,15,-,2,-,-,-,,5,-100%,250%,2,2,100%,X,X,75%,140%,4,150%,3,-100%,250%,3
"Surathli, Goddess of Light",Azure Dream,98,,1,987.5,-,-,16,10,-,-,-,5,-,-,-,15,-,2,-,-,-,,5,-100%,250%,2,2,100%,X,X,75%,150%,4,150%,3,-100%,250%,3
"Surathli, Goddess of Light",Azure Dream,99,,1,987.5,-,-,16,10,-,-,-,5,-,-,-,15,-,2,-,-,-,,5,-100%,250%,2,2,100%,X,X,80%,150%,4,150%,3,-100%,250%,3
"Surathli, Goddess of Light",Azure Dream,100,,1,987.5,-,-,16,10,-,-,-,5,-,-,-,15,-,2,5,-,-,,5,-100%,250%,2,2,1,X,X,80%,150%,4,150%,3,-100%,250%,3
"T'Mere M'rgo, God of Fusion",Amalgam Gardens,0,,-,400,-,-,-,8,-,-,-,3,3,-,-,-,-,-,-,-,-,,-,-,-,-,-,-,-,-,-,-,-,-,-,-,-,-
"T'Mere M'rgo, God of Fusion",Amalgam Gardens,1,,-,450,-,-,-,8,-,-,-,3,3,-,-,-,-,-,-,-,-,,-,-,-,-,-,-,-,-,-,-,-,-,-,-,-,-
"T'Mere M'rgo, God of Fusion",Amalgam Gardens,2,,-,450,-,-,-,8,-,-,-,3,3,-,-,-,-,-,-,-,-,,-,-,-,-,-,-,-,-,5%,-,-,-,-,-,-,-
"T'Mere M'rgo, God of Fusion",Amalgam Gardens,3,,-,550,-,-,-,8,-,-,-,3,3,-,-,-,-,-,-,-,-,,-,-,-,-,-,-,-,-,5%,-,-,-,-,-,-,-
"T'Mere M'rgo, God of Fusion",Amalgam Gardens,4,,-,550,-,-,-,8,-,-,-,3,3,-,-,-,-,-,-,-,-,,-,-,-,-,-,-,-,-,5%,-,-,10%,-,-,-,-
"T'Mere M'rgo, God of Fusion",Amalgam Gardens,5,,-,600,-,-,-,8,-,-,-,3,3,-,-,-,-,-,-,-,-,,-,-,-,-,-,-,-,-,5%,-,-,10%,-,-,-,-
"T'Mere M'rgo, God of Fusion",Amalgam Gardens,6,,-,600,-,-,-,8,-,-,-,3,3,-,-,-,-,-,-,-,-,,-,-,-,-,-,-,-,-,5%,-,-,10%,-,-,50%,-
"T'Mere M'rgo, God of Fusion",Amalgam Gardens,7,,-,700,-,-,-,8,-,-,-,3,3,-,-,-,-,-,-,-,-,,-,-,-,-,-,-,-,-,5%,-,-,10%,-,-,50%,-
"T'Mere M'rgo, God of Fusion",Amalgam Gardens,8,,-,700,-,-,-,8,-,-,-,3,3,-,-,-,-,-,-,-,-,,-,-,-,-,-,-,-,-,5%,-,-,10%,-,-,50%,1
"T'Mere M'rgo, God of Fusion",Amalgam Gardens,9,,-,700,-,-,-,8,-,-,-,3,3,-,-,-,-,-,-,-,-,,-,-,-,-,-,-,-,X,5%,-,-,10%,-,-,50%,1
"T'Mere M'rgo, God of Fusion",Amalgam Gardens,10,,-,700,-,3,-,8,-,-,-,3,3,-,-,-,-,-,-,-,-,,-,-,-,-,-,-,-,X,5%,-,-,10%,-,-,50%,1
"T'Mere M'rgo, God of Fusion",Amalgam Gardens,11,,-,700,-,3,-,8,-,-,-,3,3,-,-,-,-,-,-,-,-,,-,-,-,1,-,-,-,X,5%,-,-,10%,-,-,50%,1
"T'Mere M'rgo, God of Fusion",Amalgam Gardens,12,,-,700,-,3,-,8,-,-,-,3,3,-,-,-,-,-,-,-,-,,-,-,50%,1,-,-,-,X,5%,-,-,10%,-,-,50%,1
"T'Mere M'rgo, God of Fusion",Amalgam Gardens,13,,-,700,-,3,-,8,-,-,-,3,3,-,-,-,-,-,-,-,-,,-,-,50%,1,-,-,-,X,5%,-,-,10%,1,-,50%,1
"T'Mere M'rgo, God of Fusion",Amalgam Gardens,14,,-,700,-,3,-,8,-,-,-,3,3,-,-,-,-,-,-,-,-,,-,-,50%,1,-,-,-,X,5%,-,1,10%,1,-,50%,1
"T'Mere M'rgo, God of Fusion",Amalgam Gardens,15,,-,700,-,3,3,8,-,-,-,3,3,-,-,-,-,-,-,-,-,,-,-,50%,1,-,-,-,X,5%,-,1,10%,1,-,50%,1
"T'Mere M'rgo, God of Fusion",Amalgam Gardens,16,,-,700,-,3,3,8,-,-,-,3,3,-,-,-,-,-,-,-,-,,-,-,50%,1,-,-,X,X,5%,-,1,10%,1,-,50%,1
"T'Mere M'rgo, God of Fusion",Amalgam Gardens,17,,-,700,-,3,3,8,-,-,-,3,3,-,-,-,-,-,-,-,-,,1,-,50%,1,-,-,X,X,5%,-,1,10%,1,-,50%,1
"T'Mere M'rgo, God of Fusion",Amalgam Gardens,18,,-,700,-,3,3,8,-,-,-,3,3,-,-,-,-,-,-,-,-,,1,-,50%,1,-,-,X,X,5%,-,1,20%,1,-,50%,1
"T'Mere M'rgo, God of Fusion",Amalgam Gardens,19,,-,700,-,3,3,8,-,-,-,3,3,-,-,-,-,-,-,-,-,,1,-,50%,1,-,-,X,X,10%,-,1,20%,1,-,50%,1
"T'Mere M'rgo, God of Fusion",Amalgam Gardens,20,,0.7,700,-,3,3,8,-,-,-,3,3,-,-,-,-,-,-,-,-,,1,-,50%,1,-,-,X,X,10%,-,1,20%,1,-,50%,1
"T'Mere M'rgo, God of Fusion",Amalgam Gardens,21,,0.7,700,-,3,3,8,-,-,-,3,3,-,-,-,-,-,-,-,-,,1,-,50%,1,-,-,X,X,10%,-,1,20%,1,-,100%,1
"T'Mere M'rgo, God of Fusion",Amalgam Gardens,22,,0.7,700,-,3,3,8,-,-,-,3,3,-,-,-,-,-,-,-,-,,1,-,50%,1,-,-,X,X,10%,-,1,20%,2,-,100%,1
"T'Mere M'rgo, God of Fusion",Amalgam Gardens,23,,0.7,700,-,3,3,8,-,-,-,3,3,-,-,-,-,-,-,-,-,,1,-,50%,1,-,-,X,X,10%,-,2,20%,2,-,100%,1
"T'Mere M'rgo, God of Fusion",Amalgam Gardens,24,,0.7,700,-,3,3,8,-,-,-,3,3,-,-,-,-,-,-,-,-,,1,-,50%,2,-,-,X,X,10%,-,2,20%,2,-,100%,1
"T'Mere M'rgo, God of Fusion",Amalgam Gardens,25,,0.7,700,-,3,3,8,-,-,-,3,3,-,-,8,-,-,-,-,-,,1,-,50%,2,-,-,X,X,10%,-,2,20%,2,-,100%,1
"T'Mere M'rgo, God of Fusion",Amalgam Gardens,26,,0.7,700,-,3,3,8,-,-,-,3,3,-,-,8,-,-,-,-,-,,1,-50%,50%,2,-,-,X,X,10%,-,2,20%,2,-,100%,1
"T'Mere M'rgo, God of Fusion",Amalgam Gardens,27,,0.7,700,-,3,3,8,-,-,-,3,3,-,-,8,-,-,-,-,-,,1,-50%,100%,2,-,-,X,X,10%,-,2,20%,2,-,100%,1
"T'Mere M'rgo, God of Fusion",Amalgam Gardens,28,,0.7,700,-,3,3,8,-,-,-,3,3,-,-,8,-,-,-,-,-,,1,-50%,100%,2,-,-,X,X,10%,-,2,20%,3,-,100%,1
"T'Mere M'rgo, God of Fusion",Amalgam Gardens,29,,0.7,700,-,3,3,8,-,-,-,3,3,-,-,8,-,-,-,-,-,,1,-50%,100%,2,-,-,X,X,15%,-,2,20%,3,-,100%,1
"T'Mere M'rgo, God of Fusion",Amalgam Gardens,30,,0.7,700,-,3,3,10,-,-,-,3,3,-,-,8,-,-,-,-,-,,1,-50%,100%,2,-,-,X,X,15%,-,2,20%,3,-,100%,1
"T'Mere M'rgo, God of Fusion",Amalgam Gardens,31,,0.7,700,-,3,3,10,-,-,-,3,3,-,-,8,-,-,-,-,-,,1,-50%,100%,2,-,-,X,X,15%,-,2,20%,3,-,100%,2
"T'Mere M'rgo, God of Fusion",Amalgam Gardens,32,,0.7,700,-,3,3,10,-,-,-,3,3,-,-,8,-,-,-,-,-,,1,-50%,100%,2,-,-,X,X,15%,-,2,20%,3,-50%,100%,2
"T'Mere M'rgo, God of Fusion",Amalgam Gardens,33,,0.7,700,-,3,3,10,-,-,-,3,3,-,-,8,-,-,-,-,-,,1,-50%,100%,2,1,-,X,X,15%,-,2,20%,3,-50%,100%,2
"T'Mere M'rgo, God of Fusion",Amalgam Gardens,34,,0.7,700,-,3,3,10,-,-,-,3,3,-,-,8,-,-,-,-,-,,1,-50%,100%,2,1,-,X,X,15%,-,3,20%,3,-50%,100%,2
"T'Mere M'rgo, God of Fusion",Amalgam Gardens,35,,1.7,700,-,3,3,10,-,-,-,3,3,-,-,8,-,-,-,-,-,,1,-50%,100%,2,1,-,X,X,15%,-,3,20%,3,-50%,100%,2
"T'Mere M'rgo, God of Fusion",Amalgam Gardens,36,,1.7,700,-,3,3,10,-,-,-,3,3,-,-,8,-,-,-,-,-,,2,-50%,100%,2,1,-,X,X,15%,-,3,20%,3,-50%,100%,2
"T'Mere M'rgo, God of Fusion",Amalgam Gardens,37,,1.7,700,-,3,3,10,-,-,-,3,3,-,-,8,-,-,-,-,-,,2,-50%,100%,2,1,-,X,X,15%,-,3,30%,3,-50%,100%,2
"T'Mere M'rgo, God of Fusion",Amalgam Gardens,38,,1.7,700,-,3,3,10,-,-,-,3,3,-,-,8,-,-,-,-,-,,2,-50%,100%,2,1,-,X,X,15%,-,3,30%,3,-50%,150%,2
"T'Mere M'rgo, God of Fusion",Amalgam Gardens,39,,1.7,700,-,3,3,10,-,-,-,3,3,-,-,8,-,-,-,-,-,,2,-50%,100%,2,1,-,X,X,15%,-,4,30%,3,-50%,150%,2
"T'Mere M'rgo, God of Fusion",Amalgam Gardens,40,,1.7,700,-,4,3,10,-,-,-,3,4,-,-,8,-,-,-,-,-,,2,-50%,100%,2,1,-,X,X,15%,-,4,30%,3,-50%,150%,2
"T'Mere M'rgo, God of Fusion",Amalgam Gardens,41,,1.7,700,-,4,3,10,-,-,-,3,4,-,-,8,-,-,-,-,-,,3,-50%,100%,2,1,-,X,X,15%,-,4,30%,3,-50%,150%,2
"T'Mere M'rgo, God of Fusion",Amalgam Gardens,42,,1.7,700,-,4,3,10,-,-,-,3,4,-,-,8,-,-,-,-,-,,3,-50%,100%,2,1,100%,X,X,15%,-,4,30%,3,-50%,150%,2
"T'Mere M'rgo, God of Fusion",Amalgam Gardens,43,,1.7,700,-,4,3,10,-,-,-,3,4,-,-,8,-,-,-,-,-,,3,-50%,100%,2,1,100%,X,X,15%,-,4,40%,3,-50%,150%,2
"T'Mere M'rgo, God of Fusion",Amalgam Gardens,44,,1.7,700,-,4,3,10,-,-,-,3,4,-,-,8,-,-,-,-,-,,3,-50%,100%,2,1,100%,X,X,20%,-,4,40%,3,-50%,150%,2
"T'Mere M'rgo, God of Fusion",Amalgam Gardens,45,,1.7,700,-,4,4,10,-,-,-,4,4,-,-,8,-,-,-,-,-,,3,-50%,100%,2,1,1,X,X,20%,-,4,40%,3,-50%,150%,2
"T'Mere M'rgo, God of Fusion",Amalgam Gardens,46,,1.7,700,-,4,4,10,-,-,-,4,4,-,-,8,-,-,-,-,-,,3,-50%,100%,2,1,100%,X,X,20%,10%,4,40%,3,-50%,150%,2
"T'Mere M'rgo, God of Fusion",Amalgam Gardens,47,,1.7,700,-,4,4,10,-,-,-,4,4,-,-,8,-,-,-,-,-,,3,-50%,150%,2,1,100%,X,X,20%,10%,4,40%,3,-50%,150%,2
"T'Mere M'rgo, God of Fusion",Amalgam Gardens,48,,1.7,700,-,4,4,10,-,-,-,4,4,-,-,8,-,-,-,-,-,,4,-50%,150%,2,1,100%,X,X,20%,10%,4,40%,3,-50%,150%,2
"T'Mere M'rgo, God of Fusion",Amalgam Gardens,49,,1.7,700,-,4,4,10,-,-,-,4,4,-,-,8,-,-,-,-,-,,4,-50%,150%,2,1,100%,X,X,20%,10%,4,50%,3,-50%,150%,2
"T'Mere M'rgo, God of Fusion",Amalgam Gardens,50,,1.7,700,-,4,4,10,-,2,-,4,4,-,-,8,-,-,-,-,-,,4,-50%,150%,2,1,1,X,X,20%,10%,4,50%,3,-50%,150%,2
"T'Mere M'rgo, God of Fusion",Amalgam Gardens,51,,1.7,700,-,4,4,10,-,2,-,4,4,-,-,8,-,-,-,-,-,,4,-50%,150%,2,1,100%,X,X,25%,10%,4,50%,3,-50%,150%,2
"T'Mere M'rgo, God of Fusion",Amalgam Gardens,52,,1.7,700,-,4,4,10,-,2,-,4,4,-,-,8,-,-,-,-,-,,4,-50%,150%,2,2,100%,X,X,25%,10%,4,50%,3,-50%,150%,2
"T'Mere M'rgo, God of Fusion",Amalgam Gardens,53,,1.7,700,-,4,4,10,-,2,-,4,4,-,-,8,-,-,-,-,-,,4,-50%,150%,2,2,100%,X,X,25%,20%,4,50%,3,-50%,150%,2
"T'Mere M'rgo, God of Fusion",Amalgam Gardens,54,,1.7,700,-,4,4,10,-,2,-,4,4,-,-,8,-,-,-,-,-,,4,-50%,150%,2,2,100%,X,X,25%,20%,4,60%,3,-50%,150%,2
"T'Mere M'rgo, God of Fusion",Amalgam Gardens,55,,1.7,700,-,4,4,10,-,2,-,4,4,-,-,8,-,-,-,-,-,,4,-50%,150%,2,2,100%,X,X,25%,20%,4,60%,3,-50%,150%,3
"T'Mere M'rgo, God of Fusion",Amalgam Gardens,56,,1.7,700,-,4,4,10,-,2,-,4,4,-,-,8,-,-,-,-,-,,4,-100%,150%,2,2,100%,X,X,25%,20%,4,60%,3,-50%,150%,3
"T'Mere M'rgo, God of Fusion",Amalgam Gardens,57,,1.7,700,-,4,4,10,-,2,-,4,4,-,-,8,-,-,-,-,-,,5,-100%,150%,2,2,100%,X,X,25%,20%,4,60%,3,-50%,150%,3
"T'Mere M'rgo, God of Fusion",Amalgam Gardens,58,,1.7,700,-,4,4,10,-,2,-,4,4,-,-,8,-,-,-,-,-,,5,-100%,150%,2,2,100%,X,X,25%,20%,4,70%,3,-50%,150%,3
"T'Mere M'rgo, God of Fusion",Amalgam Gardens,59,,1.7,700,-,4,4,10,-,2,-,4,4,-,-,8,-,-,-,-,-,,5,-100%,150%,2,2,100%,X,X,30%,20%,4,70%,3,-50%,150%,3
"T'Mere M'rgo, God of Fusion",Amalgam Gardens,60,,1.7,700,-,4,4,10,-,2,-,4,4,-,-,8,-,8,-,-,-,,5,-100%,150%,2,2,1,X,X,30%,20%,4,70%,3,-50%,150%,3
"T'Mere M'rgo, God of Fusion",Amalgam Gardens,61,,1.7,700,-,4,4,10,-,2,-,4,4,-,-,8,-,8,-,-,-,,5,-100%,150%,2,2,100%,X,X,30%,30%,4,70%,3,-50%,150%,3
"T'Mere M'rgo, God of Fusion",Amalgam Gardens,62,,1.7,700,-,4,4,10,-,2,-,4,4,-,-,8,-,8,-,-,-,,5,-100%,150%,2,2,100%,X,X,30%,30%,4,80%,3,-50%,150%,3
"T'Mere M'rgo, God of Fusion",Amalgam Gardens,63,,1.7,700,-,4,4,10,-,2,-,4,4,-,-,8,-,8,-,-,-,,5,-100%,150%,2,2,100%,X,X,35%,30%,4,80%,3,-50%,150%,3
"T'Mere M'rgo, God of Fusion",Amalgam Gardens,64,,1.7,700,-,4,4,10,-,2,-,4,4,-,-,8,-,8,-,-,-,,5,-100%,150%,2,2,100%,X,X,35%,40%,4,80%,3,-50%,150%,3
"T'Mere M'rgo, God of Fusion",Amalgam Gardens,65,,1.7,700,-,4,4,10,-,2,-,4,4,-,-,8,-,8,-,-,-,,5,-100%,150%,2,2,100%,X,X,35%,40%,4,80%,3,-50%,200%,3
"T'Mere M'rgo, God of Fusion",Amalgam Gardens,66,,1.7,700,-,4,4,10,-,2,-,4,4,-,-,8,-,8,-,-,-,,5,-100%,150%,2,2,100%,X,X,35%,40%,4,80%,3,-100%,200%,3
"T'Mere M'rgo, God of Fusion",Amalgam Gardens,67,,1.7,700,-,4,4,10,-,2,-,4,4,-,-,8,-,8,-,-,-,,5,-100%,150%,2,2,100%,X,X,35%,40%,4,90%,3,-100%,200%,3
"T'Mere M'rgo, God of Fusion",Amalgam Gardens,68,,1.7,700,-,4,4,10,-,2,-,4,4,-,-,8,-,8,-,-,-,,5,-100%,150%,2,2,100%,X,X,35%,50%,4,90%,3,-100%,200%,3
"T'Mere M'rgo, God of Fusion",Amalgam Gardens,69,,1.7,700,-,4,4,10,-,2,-,4,4,-,-,8,-,8,-,-,-,,5,-100%,150%,2,2,100%,X,X,40%,50%,4,90%,3,-100%,200%,3
"T'Mere M'rgo, God of Fusion",Amalgam Gardens,70,,1.7,700,-,4,4,10,-,2,-,4,4,-,-,8,-,10,-,-,-,,5,-100%,150%,2,2,1,X,X,40%,50%,4,90%,3,-100%,200%,3
"T'Mere M'rgo, God of Fusion",Amalgam Gardens,71,,1.7,700,-,4,4,10,-,2,-,4,4,-,-,8,-,10,-,-,-,,5,-100%,150%,2,2,100%,X,X,40%,50%,4,100%,3,-100%,200%,3
"T'Mere M'rgo, God of Fusion",Amalgam Gardens,72,,1.7,700,-,4,4,10,-,2,-,4,4,-,-,8,-,10,-,-,-,,5,-100%,150%,2,2,100%,X,X,40%,60%,4,100%,3,-100%,200%,3
"T'Mere M'rgo, God of Fusion",Amalgam Gardens,73,,1.7,700,-,4,4,10,-,2,-,4,4,-,-,8,-,10,-,-,-,,5,-100%,150%,2,2,100%,X,X,45%,60%,4,100%,3,-100%,200%,3
"T'Mere M'rgo, God of Fusion",Amalgam Gardens,74,,1.7,700,-,4,4,10,-,2,-,4,4,-,-,8,-,10,-,-,-,,5,-100%,150%,2,2,100%,X,X,45%,70%,4,100%,3,-100%,200%,3
"T'Mere M'rgo, God of Fusion",Amalgam Gardens,75,,1.7,700,-,4,4,10,-,2,-,4,4,-,-,8,-,10,-,-,-,,5,-100%,150%,2,2,100%,X,X,45%,80%,4,100%,3,-100%,200%,3
"T'Mere M'rgo, God of Fusion",Amalgam Gardens,76,,1.7,700,-,4,4,10,-,2,-,4,4,-,-,8,-,10,-,-,-,,5,-100%,200%,2,2,100%,X,X,45%,80%,4,100%,3,-100%,200%,3
"T'Mere M'rgo, God of Fusion",Amalgam Gardens,77,,1.7,700,-,4,4,10,-,2,-,4,4,-,-,8,-,10,-,-,-,,5,-100%,200%,2,2,100%,X,X,45%,90%,4,100%,3,-100%,200%,3
"T'Mere M'rgo, God of Fusion",Amalgam Gardens,78,,1.7,700,-,4,4,10,-,2,-,4,4,-,-,8,-,10,-,-,-,,5,-100%,200%,2,2,100%,X,X,45%,90%,4,110%,3,-100%,200%,3
"T'Mere M'rgo, God of Fusion",Amalgam Gardens,79,,1.7,700,-,4,4,10,-,2,-,4,4,-,-,8,-,10,-,-,-,,5,-100%,200%,2,2,100%,X,X,50%,90%,4,110%,3,-100%,200%,3
"T'Mere M'rgo, God of Fusion",Amalgam Gardens,80,,1.7,700,-,4,4,12,-,2,-,4,4,-,-,8,-,10,-,-,-,,5,-100%,200%,2,2,1,X,X,50%,90%,4,110%,3,-100%,200%,3
"T'Mere M'rgo, God of Fusion",Amalgam Gardens,81,,1.7,700,-,4,4,12,-,2,-,4,4,-,-,8,-,10,-,-,-,,5,-100%,200%,2,2,100%,X,X,50%,100%,4,110%,3,-100%,200%,3
"T'Mere M'rgo, God of Fusion",Amalgam Gardens,82,,1.7,700,-,4,4,12,-,2,-,4,4,-,-,8,-,10,-,-,-,,5,-100%,200%,2,2,100%,X,X,50%,100%,4,120%,3,-100%,200%,3
"T'Mere M'rgo, God of Fusion",Amalgam Gardens,83,,1.7,700,-,4,4,12,-,2,-,4,4,-,-,8,-,10,-,-,-,,5,-100%,200%,2,2,100%,X,X,50%,110%,4,120%,3,-100%,200%,3
"T'Mere M'rgo, God of Fusion",Amalgam Gardens,84,,1.7,700,-,4,4,12,-,2,-,4,4,-,-,8,-,10,-,-,-,,5,-100%,200%,2,2,100%,X,X,55%,110%,4,120%,3,-100%,200%,3
"T'Mere M'rgo, God of Fusion",Amalgam Gardens,85,,1.7,700,-,4,4,12,-,2,-,4,4,-,-,8,-,10,-,-,-,,5,-100%,200%,2,2,100%,X,X,55%,110%,4,120%,3,-100%,250%,3
"T'Mere M'rgo, God of Fusion",Amalgam Gardens,86,,1.7,700,-,4,4,12,-,2,-,4,4,-,-,8,-,10,-,-,-,,5,-100%,200%,2,2,100%,X,X,60%,110%,4,120%,3,-100%,250%,3
"T'Mere M'rgo, God of Fusion",Amalgam Gardens,87,,1.7,700,-,4,4,12,-,2,-,4,4,-,-,8,-,10,-,-,-,,5,-100%,200%,2,2,100%,X,X,60%,110%,4,130%,3,-100%,250%,3
"T'Mere M'rgo, God of Fusion",Amalgam Gardens,88,,1.7,700,-,4,4,12,-,2,-,4,4,-,-,8,-,10,-,-,-,,5,-100%,200%,2,2,100%,X,X,65%,110%,4,130%,3,-100%,250%,3
"T'Mere M'rgo, God of Fusion",Amalgam Gardens,89,,1.7,700,-,4,4,12,-,2,-,4,4,-,-,8,-,10,-,-,-,,5,-100%,200%,2,2,100%,X,X,65%,120%,4,130%,3,-100%,250%,3
"T'Mere M'rgo, God of Fusion",Amalgam Gardens,90,,1.7,700,-,4,4,12,-,2,-,4,4,-,-,8,-,14,-,-,-,,5,-100%,200%,2,2,1,X,X,65%,120%,4,130%,3,-100%,250%,3
"T'Mere M'rgo, God of Fusion",Amalgam Gardens,91,,1.7,700,-,4,4,12,-,2,-,4,4,-,-,8,-,14,-,-,-,,5,-100%,200%,2,2,100%,X,X,65%,130%,4,130%,3,-100%,250%,3
"T'Mere M'rgo, God of Fusion",Amalgam Gardens,92,,1.7,700,-,4,4,12,-,2,-,4,4,-,-,8,-,14,-,-,-,,5,-100%,200%,2,2,100%,X,X,65%,130%,4,140%,3,-100%,250%,3
"T'Mere M'rgo, God of Fusion",Amalgam Gardens,93,,1.7,700,-,4,4,12,-,2,-,4,4,-,-,8,-,14,-,-,-,,5,-100%,200%,2,2,100%,X,X,70%,130%,4,140%,3,-100%,250%,3
"T'Mere M'rgo, God of Fusion",Amalgam Gardens,94,,1.7,700,-,4,4,12,-,2,-,4,4,-,-,8,-,14,-,-,-,,5,-100%,250%,2,2,100%,X,X,70%,130%,4,140%,3,-100%,250%,3
"T'Mere M'rgo, God of Fusion",Amalgam Gardens,95,,1.7,700,-,4,4,12,-,2,-,4,4,-,-,8,-,14,-,-,-,,5,-100%,250%,2,2,100%,X,X,70%,140%,4,140%,3,-100%,250%,3
"T'Mere M'rgo, God of Fusion",Amalgam Gardens,96,,1.7,700,-,4,4,12,-,2,-,4,4,-,-,8,-,14,-,-,-,,5,-100%,250%,2,2,100%,X,X,70%,140%,4,150%,3,-100%,250%,3
"T'Mere M'rgo, God of Fusion",Amalgam Gardens,97,,1.7,700,-,4,4,12,-,2,-,4,4,-,-,8,-,14,-,-,-,,5,-100%,250%,2,2,100%,X,X,75%,140%,4,150%,3,-100%,250%,3
"T'Mere M'rgo, God of Fusion",Amalgam Gardens,98,,1.7,700,-,4,4,12,-,2,-,4,4,-,-,8,-,14,-,-,-,,5,-100%,250%,2,2,100%,X,X,75%,150%,4,150%,3,-100%,250%,3
"T'Mere M'rgo, God of Fusion",Amalgam Gardens,99,,1.7,700,-,4,4,12,-,2,-,4,4,-,-,8,-,14,-,-,-,,5,-100%,250%,2,2,100%,X,X,80%,150%,4,150%,3,-100%,250%,3
"T'Mere M'rgo, God of Fusion",Amalgam Gardens,100,,1.7,700,-,4,4,12,-,2,-,4,4,-,-,8,4,14,-,-,-,,5,-100%,250%,2,2,1,X,X,80%,150%,4,150%,3,-100%,250%,3
"Tartarith, God of Punishment",Torture Chamber,0,,-,225,-,5,-,5,-,-,-,3,-,-,-,5,-,-,-,-,-,,-,-,-,-,-,-,-,-,-,-,-,-,-,-,-,-
"Tartarith, God of Punishment",Torture Chamber,1,,-,225,-,5,-,7.5,-,-,-,3,-,-,-,5,-,-,-,-,-,,-,-,-,-,-,-,-,-,-,-,-,-,-,-,-,-
"Tartarith, God of Punishment",Torture Chamber,2,,-,225,-,5,-,7.5,-,-,-,3,-,-,-,5,-,-,-,-,-,,-,-,-,-,-,-,-,-,5%,-,-,-,-,-,-,-
"Tartarith, God of Punishment",Torture Chamber,3,,-,285,-,5,-,7.5,-,-,-,3,-,-,-,5,-,-,-,-,-,,-,-,-,-,-,-,-,-,5%,-,-,-,-,-,-,-
"Tartarith, God of Punishment",Torture Chamber,4,,-,285,-,5,-,7.5,-,-,-,3,-,-,-,5,-,-,-,-,-,,-,-,-,-,-,-,-,-,5%,-,-,10%,-,-,-,-
"Tartarith, God of Punishment",Torture Chamber,5,,-,285,-,5,-,9.5,-,-,-,3,-,-,-,5,-,-,-,-,-,,-,-,-,-,-,-,-,-,5%,-,-,10%,-,-,-,-
"Tartarith, God of Punishment",Torture Chamber,6,,-,285,-,5,-,9.5,-,-,-,3,-,-,-,5,-,-,-,-,-,,-,-,-,-,-,-,-,-,5%,-,-,10%,-,-,50%,-
"Tartarith, God of Punishment",Torture Chamber,7,,-,285,-,10,-,9.5,-,-,-,3,-,-,-,5,-,-,-,-,-,,-,-,-,-,-,-,-,-,5%,-,-,10%,-,-,50%,-
"Tartarith, God of Punishment",Torture Chamber,8,,-,285,-,10,-,9.5,-,-,-,3,-,-,-,5,-,-,-,-,-,,-,-,-,-,-,-,-,-,5%,-,-,10%,-,-,50%,1
"Tartarith, God of Punishment",Torture Chamber,9,,-,285,-,10,-,9.5,-,-,-,3,-,-,-,5,-,-,-,-,-,,-,-,-,-,-,-,-,X,5%,-,-,10%,-,-,50%,1
"Tartarith, God of Punishment",Torture Chamber,10,,-,285,-,10,-,9.5,-,-,-,3,-,-,5,5,-,-,-,-,-,,-,-,-,-,-,-,-,X,5%,-,-,10%,-,-,50%,1
"Tartarith, God of Punishment",Torture Chamber,11,,-,285,-,10,-,9.5,-,-,-,3,-,-,5,5,-,-,-,-,-,,-,-,-,1,-,-,-,X,5%,-,-,10%,-,-,50%,1
"Tartarith, God of Punishment",Torture Chamber,12,,-,285,-,10,-,9.5,-,-,-,3,-,-,5,5,-,-,-,-,-,,-,-,50%,1,-,-,-,X,5%,-,-,10%,-,-,50%,1
"Tartarith, God of Punishment",Torture Chamber,13,,-,285,-,10,-,9.5,-,-,-,3,-,-,5,5,-,-,-,-,-,,-,-,50%,1,-,-,-,X,5%,-,-,10%,1,-,50%,1
"Tartarith, God of Punishment",Torture Chamber,14,,-,285,-,10,-,9.5,-,-,-,3,-,-,5,5,-,-,-,-,-,,-,-,50%,1,-,-,-,X,5%,-,1,10%,1,-,50%,1
"Tartarith, God of Punishment",Torture Chamber,15,,-,285,-,10,-,9.5,-,-,-,3,3,-,5,5,-,-,-,-,-,,-,-,50%,1,-,-,-,X,5%,-,1,10%,1,-,50%,1
"Tartarith, God of Punishment",Torture Chamber,16,,-,285,-,10,-,9.5,-,-,-,3,3,-,5,5,-,-,-,-,-,,-,-,50%,1,-,-,X,X,5%,-,1,10%,1,-,50%,1
"Tartarith, God of Punishment",Torture Chamber,17,,-,285,-,10,-,9.5,-,-,-,3,3,-,5,5,-,-,-,-,-,,1,-,50%,1,-,-,X,X,5%,-,1,10%,1,-,50%,1
"Tartarith, God of Punishment",Torture Chamber,18,,-,285,-,10,-,9.5,-,-,-,3,3,-,5,5,-,-,-,-,-,,1,-,50%,1,-,-,X,X,5%,-,1,20%,1,-,50%,1
"Tartarith, God of Punishment",Torture Chamber,19,,-,285,-,10,-,9.5,-,-,-,3,3,-,5,5,-,-,-,-,-,,1,-,50%,1,-,-,X,X,10%,-,1,20%,1,-,50%,1
"Tartarith, God of Punishment",Torture Chamber,20,,1.25,285,-,10,-,9.5,-,-,-,3,3,-,5,5,-,-,-,-,-,,1,-,50%,1,-,-,X,X,10%,-,1,20%,1,-,50%,1
"Tartarith, God of Punishment",Torture Chamber,21,,1.25,285,-,10,-,9.5,-,-,-,3,3,-,5,5,-,-,-,-,-,,1,-,50%,1,-,-,X,X,10%,-,1,20%,1,-,100%,1
"Tartarith, God of Punishment",Torture Chamber,22,,1.25,285,-,10,-,9.5,-,-,-,3,3,-,5,5,-,-,-,-,-,,1,-,50%,1,-,-,X,X,10%,-,1,20%,2,-,100%,1
"Tartarith, God of Punishment",Torture Chamber,23,,1.25,285,-,10,-,9.5,-,-,-,3,3,-,5,5,-,-,-,-,-,,1,-,50%,1,-,-,X,X,10%,-,2,20%,2,-,100%,1
"Tartarith, God of Punishment",Torture Chamber,24,,1.25,285,-,10,-,9.5,-,-,-,3,3,-,5,5,-,-,-,-,-,,1,-,50%,2,-,-,X,X,10%,-,2,20%,2,-,100%,1
"Tartarith, God of Punishment",Torture Chamber,25,,1.25,285,-,10,-,14.5,-,-,-,3,3,-,5,5,-,-,-,-,-,,1,-,50%,2,-,-,X,X,10%,-,2,20%,2,-,100%,1
"Tartarith, God of Punishment",Torture Chamber,26,,1.25,285,-,10,-,14.5,-,-,-,3,3,-,5,5,-,-,-,-,-,,1,-50%,50%,2,-,-,X,X,10%,-,2,20%,2,-,100%,1
"Tartarith, God of Punishment",Torture Chamber,27,,1.25,285,-,10,-,14.5,-,-,-,3,3,-,5,5,-,-,-,-,-,,1,-50%,100%,2,-,-,X,X,10%,-,2,20%,2,-,100%,1
"Tartarith, God of Punishment",Torture Chamber,28,,1.25,285,-,10,-,14.5,-,-,-,3,3,-,5,5,-,-,-,-,-,,1,-50%,100%,2,-,-,X,X,10%,-,2,20%,3,-,100%,1
"Tartarith, God of Punishment",Torture Chamber,29,,1.25,285,-,10,-,14.5,-,-,-,3,3,-,5,5,-,-,-,-,-,,1,-50%,100%,2,-,-,X,X,15%,-,2,20%,3,-,100%,1
"Tartarith, God of Punishment",Torture Chamber,30,,1.75,285,-,10,-,14.5,-,-,-,3,3,-,5,5,-,-,-,-,-,,1,-50%,100%,2,-,-,X,X,15%,-,2,20%,3,-,100%,1
"Tartarith, God of Punishment",Torture Chamber,31,,1.75,285,-,10,-,14.5,-,-,-,3,3,-,5,5,-,-,-,-,-,,1,-50%,100%,2,-,-,X,X,15%,-,2,20%,3,-,100%,2
"Tartarith, God of Punishment",Torture Chamber,32,,1.75,285,-,10,-,14.5,-,-,-,3,3,-,5,5,-,-,-,-,-,,1,-50%,100%,2,-,-,X,X,15%,-,2,20%,3,-50%,100%,2
"Tartarith, God of Punishment",Torture Chamber,33,,1.75,285,-,10,-,14.5,-,-,-,3,3,-,5,5,-,-,-,-,-,,1,-50%,100%,2,1,-,X,X,15%,-,2,20%,3,-50%,100%,2
"Tartarith, God of Punishment",Torture Chamber,34,,1.75,285,-,10,-,14.5,-,-,-,3,3,-,5,5,-,-,-,-,-,,1,-50%,100%,2,1,-,X,X,15%,-,3,20%,3,-50%,100%,2
"Tartarith, God of Punishment",Torture Chamber,35,,1.75,285,-,15,-,14.5,-,-,-,3,3,-,5,5,-,-,-,-,-,,1,-50%,100%,2,1,-,X,X,15%,-,3,20%,3,-50%,100%,2
"Tartarith, God of Punishment",Torture Chamber,36,,1.75,285,-,15,-,14.5,-,-,-,3,3,-,5,5,-,-,-,-,-,,2,-50%,100%,2,1,-,X,X,15%,-,3,20%,3,-50%,100%,2
"Tartarith, God of Punishment",Torture Chamber,37,,1.75,285,-,15,-,14.5,-,-,-,3,3,-,5,5,-,-,-,-,-,,2,-50%,100%,2,1,-,X,X,15%,-,3,30%,3,-50%,100%,2
"Tartarith, God of Punishment",Torture Chamber,38,,1.75,285,-,15,-,14.5,-,-,-,3,3,-,5,5,-,-,-,-,-,,2,-50%,100%,2,1,-,X,X,15%,-,3,30%,3,-50%,150%,2
"Tartarith, God of Punishment",Torture Chamber,39,,1.75,285,-,15,-,14.5,-,-,-,3,3,-,5,5,-,-,-,-,-,,2,-50%,100%,2,1,-,X,X,15%,-,4,30%,3,-50%,150%,2
"Tartarith, God of Punishment",Torture Chamber,40,,1.75,285,-,15,-,14.5,-,-,-,3,3,-,5,5,-,5,-,-,-,,2,-50%,100%,2,1,-,X,X,15%,-,4,30%,3,-50%,150%,2
"Tartarith, God of Punishment",Torture Chamber,41,,1.75,285,-,15,-,14.5,-,-,-,3,3,-,5,5,-,5,-,-,-,,3,-50%,100%,2,1,-,X,X,15%,-,4,30%,3,-50%,150%,2
"Tartarith, God of Punishment",Torture Chamber,42,,1.75,285,-,15,-,14.5,-,-,-,3,3,-,5,5,-,5,-,-,-,,3,-50%,100%,2,1,100%,X,X,15%,-,4,30%,3,-50%,150%,2
"Tartarith, God of Punishment",Torture Chamber,43,,1.75,285,-,15,-,14.5,-,-,-,3,3,-,5,5,-,5,-,-,-,,3,-50%,100%,2,1,100%,X,X,15%,-,4,40%,3,-50%,150%,2
"Tartarith, God of Punishment",Torture Chamber,44,,1.75,285,-,15,-,14.5,-,-,-,3,3,-,5,5,-,5,-,-,-,,3,-50%,100%,2,1,100%,X,X,20%,-,4,40%,3,-50%,150%,2
"Tartarith, God of Punishment",Torture Chamber,45,,1.75,285,-,15,-,14.5,-,-,-,3,3,-,8,5,-,5,-,-,-,,3,-50%,100%,2,1,1,X,X,20%,-,4,40%,3,-50%,150%,2
"Tartarith, God of Punishment",Torture Chamber,46,,1.75,285,-,15,-,14.5,-,-,-,3,3,-,8,5,-,5,-,-,-,,3,-50%,100%,2,1,100%,X,X,20%,10%,4,40%,3,-50%,150%,2
"Tartarith, God of Punishment",Torture Chamber,47,,1.75,285,-,15,-,14.5,-,-,-,3,3,-,8,5,-,5,-,-,-,,3,-50%,150%,2,1,100%,X,X,20%,10%,4,40%,3,-50%,150%,2
"Tartarith, God of Punishment",Torture Chamber,48,,1.75,285,-,15,-,14.5,-,-,-,3,3,-,8,5,-,5,-,-,-,,4,-50%,150%,2,1,100%,X,X,20%,10%,4,40%,3,-50%,150%,2
"Tartarith, God of Punishment",Torture Chamber,49,,1.75,285,-,15,-,14.5,-,-,-,3,3,-,8,5,-,5,-,-,-,,4,-50%,150%,2,1,100%,X,X,20%,10%,4,50%,3,-50%,150%,2
"Tartarith, God of Punishment",Torture Chamber,50,,1.75,285,-,15,-,14.5,-,-,-,3,3,-,8,5,-,10,-,-,-,,4,-50%,150%,2,1,1,X,X,20%,10%,4,50%,3,-50%,150%,2
"Tartarith, God of Punishment",Torture Chamber,51,,1.75,285,-,15,-,14.5,-,-,-,3,3,-,8,5,-,10,-,-,-,,4,-50%,150%,2,1,100%,X,X,25%,10%,4,50%,3,-50%,150%,2
"Tartarith, God of Punishment",Torture Chamber,52,,1.75,285,-,15,-,14.5,-,-,-,3,3,-,8,5,-,10,-,-,-,,4,-50%,150%,2,2,100%,X,X,25%,10%,4,50%,3,-50%,150%,2
"Tartarith, God of Punishment",Torture Chamber,53,,1.75,285,-,15,-,14.5,-,-,-,3,3,-,8,5,-,10,-,-,-,,4,-50%,150%,2,2,100%,X,X,25%,20%,4,50%,3,-50%,150%,2
"Tartarith, God of Punishment",Torture Chamber,54,,1.75,285,-,15,-,14.5,-,-,-,3,3,-,8,5,-,10,-,-,-,,4,-50%,150%,2,2,100%,X,X,25%,20%,4,60%,3,-50%,150%,2
"Tartarith, God of Punishment",Torture Chamber,55,,1.75,285,-,15,-,14.5,-,-,-,3,3,-,8,5,-,10,-,-,-,,4,-50%,150%,2,2,100%,X,X,25%,20%,4,60%,3,-50%,150%,3
"Tartarith, God of Punishment",Torture Chamber,56,,1.75,285,-,15,-,14.5,-,-,-,3,3,-,8,5,-,10,-,-,-,,4,-100%,150%,2,2,100%,X,X,25%,20%,4,60%,3,-50%,150%,3
"Tartarith, God of Punishment",Torture Chamber,57,,1.75,285,-,15,-,14.5,-,-,-,3,3,-,8,5,-,10,-,-,-,,5,-100%,150%,2,2,100%,X,X,25%,20%,4,60%,3,-50%,150%,3
"Tartarith, God of Punishment",Torture Chamber,58,,1.75,285,-,15,-,14.5,-,-,-,3,3,-,8,5,-,10,-,-,-,,5,-100%,150%,2,2,100%,X,X,25%,20%,4,70%,3,-50%,150%,3
"Tartarith, God of Punishment",Torture Chamber,59,,1.75,285,-,15,-,14.5,-,-,-,3,3,-,8,5,-,10,-,-,-,,5,-100%,150%,2,2,100%,X,X,30%,20%,4,70%,3,-50%,150%,3
"Tartarith, God of Punishment",Torture Chamber,60,,4,285,-,15,-,14.5,-,-,-,3,3,-,8,5,-,10,-,-,-,,5,-100%,150%,2,2,1,X,X,30%,20%,4,70%,3,-50%,150%,3
"Tartarith, God of Punishment",Torture Chamber,61,,4,285,-,15,-,14.5,-,-,-,3,3,-,8,5,-,10,-,-,-,,5,-100%,150%,2,2,100%,X,X,30%,30%,4,70%,3,-50%,150%,3
"Tartarith, God of Punishment",Torture Chamber,62,,4,285,-,15,-,14.5,-,-,-,3,3,-,8,5,-,10,-,-,-,,5,-100%,150%,2,2,100%,X,X,30%,30%,4,80%,3,-50%,150%,3
"Tartarith, God of Punishment",Torture Chamber,63,,4,285,-,15,-,14.5,-,-,-,3,3,-,8,5,-,10,-,-,-,,5,-100%,150%,2,2,100%,X,X,35%,30%,4,80%,3,-50%,150%,3
"Tartarith, God of Punishment",Torture Chamber,64,,4,285,-,15,-,14.5,-,-,-,3,3,-,8,5,-,10,-,-,-,,5,-100%,150%,2,2,100%,X,X,35%,40%,4,80%,3,-50%,150%,3
"Tartarith, God of Punishment",Torture Chamber,65,,4,285,-,15,-,14.5,-,-,-,3,3,-,8,5,-,10,-,-,-,,5,-100%,150%,2,2,100%,X,X,35%,40%,4,80%,3,-50%,200%,3
"Tartarith, God of Punishment",Torture Chamber,66,,4,285,-,15,-,14.5,-,-,-,3,3,-,8,5,-,10,-,-,-,,5,-100%,150%,2,2,100%,X,X,35%,40%,4,80%,3,-100%,200%,3
"Tartarith, God of Punishment",Torture Chamber,67,,4,285,-,15,-,14.5,-,-,-,3,3,-,8,5,-,10,-,-,-,,5,-100%,150%,2,2,100%,X,X,35%,40%,4,90%,3,-100%,200%,3
"Tartarith, God of Punishment",Torture Chamber,68,,4,285,-,15,-,14.5,-,-,-,3,3,-,8,5,-,10,-,-,-,,5,-100%,150%,2,2,100%,X,X,35%,50%,4,90%,3,-100%,200%,3
"Tartarith, God of Punishment",Torture Chamber,69,,4,285,-,15,-,14.5,-,-,-,3,3,-,8,5,-,10,-,-,-,,5,-100%,150%,2,2,100%,X,X,40%,50%,4,90%,3,-100%,200%,3
"Tartarith, God of Punishment",Torture Chamber,70,,4,285,-,15,-,14.5,10%,-,-,3,3,-,8,5,-,10,-,-,-,,5,-100%,150%,2,2,1,X,X,40%,50%,4,90%,3,-100%,200%,3
"Tartarith, God of Punishment",Torture Chamber,71,,4,285,-,15,-,14.5,10%,-,-,3,3,-,8,5,-,10,-,-,-,,5,-100%,150%,2,2,100%,X,X,40%,50%,4,100%,3,-100%,200%,3
"Tartarith, God of Punishment",Torture Chamber,72,,4,285,-,15,-,14.5,10%,-,-,3,3,-,8,5,-,10,-,-,-,,5,-100%,150%,2,2,100%,X,X,40%,60%,4,100%,3,-100%,200%,3
"Tartarith, God of Punishment",Torture Chamber,73,,4,285,-,15,-,14.5,10%,-,-,3,3,-,8,5,-,10,-,-,-,,5,-100%,150%,2,2,100%,X,X,45%,60%,4,100%,3,-100%,200%,3
"Tartarith, God of Punishment",Torture Chamber,74,,4,285,-,15,-,14.5,10%,-,-,3,3,-,8,5,-,10,-,-,-,,5,-100%,150%,2,2,100%,X,X,45%,70%,4,100%,3,-100%,200%,3
"Tartarith, God of Punishment",Torture Chamber,75,,4,285,-,15,-,14.5,10%,-,-,3,3,-,8,5,-,10,-,-,-,,5,-100%,150%,2,2,100%,X,X,45%,80%,4,100%,3,-100%,200%,3
"Tartarith, God of Punishment",Torture Chamber,76,,4,285,-,15,-,14.5,10%,-,-,3,3,-,8,5,-,10,-,-,-,,5,-100%,200%,2,2,100%,X,X,45%,80%,4,100%,3,-100%,200%,3
"Tartarith, God of Punishment",Torture Chamber,77,,4,285,-,15,-,14.5,10%,-,-,3,3,-,8,5,-,10,-,-,-,,5,-100%,200%,2,2,100%,X,X,45%,90%,4,100%,3,-100%,200%,3
"Tartarith, God of Punishment",Torture Chamber,78,,4,285,-,15,-,14.5,10%,-,-,3,3,-,8,5,-,10,-,-,-,,5,-100%,200%,2,2,100%,X,X,45%,90%,4,110%,3,-100%,200%,3
"Tartarith, God of Punishment",Torture Chamber,79,,4,285,-,15,-,14.5,10%,-,-,3,3,-,8,5,-,10,-,-,-,,5,-100%,200%,2,2,100%,X,X,50%,90%,4,110%,3,-100%,200%,3
"Tartarith, God of Punishment",Torture Chamber,80,,4,285,-,20,-,14.5,10%,-,-,3,3,-,8,5,-,10,-,-,-,,5,-100%,200%,2,2,1,X,X,50%,90%,4,110%,3,-100%,200%,3
"Tartarith, God of Punishment",Torture Chamber,81,,4,285,-,20,-,14.5,10%,-,-,3,3,-,8,5,-,10,-,-,-,,5,-100%,200%,2,2,100%,X,X,50%,100%,4,110%,3,-100%,200%,3
"Tartarith, God of Punishment",Torture Chamber,82,,4,285,-,20,-,14.5,10%,-,-,3,3,-,8,5,-,10,-,-,-,,5,-100%,200%,2,2,100%,X,X,50%,100%,4,120%,3,-100%,200%,3
"Tartarith, God of Punishment",Torture Chamber,83,,4,285,-,20,-,14.5,10%,-,-,3,3,-,8,5,-,10,-,-,-,,5,-100%,200%,2,2,100%,X,X,50%,110%,4,120%,3,-100%,200%,3
"Tartarith, God of Punishment",Torture Chamber,84,,4,285,-,20,-,14.5,10%,-,-,3,3,-,8,5,-,10,-,-,-,,5,-100%,200%,2,2,100%,X,X,55%,110%,4,120%,3,-100%,200%,3
"Tartarith, God of Punishment",Torture Chamber,85,,4,285,-,20,-,14.5,10%,-,-,3,3,-,8,5,-,10,-,-,-,,5,-100%,200%,2,2,100%,X,X,55%,110%,4,120%,3,-100%,250%,3
"Tartarith, God of Punishment",Torture Chamber,86,,4,285,-,20,-,14.5,10%,-,-,3,3,-,8,5,-,10,-,-,-,,5,-100%,200%,2,2,100%,X,X,60%,110%,4,120%,3,-100%,250%,3
"Tartarith, God of Punishment",Torture Chamber,87,,4,285,-,20,-,14.5,10%,-,-,3,3,-,8,5,-,10,-,-,-,,5,-100%,200%,2,2,100%,X,X,60%,110%,4,130%,3,-100%,250%,3
"Tartarith, God of Punishment",Torture Chamber,88,,4,285,-,20,-,14.5,10%,-,-,3,3,-,8,5,-,10,-,-,-,,5,-100%,200%,2,2,100%,X,X,65%,110%,4,130%,3,-100%,250%,3
"Tartarith, God of Punishment",Torture Chamber,89,,4,285,-,20,-,14.5,10%,-,-,3,3,-,8,5,-,10,-,-,-,,5,-100%,200%,2,2,100%,X,X,65%,120%,4,130%,3,-100%,250%,3
"Tartarith, God of Punishment",Torture Chamber,90,,4,285,-,25,-,14.5,10%,-,-,3,3,-,8,5,-,10,-,-,-,,5,-100%,200%,2,2,1,X,X,65%,120%,4,130%,3,-100%,250%,3
"Tartarith, God of Punishment",Torture Chamber,91,,4,285,-,25,-,14.5,10%,-,-,3,3,-,8,5,-,10,-,-,-,,5,-100%,200%,2,2,100%,X,X,65%,130%,4,130%,3,-100%,250%,3
"Tartarith, God of Punishment",Torture Chamber,92,,4,285,-,25,-,14.5,10%,-,-,3,3,-,8,5,-,10,-,-,-,,5,-100%,200%,2,2,100%,X,X,65%,130%,4,140%,3,-100%,250%,3
"Tartarith, God of Punishment",Torture Chamber,93,,4,285,-,25,-,14.5,10%,-,-,3,3,-,8,5,-,10,-,-,-,,5,-100%,200%,2,2,100%,X,X,70%,130%,4,140%,3,-100%,250%,3
"Tartarith, God of Punishment",Torture Chamber,94,,4,285,-,25,-,14.5,10%,-,-,3,3,-,8,5,-,10,-,-,-,,5,-100%,250%,2,2,100%,X,X,70%,130%,4,140%,3,-100%,250%,3
"Tartarith, God of Punishment",Torture Chamber,95,,4,285,-,25,-,14.5,10%,-,-,3,3,-,8,5,-,10,-,-,-,,5,-100%,250%,2,2,100%,X,X,70%,140%,4,140%,3,-100%,250%,3
"Tartarith, God of Punishment",Torture Chamber,96,,4,285,-,25,-,14.5,10%,-,-,3,3,-,8,5,-,10,-,-,-,,5,-100%,250%,2,2,100%,X,X,70%,140%,4,150%,3,-100%,250%,3
"Tartarith, God of Punishment",Torture Chamber,97,,4,285,-,25,-,14.5,10%,-,-,3,3,-,8,5,-,10,-,-,-,,5,-100%,250%,2,2,100%,X,X,75%,140%,4,150%,3,-100%,250%,3
"Tartarith, God of Punishment",Torture Chamber,98,,4,285,-,25,-,14.5,10%,-,-,3,3,-,8,5,-,10,-,-,-,,5,-100%,250%,2,2,100%,X,X,75%,150%,4,150%,3,-100%,250%,3
"Tartarith, God of Punishment",Torture Chamber,99,,4,285,-,25,-,14.5,10%,-,-,3,3,-,8,5,-,10,-,-,-,,5,-100%,250%,2,2,100%,X,X,80%,150%,4,150%,3,-100%,250%,3
"Tartarith, God of Punishment",Torture Chamber,100,,4,285,-,25,-,14.5,10%,-,-,3,3,-,11,5,-,10,-,-,-,,5,-100%,250%,2,2,1,X,X,80%,150%,4,150%,3,-100%,250%,3
"Tenebris, God of Shadows",Bastion of the Void,0,,-,500,-,-,-,9,-,-,-,-,-,-,5,-,-,-,-,-,-,,-,-,-,-,-,-,-,-,-,-,-,-,-,-,-,-
"Tenebris, God of Shadows",Bastion of the Void,1,,-,550,-,-,-,9,-,-,-,-,-,-,5,-,-,-,-,-,-,,-,-,-,-,-,-,-,-,-,-,-,-,-,-,-,-
"Tenebris, God of Shadows",Bastion of the Void,2,,-,550,-,-,-,9,-,-,-,-,-,-,5,-,-,-,-,-,-,,-,-,-,-,-,-,-,-,5%,-,-,-,-,-,-,-
"Tenebris, God of Shadows",Bastion of the Void,3,,-,600,-,-,-,9,-,-,-,-,-,-,5,-,-,-,-,-,-,,-,-,-,-,-,-,-,-,5%,-,-,-,-,-,-,-
"Tenebris, God of Shadows",Bastion of the Void,4,,-,600,-,-,-,9,-,-,-,-,-,-,5,-,-,-,-,-,-,,-,-,-,-,-,-,-,-,5%,-,-,10%,-,-,-,-
"Tenebris, God of Shadows",Bastion of the Void,5,,1.25,600,-,-,-,9,-,-,-,-,-,-,5,-,-,-,-,-,-,,-,-,-,-,-,-,-,-,5%,-,-,10%,-,-,-,-
"Tenebris, God of Shadows",Bastion of the Void,6,,1.25,600,-,-,-,9,-,-,-,-,-,-,5,-,-,-,-,-,-,,-,-,-,-,-,-,-,-,5%,-,-,10%,-,-,50%,-
"Tenebris, God of Shadows",Bastion of the Void,7,,1.95,600,-,-,-,9,-,-,-,-,-,-,5,-,-,-,-,-,-,,-,-,-,-,-,-,-,-,5%,-,-,10%,-,-,50%,-
"Tenebris, God of Shadows",Bastion of the Void,8,,1.95,600,-,-,-,9,-,-,-,-,-,-,5,-,-,-,-,-,-,,-,-,-,-,-,-,-,-,5%,-,-,10%,-,-,50%,1
"Tenebris, God of Shadows",Bastion of the Void,9,,1.95,600,-,-,-,9,-,-,-,-,-,-,5,-,-,-,-,-,-,,-,-,-,-,-,-,-,X,5%,-,-,10%,-,-,50%,1
"Tenebris, God of Shadows",Bastion of the Void,10,,2.65,600,-,-,-,9,-,-,-,-,-,-,5,-,-,-,-,-,-,,-,-,-,-,-,-,-,X,5%,-,-,10%,-,-,50%,1
"Tenebris, God of Shadows",Bastion of the Void,11,,2.65,600,-,-,-,9,-,-,-,-,-,-,5,-,-,-,-,-,-,,-,-,-,1,-,-,-,X,5%,-,-,10%,-,-,50%,1
"Tenebris, God of Shadows",Bastion of the Void,12,,2.65,600,-,-,-,9,-,-,-,-,-,-,5,-,-,-,-,-,-,,-,-,50%,1,-,-,-,X,5%,-,-,10%,-,-,50%,1
"Tenebris, God of Shadows",Bastion of the Void,13,,2.65,600,-,-,-,9,-,-,-,-,-,-,5,-,-,-,-,-,-,,-,-,50%,1,-,-,-,X,5%,-,-,10%,1,-,50%,1
"Tenebris, God of Shadows",Bastion of the Void,14,,2.65,600,-,-,-,9,-,-,-,-,-,-,5,-,-,-,-,-,-,,-,-,50%,1,-,-,-,X,5%,-,1,10%,1,-,50%,1
"Tenebris, God of Shadows",Bastion of the Void,15,,2.65,600,-,-,-,9,-,-,-,-,-,-,10,-,-,-,-,-,-,,-,-,50%,1,-,-,-,X,5%,-,1,10%,1,-,50%,1
"Tenebris, God of Shadows",Bastion of the Void,16,,2.65,600,-,-,-,9,-,-,-,-,-,-,10,-,-,-,-,-,-,,-,-,50%,1,-,-,X,X,5%,-,1,10%,1,-,50%,1
"Tenebris, God of Shadows",Bastion of the Void,17,,2.65,600,-,-,-,9,-,-,-,-,-,-,10,-,-,-,-,-,-,,1,-,50%,1,-,-,X,X,5%,-,1,10%,1,-,50%,1
"Tenebris, God of Shadows",Bastion of the Void,18,,2.65,600,-,-,-,9,-,-,-,-,-,-,10,-,-,-,-,-,-,,1,-,50%,1,-,-,X,X,5%,-,1,20%,1,-,50%,1
"Tenebris, God of Shadows",Bastion of the Void,19,,2.65,600,-,-,-,9,-,-,-,-,-,-,10,-,-,-,-,-,-,,1,-,50%,1,-,-,X,X,10%,-,1,20%,1,-,50%,1
"Tenebris, God of Shadows",Bastion of the Void,20,,2.65,600,-,-,-,9,-,-,-,5,-,-,10,-,-,-,-,-,-,,1,-,50%,1,-,-,X,X,10%,-,1,20%,1,-,50%,1
"Tenebris, God of Shadows",Bastion of the Void,21,,2.65,600,-,-,-,9,-,-,-,5,-,-,10,-,-,-,-,-,-,,1,-,50%,1,-,-,X,X,10%,-,1,20%,1,-,100%,1
"Tenebris, God of Shadows",Bastion of the Void,22,,2.65,600,-,-,-,9,-,-,-,5,-,-,10,-,-,-,-,-,-,,1,-,50%,1,-,-,X,X,10%,-,1,20%,2,-,100%,1
"Tenebris, God of Shadows",Bastion of the Void,23,,2.65,600,-,-,-,9,-,-,-,5,-,-,10,-,-,-,-,-,-,,1,-,50%,1,-,-,X,X,10%,-,2,20%,2,-,100%,1
"Tenebris, God of Shadows",Bastion of the Void,24,,2.65,600,-,-,-,9,-,-,-,5,-,-,10,-,-,-,-,-,-,,1,-,50%,2,-,-,X,X,10%,-,2,20%,2,-,100%,1
"Tenebris, God of Shadows",Bastion of the Void,25,,2.65,600,-,-,-,11,-,-,-,5,-,-,10,-,-,-,-,-,-,,1,-,50%,2,-,-,X,X,10%,-,2,20%,2,-,100%,1
"Tenebris, God of Shadows",Bastion of the Void,26,,2.65,600,-,-,-,11,-,-,-,5,-,-,10,-,-,-,-,-,-,,1,-50%,50%,2,-,-,X,X,10%,-,2,20%,2,-,100%,1
"Tenebris, God of Shadows",Bastion of the Void,27,,2.65,600,-,-,-,11,-,-,-,5,-,-,10,-,-,-,-,-,-,,1,-50%,100%,2,-,-,X,X,10%,-,2,20%,2,-,100%,1
"Tenebris, God of Shadows",Bastion of the Void,28,,2.65,600,-,-,-,11,-,-,-,5,-,-,10,-,-,-,-,-,-,,1,-50%,100%,2,-,-,X,X,10%,-,2,20%,3,-,100%,1
"Tenebris, God of Shadows",Bastion of the Void,29,,2.65,600,-,-,-,11,-,-,-,5,-,-,10,-,-,-,-,-,-,,1,-50%,100%,2,-,-,X,X,15%,-,2,20%,3,-,100%,1
"Tenebris, God of Shadows",Bastion of the Void,30,,2.65,600,-,-,-,13.5,-,-,-,5,-,-,10,-,-,-,-,-,-,,1,-50%,100%,2,-,-,X,X,15%,-,2,20%,3,-,100%,1
"Tenebris, God of Shadows",Bastion of the Void,31,,2.65,600,-,-,-,13.5,-,-,-,5,-,-,10,-,-,-,-,-,-,,1,-50%,100%,2,-,-,X,X,15%,-,2,20%,3,-,100%,2
"Tenebris, God of Shadows",Bastion of the Void,32,,2.65,600,-,-,-,13.5,-,-,-,5,-,-,10,-,-,-,-,-,-,,1,-50%,100%,2,-,-,X,X,15%,-,2,20%,3,-50%,100%,2
"Tenebris, God of Shadows",Bastion of the Void,33,,2.65,600,-,-,-,13.5,-,-,-,5,-,-,10,-,-,-,-,-,-,,1,-50%,100%,2,1,-,X,X,15%,-,2,20%,3,-50%,100%,2
"Tenebris, God of Shadows",Bastion of the Void,34,,2.65,600,-,-,-,13.5,-,-,-,5,-,-,10,-,-,-,-,-,-,,1,-50%,100%,2,1,-,X,X,15%,-,3,20%,3,-50%,100%,2
"Tenebris, God of Shadows",Bastion of the Void,35,,2.65,650,-,-,-,13.5,-,-,-,5,-,-,10,-,-,-,-,-,-,,1,-50%,100%,2,1,-,X,X,15%,-,3,20%,3,-50%,100%,2
"Tenebris, God of Shadows",Bastion of the Void,36,,2.65,650,-,-,-,13.5,-,-,-,5,-,-,10,-,-,-,-,-,-,,2,-50%,100%,2,1,-,X,X,15%,-,3,20%,3,-50%,100%,2
"Tenebris, God of Shadows",Bastion of the Void,37,,2.65,650,-,-,-,13.5,-,-,-,5,-,-,10,-,-,-,-,-,-,,2,-50%,100%,2,1,-,X,X,15%,-,3,30%,3,-50%,100%,2
"Tenebris, God of Shadows",Bastion of the Void,38,,2.65,650,-,-,-,13.5,-,-,-,5,-,-,10,-,-,-,-,-,-,,2,-50%,100%,2,1,-,X,X,15%,-,3,30%,3,-50%,150%,2
"Tenebris, God of Shadows",Bastion of the Void,39,,2.65,650,-,-,-,13.5,-,-,-,5,-,-,10,-,-,-,-,-,-,,2,-50%,100%,2,1,-,X,X,15%,-,4,30%,3,-50%,150%,2
"Tenebris, God of Shadows",Bastion of the Void,40,,2.65,700,-,-,-,13.5,-,-,-,5,-,-,10,-,-,-,-,-,-,,2,-50%,100%,2,1,-,X,X,15%,-,4,30%,3,-50%,150%,2
"Tenebris, God of Shadows",Bastion of the Void,41,,2.65,700,-,-,-,13.5,-,-,-,5,-,-,10,-,-,-,-,-,-,,3,-50%,100%,2,1,-,X,X,15%,-,4,30%,3,-50%,150%,2
"Tenebris, God of Shadows",Bastion of the Void,42,,2.65,700,-,-,-,13.5,-,-,-,5,-,-,10,-,-,-,-,-,-,,3,-50%,100%,2,1,100%,X,X,15%,-,4,30%,3,-50%,150%,2
"Tenebris, God of Shadows",Bastion of the Void,43,,2.65,700,-,-,-,13.5,-,-,-,5,-,-,10,-,-,-,-,-,-,,3,-50%,100%,2,1,100%,X,X,15%,-,4,40%,3,-50%,150%,2
"Tenebris, God of Shadows",Bastion of the Void,44,,2.65,700,-,-,-,13.5,-,-,-,5,-,-,10,-,-,-,-,-,-,,3,-50%,100%,2,1,100%,X,X,20%,-,4,40%,3,-50%,150%,2
"Tenebris, God of Shadows",Bastion of the Void,45,,2.65,700,-,-,-,13.5,-,-,-,5,-,-,15,-,-,-,-,-,-,,3,-50%,100%,2,1,1,X,X,20%,-,4,40%,3,-50%,150%,2
"Tenebris, God of Shadows",Bastion of the Void,46,,2.65,700,-,-,-,13.5,-,-,-,5,-,-,15,-,-,-,-,-,-,,3,-50%,100%,2,1,100%,X,X,20%,10%,4,40%,3,-50%,150%,2
"Tenebris, God of Shadows",Bastion of the Void,47,,2.65,700,-,-,-,13.5,-,-,-,5,-,-,15,-,-,-,-,-,-,,3,-50%,150%,2,1,100%,X,X,20%,10%,4,40%,3,-50%,150%,2
"Tenebris, God of Shadows",Bastion of the Void,48,,2.65,700,-,-,-,13.5,-,-,-,5,-,-,15,-,-,-,-,-,-,,4,-50%,150%,2,1,100%,X,X,20%,10%,4,40%,3,-50%,150%,2
"Tenebris, God of Shadows",Bastion of the Void,49,,2.65,700,-,-,-,13.5,-,-,-,5,-,-,15,-,-,-,-,-,-,,4,-50%,150%,2,1,100%,X,X,20%,10%,4,50%,3,-50%,150%,2
"Tenebris, God of Shadows",Bastion of the Void,50,,2.65,700,-,-,-,13.5,-,-,-,5,5,-,15,-,-,-,-,-,-,,4,-50%,150%,2,1,1,X,X,20%,10%,4,50%,3,-50%,150%,2
"Tenebris, God of Shadows",Bastion of the Void,51,,2.65,700,-,-,-,13.5,-,-,-,5,5,-,15,-,-,-,-,-,-,,4,-50%,150%,2,1,100%,X,X,25%,10%,4,50%,3,-50%,150%,2
"Tenebris, God of Shadows",Bastion of the Void,52,,2.65,700,-,-,-,13.5,-,-,-,5,5,-,15,-,-,-,-,-,-,,4,-50%,150%,2,2,100%,X,X,25%,10%,4,50%,3,-50%,150%,2
"Tenebris, God of Shadows",Bastion of the Void,53,,2.65,700,-,-,-,13.5,-,-,-,5,5,-,15,-,-,-,-,-,-,,4,-50%,150%,2,2,100%,X,X,25%,20%,4,50%,3,-50%,150%,2
"Tenebris, God of Shadows",Bastion of the Void,54,,2.65,700,-,-,-,13.5,-,-,-,5,5,-,15,-,-,-,-,-,-,,4,-50%,150%,2,2,100%,X,X,25%,20%,4,60%,3,-50%,150%,2
"Tenebris, God of Shadows",Bastion of the Void,55,,2.65,700,-,-,-,13.5,-,-,-,5,5,-,15,-,-,-,-,-,-,,4,-50%,150%,2,2,100%,X,X,25%,20%,4,60%,3,-50%,150%,3
"Tenebris, God of Shadows",Bastion of the Void,56,,2.65,700,-,-,-,13.5,-,-,-,5,5,-,15,-,-,-,-,-,-,,4,-100%,150%,2,2,100%,X,X,25%,20%,4,60%,3,-50%,150%,3
"Tenebris, God of Shadows",Bastion of the Void,57,,2.65,700,-,-,-,13.5,-,-,-,5,5,-,15,-,-,-,-,-,-,,5,-100%,150%,2,2,100%,X,X,25%,20%,4,60%,3,-50%,150%,3
"Tenebris, God of Shadows",Bastion of the Void,58,,2.65,700,-,-,-,13.5,-,-,-,5,5,-,15,-,-,-,-,-,-,,5,-100%,150%,2,2,100%,X,X,25%,20%,4,70%,3,-50%,150%,3
"Tenebris, God of Shadows",Bastion of the Void,59,,2.65,700,-,-,-,13.5,-,-,-,5,5,-,15,-,-,-,-,-,-,,5,-100%,150%,2,2,100%,X,X,30%,20%,4,70%,3,-50%,150%,3
"Tenebris, God of Shadows",Bastion of the Void,60,,2.65,700,-,-,-,13.5,-,-,-,5,5,-,15,2,-,-,-,-,-,,5,-100%,150%,2,2,1,X,X,30%,20%,4,70%,3,-50%,150%,3
"Tenebris, God of Shadows",Bastion of the Void,61,,2.65,700,-,-,-,13.5,-,-,-,5,5,-,15,2,-,-,-,-,-,,5,-100%,150%,2,2,100%,X,X,30%,30%,4,70%,3,-50%,150%,3
"Tenebris, God of Shadows",Bastion of the Void,62,,2.65,700,-,-,-,13.5,-,-,-,5,5,-,15,2,-,-,-,-,-,,5,-100%,150%,2,2,100%,X,X,30%,30%,4,80%,3,-50%,150%,3
"Tenebris, God of Shadows",Bastion of the Void,63,,2.65,700,-,-,-,13.5,-,-,-,5,5,-,15,2,-,-,-,-,-,,5,-100%,150%,2,2,100%,X,X,35%,30%,4,80%,3,-50%,150%,3
"Tenebris, God of Shadows",Bastion of the Void,64,,2.65,700,-,-,-,13.5,-,-,-,5,5,-,15,2,-,-,-,-,-,,5,-100%,150%,2,2,100%,X,X,35%,40%,4,80%,3,-50%,150%,3
"Tenebris, God of Shadows",Bastion of the Void,65,,2.65,700,-,-,-,13.5,-,-,-,5,5,-,15,2,-,-,-,-,-,,5,-100%,150%,2,2,100%,X,X,35%,40%,4,80%,3,-50%,200%,3
"Tenebris, God of Shadows",Bastion of the Void,66,,2.65,700,-,-,-,13.5,-,-,-,5,5,-,15,2,-,-,-,-,-,,5,-100%,150%,2,2,100%,X,X,35%,40%,4,80%,3,-100%,200%,3
"Tenebris, God of Shadows",Bastion of the Void,67,,2.65,700,-,-,-,13.5,-,-,-,5,5,-,15,2,-,-,-,-,-,,5,-100%,150%,2,2,100%,X,X,35%,40%,4,90%,3,-100%,200%,3
"Tenebris, God of Shadows",Bastion of the Void,68,,2.65,700,-,-,-,13.5,-,-,-,5,5,-,15,2,-,-,-,-,-,,5,-100%,150%,2,2,100%,X,X,35%,50%,4,90%,3,-100%,200%,3
"Tenebris, God of Shadows",Bastion of the Void,69,,2.65,700,-,-,-,13.5,-,-,-,5,5,-,15,2,-,-,-,-,-,,5,-100%,150%,2,2,100%,X,X,40%,50%,4,90%,3,-100%,200%,3
"Tenebris, God of Shadows",Bastion of the Void,70,,2.65,700,-,-,-,13.5,-,-,-,5,5,-,15,2,-,5,-,-,-,,5,-100%,150%,2,2,1,X,X,40%,50%,4,90%,3,-100%,200%,3
"Tenebris, God of Shadows",Bastion of the Void,71,,2.65,700,-,-,-,13.5,-,-,-,5,5,-,15,2,-,5,-,-,-,,5,-100%,150%,2,2,100%,X,X,40%,50%,4,100%,3,-100%,200%,3
"Tenebris, God of Shadows",Bastion of the Void,72,,2.65,700,-,-,-,13.5,-,-,-,5,5,-,15,2,-,5,-,-,-,,5,-100%,150%,2,2,100%,X,X,40%,60%,4,100%,3,-100%,200%,3
"Tenebris, God of Shadows",Bastion of the Void,73,,2.65,700,-,-,-,13.5,-,-,-,5,5,-,15,2,-,5,-,-,-,,5,-100%,150%,2,2,100%,X,X,45%,60%,4,100%,3,-100%,200%,3
"Tenebris, God of Shadows",Bastion of the Void,74,,2.65,700,-,-,-,13.5,-,-,-,5,5,-,15,2,-,5,-,-,-,,5,-100%,150%,2,2,100%,X,X,45%,70%,4,100%,3,-100%,200%,3
"Tenebris, God of Shadows",Bastion of the Void,75,,2.65,700,-,-,-,13.5,-,-,-,5,5,-,15,2,-,5,-,-,-,,5,-100%,150%,2,2,100%,X,X,45%,80%,4,100%,3,-100%,200%,3
"Tenebris, God of Shadows",Bastion of the Void,76,,2.65,700,-,-,-,13.5,-,-,-,5,5,-,15,2,-,5,-,-,-,,5,-100%,200%,2,2,100%,X,X,45%,80%,4,100%,3,-100%,200%,3
"Tenebris, God of Shadows",Bastion of the Void,77,,2.65,700,-,-,-,13.5,-,-,-,5,5,-,15,2,-,5,-,-,-,,5,-100%,200%,2,2,100%,X,X,45%,90%,4,100%,3,-100%,200%,3
"Tenebris, God of Shadows",Bastion of the Void,78,,2.65,700,-,-,-,13.5,-,-,-,5,5,-,15,2,-,5,-,-,-,,5,-100%,200%,2,2,100%,X,X,45%,90%,4,110%,3,-100%,200%,3
"Tenebris, God of Shadows",Bastion of the Void,79,,2.65,700,-,-,-,13.5,-,-,-,5,5,-,15,2,-,5,-,-,-,,5,-100%,200%,2,2,100%,X,X,50%,90%,4,110%,3,-100%,200%,3
"Tenebris, God of Shadows",Bastion of the Void,80,,2.65,700,-,-,-,15.5,-,-,-,5,5,-,15,2,-,5,-,-,-,,5,-100%,200%,2,2,1,X,X,50%,90%,4,110%,3,-100%,200%,3
"Tenebris, God of Shadows",Bastion of the Void,81,,2.65,700,-,-,-,15.5,-,-,-,5,5,-,15,2,-,5,-,-,-,,5,-100%,200%,2,2,100%,X,X,50%,100%,4,110%,3,-100%,200%,3
"Tenebris, God of Shadows",Bastion of the Void,82,,2.65,700,-,-,-,15.5,-,-,-,5,5,-,15,2,-,5,-,-,-,,5,-100%,200%,2,2,100%,X,X,50%,100%,4,120%,3,-100%,200%,3
"Tenebris, God of Shadows",Bastion of the Void,83,,2.65,700,-,-,-,15.5,-,-,-,5,5,-,15,2,-,5,-,-,-,,5,-100%,200%,2,2,100%,X,X,50%,110%,4,120%,3,-100%,200%,3
"Tenebris, God of Shadows",Bastion of the Void,84,,2.65,700,-,-,-,15.5,-,-,-,5,5,-,15,2,-,5,-,-,-,,5,-100%,200%,2,2,100%,X,X,55%,110%,4,120%,3,-100%,200%,3
"Tenebris, God of Shadows",Bastion of the Void,85,,2.65,700,-,-,-,15.5,-,-,-,5,5,-,15,2,-,5,-,-,-,,5,-100%,200%,2,2,100%,X,X,55%,110%,4,120%,3,-100%,250%,3
"Tenebris, God of Shadows",Bastion of the Void,86,,2.65,700,-,-,-,15.5,-,-,-,5,5,-,15,2,-,5,-,-,-,,5,-100%,200%,2,2,100%,X,X,60%,110%,4,120%,3,-100%,250%,3
"Tenebris, God of Shadows",Bastion of the Void,87,,2.65,700,-,-,-,15.5,-,-,-,5,5,-,15,2,-,5,-,-,-,,5,-100%,200%,2,2,100%,X,X,60%,110%,4,130%,3,-100%,250%,3
"Tenebris, God of Shadows",Bastion of the Void,88,,2.65,700,-,-,-,15.5,-,-,-,5,5,-,15,2,-,5,-,-,-,,5,-100%,200%,2,2,100%,X,X,65%,110%,4,130%,3,-100%,250%,3
"Tenebris, God of Shadows",Bastion of the Void,89,,2.65,700,-,-,-,15.5,-,-,-,5,5,-,15,2,-,5,-,-,-,,5,-100%,200%,2,2,100%,X,X,65%,120%,4,130%,3,-100%,250%,3
"Tenebris, God of Shadows",Bastion of the Void,90,,2.65,700,-,-,-,17.5,-,-,-,5,5,-,15,2,-,5,-,-,-,,5,-100%,200%,2,2,1,X,X,65%,120%,4,130%,3,-100%,250%,3
"Tenebris, God of Shadows",Bastion of the Void,91,,2.65,700,-,-,-,17.5,-,-,-,5,5,-,15,2,-,5,-,-,-,,5,-100%,200%,2,2,100%,X,X,65%,130%,4,130%,3,-100%,250%,3
"Tenebris, God of Shadows",Bastion of the Void,92,,2.65,700,-,-,-,17.5,-,-,-,5,5,-,15,2,-,5,-,-,-,,5,-100%,200%,2,2,100%,X,X,65%,130%,4,140%,3,-100%,250%,3
"Tenebris, God of Shadows",Bastion of the Void,93,,2.65,700,-,-,-,17.5,-,-,-,5,5,-,15,2,-,5,-,-,-,,5,-100%,200%,2,2,100%,X,X,70%,130%,4,140%,3,-100%,250%,3
"Tenebris, God of Shadows",Bastion of the Void,94,,2.65,700,-,-,-,17.5,-,-,-,5,5,-,15,2,-,5,-,-,-,,5,-100%,250%,2,2,100%,X,X,70%,130%,4,140%,3,-100%,250%,3
"Tenebris, God of Shadows",Bastion of the Void,95,,2.65,700,-,-,-,17.5,-,-,-,5,5,-,15,2,-,5,-,-,-,,5,-100%,250%,2,2,100%,X,X,70%,140%,4,140%,3,-100%,250%,3
"Tenebris, God of Shadows",Bastion of the Void,96,,2.65,700,-,-,-,17.5,-,-,-,5,5,-,15,2,-,5,-,-,-,,5,-100%,250%,2,2,100%,X,X,70%,140%,4,150%,3,-100%,250%,3
"Tenebris, God of Shadows",Bastion of the Void,97,,2.65,700,-,-,-,17.5,-,-,-,5,5,-,15,2,-,5,-,-,-,,5,-100%,250%,2,2,100%,X,X,75%,140%,4,150%,3,-100%,250%,3
"Tenebris, God of Shadows",Bastion of the Void,98,,2.65,700,-,-,-,17.5,-,-,-,5,5,-,15,2,-,5,-,-,-,,5,-100%,250%,2,2,100%,X,X,75%,150%,4,150%,3,-100%,250%,3
"Tenebris, God of Shadows",Bastion of the Void,99,,2.65,700,-,-,-,17.5,-,-,-,5,5,-,15,2,-,5,-,-,-,,5,-100%,250%,2,2,100%,X,X,80%,150%,4,150%,3,-100%,250%,3
"Tenebris, God of Shadows",Bastion of the Void,100,,2.65,700,-,-,-,17.5,-,-,-,5,5,-,20,2,-,5,-,-,-,,5,-100%,250%,2,2,100%,X,X,80%,150%,4,150%,3,-100%,250%,3
"Torun, God of Anger",Cutthroat Jungle,0,,-,405,-,-,1.5,5,-,-,-,3.3,3.3,-,-,3,-,-,-,-,-,,-,-,-,-,-,-,-,-,-,-,-,-,-,-,-,-
"Torun, God of Anger",Cutthroat Jungle,1,,-,465,-,-,1.5,5,-,-,-,3.3,3.3,-,-,3,-,-,-,-,-,,-,-,-,-,-,-,-,-,-,-,-,-,-,-,-,-
"Torun, God of Anger",Cutthroat Jungle,2,,-,465,-,-,1.5,5,-,-,-,3.3,3.3,-,-,3,-,-,-,-,-,,-,-,-,-,-,-,-,-,5%,-,-,-,-,-,-,-
"Torun, God of Anger",Cutthroat Jungle,3,,-,590,-,-,1.5,5,-,-,-,3.3,3.3,-,-,3,-,-,-,-,-,,-,-,-,-,-,-,-,-,5%,-,-,-,-,-,-,-
"Torun, God of Anger",Cutthroat Jungle,4,,-,590,-,-,1.5,5,-,-,-,3.3,3.3,-,-,3,-,-,-,-,-,,-,-,-,-,-,-,-,-,5%,-,-,10%,-,-,-,-
"Torun, God of Anger",Cutthroat Jungle,5,,-,605,-,-,2.25,5,-,-,-,3.3,3.3,-,-,3,-,-,-,-,-,,-,-,-,-,-,-,-,-,5%,-,-,10%,-,-,-,-
"Torun, God of Anger",Cutthroat Jungle,6,,-,605,-,-,2.25,5,-,-,-,3.3,3.3,-,-,3,-,-,-,-,-,,-,-,-,-,-,-,-,-,5%,-,-,10%,-,-,50%,-
"Torun, God of Anger",Cutthroat Jungle,7,,-,605,-,-,2.25,7.5,-,-,-,3.3,3.3,-,-,3,-,-,-,-,-,,-,-,-,-,-,-,-,-,5%,-,-,10%,-,-,50%,-
"Torun, God of Anger",Cutthroat Jungle,8,,-,605,-,-,2.25,7.5,-,-,-,3.3,3.3,-,-,3,-,-,-,-,-,,-,-,-,-,-,-,-,-,5%,-,-,10%,-,-,50%,1
"Torun, God of Anger",Cutthroat Jungle,9,,-,605,-,-,2.25,7.5,-,-,-,3.3,3.3,-,-,3,-,-,-,-,-,,-,-,-,-,-,-,-,X,5%,-,-,10%,-,-,50%,1
"Torun, God of Anger",Cutthroat Jungle,10,,-,605,-,-,2.25,7.5,-,-,-,4.3,3.3,-,-,3,-,-,-,-,-,,-,-,-,-,-,-,-,X,5%,-,-,10%,-,-,50%,1
"Torun, God of Anger",Cutthroat Jungle,11,,-,605,-,-,2.25,7.5,-,-,-,4.3,3.3,-,-,3,-,-,-,-,-,,-,-,-,1,-,-,-,X,5%,-,-,10%,-,-,50%,1
"Torun, God of Anger",Cutthroat Jungle,12,,-,605,-,-,2.25,7.5,-,-,-,4.3,3.3,-,-,3,-,-,-,-,-,,-,-,50%,1,-,-,-,X,5%,-,-,10%,-,-,50%,1
"Torun, God of Anger",Cutthroat Jungle,13,,-,605,-,-,2.25,7.5,-,-,-,4.3,3.3,-,-,3,-,-,-,-,-,,-,-,50%,1,-,-,-,X,5%,-,-,10%,1,-,50%,1
"Torun, God of Anger",Cutthroat Jungle,14,,-,605,-,-,2.25,7.5,-,-,-,4.3,3.3,-,-,3,-,-,-,-,-,,-,-,50%,1,-,-,-,X,5%,-,1,10%,1,-,50%,1
"Torun, God of Anger",Cutthroat Jungle,15,,-,605,-,-,2.25,7.5,-,-,-,4.3,4.3,-,-,3,-,-,-,-,-,,-,-,50%,1,-,-,-,X,5%,-,1,10%,1,-,50%,1
"Torun, God of Anger",Cutthroat Jungle,16,,-,605,-,-,2.25,7.5,-,-,-,4.3,4.3,-,-,3,-,-,-,-,-,,-,-,50%,1,-,-,X,X,5%,-,1,10%,1,-,50%,1
"Torun, God of Anger",Cutthroat Jungle,17,,-,605,-,-,2.25,7.5,-,-,-,4.3,4.3,-,-,3,-,-,-,-,-,,1,-,50%,1,-,-,X,X,5%,-,1,10%,1,-,50%,1
"Torun, God of Anger",Cutthroat Jungle,18,,-,605,-,-,2.25,7.5,-,-,-,4.3,4.3,-,-,3,-,-,-,-,-,,1,-,50%,1,-,-,X,X,5%,-,1,20%,1,-,50%,1
"Torun, God of Anger",Cutthroat Jungle,19,,-,605,-,-,2.25,7.5,-,-,-,4.3,4.3,-,-,3,-,-,-,-,-,,1,-,50%,1,-,-,X,X,10%,-,1,20%,1,-,50%,1
"Torun, God of Anger",Cutthroat Jungle,20,,-,605,-,-,2.25,7.5,-,-,-,4.3,4.3,-,-,4,-,-,-,-,-,,1,-,50%,1,-,-,X,X,10%,-,1,20%,1,-,50%,1
"Torun, God of Anger",Cutthroat Jungle,21,,-,605,-,-,2.25,7.5,-,-,-,4.3,4.3,-,-,4,-,-,-,-,-,,1,-,50%,1,-,-,X,X,10%,-,1,20%,1,-,100%,1
"Torun, God of Anger",Cutthroat Jungle,22,,-,605,-,-,2.25,7.5,-,-,-,4.3,4.3,-,-,4,-,-,-,-,-,,1,-,50%,1,-,-,X,X,10%,-,1,20%,2,-,100%,1
"Torun, God of Anger",Cutthroat Jungle,23,,-,605,-,-,2.25,7.5,-,-,-,4.3,4.3,-,-,4,-,-,-,-,-,,1,-,50%,1,-,-,X,X,10%,-,2,20%,2,-,100%,1
"Torun, God of Anger",Cutthroat Jungle,24,,-,605,-,-,2.25,7.5,-,-,-,4.3,4.3,-,-,4,-,-,-,-,-,,1,-,50%,2,-,-,X,X,10%,-,2,20%,2,-,100%,1
"Torun, God of Anger",Cutthroat Jungle,25,,1.25,605,-,-,2.25,7.5,-,-,-,4.3,4.3,-,-,4,-,-,-,-,-,,1,-,50%,2,-,-,X,X,10%,-,2,20%,2,-,100%,1
"Torun, God of Anger",Cutthroat Jungle,26,,1.25,605,-,-,2.25,7.5,-,-,-,4.3,4.3,-,-,4,-,-,-,-,-,,1,-50%,50%,2,-,-,X,X,10%,-,2,20%,2,-,100%,1
"Torun, God of Anger",Cutthroat Jungle,27,,1.25,605,-,-,2.25,7.5,-,-,-,4.3,4.3,-,-,4,-,-,-,-,-,,1,-50%,100%,2,-,-,X,X,10%,-,2,20%,2,-,100%,1
"Torun, God of Anger",Cutthroat Jungle,28,,1.25,605,-,-,2.25,7.5,-,-,-,4.3,4.3,-,-,4,-,-,-,-,-,,1,-50%,100%,2,-,-,X,X,10%,-,2,20%,3,-,100%,1
"Torun, God of Anger",Cutthroat Jungle,29,,1.25,605,-,-,2.25,7.5,-,-,-,4.3,4.3,-,-,4,-,-,-,-,-,,1,-50%,100%,2,-,-,X,X,15%,-,2,20%,3,-,100%,1
"Torun, God of Anger",Cutthroat Jungle,30,,3.3,605,-,-,2.25,7.5,-,-,-,4.3,4.3,-,-,4,-,-,-,-,-,,1,-50%,100%,2,-,-,X,X,15%,-,2,20%,3,-,100%,1
"Torun, God of Anger",Cutthroat Jungle,31,,3.3,605,-,-,2.25,7.5,-,-,-,4.3,4.3,-,-,4,-,-,-,-,-,,1,-50%,100%,2,-,-,X,X,15%,-,2,20%,3,-,100%,2
"Torun, God of Anger",Cutthroat Jungle,32,,3.3,605,-,-,2.25,7.5,-,-,-,4.3,4.3,-,-,4,-,-,-,-,-,,1,-50%,100%,2,-,-,X,X,15%,-,2,20%,3,-50%,100%,2
"Torun, God of Anger",Cutthroat Jungle,33,,3.3,605,-,-,2.25,7.5,-,-,-,4.3,4.3,-,-,4,-,-,-,-,-,,1,-50%,100%,2,1,-,X,X,15%,-,2,20%,3,-50%,100%,2
"Torun, God of Anger",Cutthroat Jungle,34,,3.3,605,-,-,2.25,7.5,-,-,-,4.3,4.3,-,-,4,-,-,-,-,-,,1,-50%,100%,2,1,-,X,X,15%,-,3,20%,3,-50%,100%,2
"Torun, God of Anger",Cutthroat Jungle,35,,3.3,620,-,-,3,7.5,-,-,-,4.3,4.3,-,-,4,-,-,-,-,-,,1,-50%,100%,2,1,-,X,X,15%,-,3,20%,3,-50%,100%,2
"Torun, God of Anger",Cutthroat Jungle,36,,3.3,620,-,-,3,7.5,-,-,-,4.3,4.3,-,-,4,-,-,-,-,-,,2,-50%,100%,2,1,-,X,X,15%,-,3,20%,3,-50%,100%,2
"Torun, God of Anger",Cutthroat Jungle,37,,3.3,620,-,-,3,7.5,-,-,-,4.3,4.3,-,-,4,-,-,-,-,-,,2,-50%,100%,2,1,-,X,X,15%,-,3,30%,3,-50%,100%,2
"Torun, God of Anger",Cutthroat Jungle,38,,3.3,620,-,-,3,7.5,-,-,-,4.3,4.3,-,-,4,-,-,-,-,-,,2,-50%,100%,2,1,-,X,X,15%,-,3,30%,3,-50%,150%,2
"Torun, God of Anger",Cutthroat Jungle,39,,3.3,620,-,-,3,7.5,-,-,-,4.3,4.3,-,-,4,-,-,-,-,-,,2,-50%,100%,2,1,-,X,X,15%,-,4,30%,3,-50%,150%,2
"Torun, God of Anger",Cutthroat Jungle,40,,4.55,620,-,-,3,7.5,-,-,-,4.3,4.3,-,-,4,-,-,-,-,-,,2,-50%,100%,2,1,-,X,X,15%,-,4,30%,3,-50%,150%,2
"Torun, God of Anger",Cutthroat Jungle,41,,4.55,620,-,-,3,7.5,-,-,-,4.3,4.3,-,-,4,-,-,-,-,-,,3,-50%,100%,2,1,-,X,X,15%,-,4,30%,3,-50%,150%,2
"Torun, God of Anger",Cutthroat Jungle,42,,4.55,620,-,-,3,7.5,-,-,-,4.3,4.3,-,-,4,-,-,-,-,-,,3,-50%,100%,2,1,100%,X,X,15%,-,4,30%,3,-50%,150%,2
"Torun, God of Anger",Cutthroat Jungle,43,,4.55,620,-,-,3,7.5,-,-,-,4.3,4.3,-,-,4,-,-,-,-,-,,3,-50%,100%,2,1,100%,X,X,15%,-,4,40%,3,-50%,150%,2
"Torun, God of Anger",Cutthroat Jungle,44,,4.55,620,-,-,3,7.5,-,-,-,4.3,4.3,-,-,4,-,-,-,-,-,,3,-50%,100%,2,1,100%,X,X,20%,-,4,40%,3,-50%,150%,2
"Torun, God of Anger",Cutthroat Jungle,45,,4.55,620,-,-,3,7.5,-,-,-,4.3,4.3,-,-,7,-,-,-,-,-,,3,-50%,100%,2,1,1,X,X,20%,-,4,40%,3,-50%,150%,2
"Torun, God of Anger",Cutthroat Jungle,46,,4.55,620,-,-,3,7.5,-,-,-,4.3,4.3,-,-,7,-,-,-,-,-,,3,-50%,100%,2,1,100%,X,X,20%,10%,4,40%,3,-50%,150%,2
"Torun, God of Anger",Cutthroat Jungle,47,,4.55,620,-,-,3,7.5,-,-,-,4.3,4.3,-,-,7,-,-,-,-,-,,3,-50%,150%,2,1,100%,X,X,20%,10%,4,40%,3,-50%,150%,2
"Torun, God of Anger",Cutthroat Jungle,48,,4.55,620,-,-,3,7.5,-,-,-,4.3,4.3,-,-,7,-,-,-,-,-,,4,-50%,150%,2,1,100%,X,X,20%,10%,4,40%,3,-50%,150%,2
"Torun, God of Anger",Cutthroat Jungle,49,,4.55,620,-,-,3,7.5,-,-,-,4.3,4.3,-,-,7,-,-,-,-,-,,4,-50%,150%,2,1,100%,X,X,20%,10%,4,50%,3,-50%,150%,2
"Torun, God of Anger",Cutthroat Jungle,50,,4.55,620,-,-,3,7.5,-,-,-,4.3,4.3,-,-,10,-,-,-,-,-,,4,-50%,150%,2,1,1,X,X,20%,10%,4,50%,3,-50%,150%,2
"Torun, God of Anger",Cutthroat Jungle,51,,4.55,620,-,-,3,7.5,-,-,-,4.3,4.3,-,-,10,-,-,-,-,-,,4,-50%,150%,2,1,100%,X,X,25%,10%,4,50%,3,-50%,150%,2
"Torun, God of Anger",Cutthroat Jungle,52,,4.55,620,-,-,3,7.5,-,-,-,4.3,4.3,-,-,10,-,-,-,-,-,,4,-50%,150%,2,2,100%,X,X,25%,10%,4,50%,3,-50%,150%,2
"Torun, God of Anger",Cutthroat Jungle,53,,4.55,620,-,-,3,7.5,-,-,-,4.3,4.3,-,-,10,-,-,-,-,-,,4,-50%,150%,2,2,100%,X,X,25%,20%,4,50%,3,-50%,150%,2
"Torun, God of Anger",Cutthroat Jungle,54,,4.55,620,-,-,3,7.5,-,-,-,4.3,4.3,-,-,10,-,-,-,-,-,,4,-50%,150%,2,2,100%,X,X,25%,20%,4,60%,3,-50%,150%,2
"Torun, God of Anger",Cutthroat Jungle,55,,4.55,620,-,-,3,7.5,-,-,-,4.3,4.3,-,-,10,-,-,-,-,-,,4,-50%,150%,2,2,100%,X,X,25%,20%,4,60%,3,-50%,150%,3
"Torun, God of Anger",Cutthroat Jungle,56,,4.55,620,-,-,3,7.5,-,-,-,4.3,4.3,-,-,10,-,-,-,-,-,,4,-100%,150%,2,2,100%,X,X,25%,20%,4,60%,3,-50%,150%,3
"Torun, God of Anger",Cutthroat Jungle,57,,4.55,620,-,-,3,7.5,-,-,-,4.3,4.3,-,-,10,-,-,-,-,-,,5,-100%,150%,2,2,100%,X,X,25%,20%,4,60%,3,-50%,150%,3
"Torun, God of Anger",Cutthroat Jungle,58,,4.55,620,-,-,3,7.5,-,-,-,4.3,4.3,-,-,10,-,-,-,-,-,,5,-100%,150%,2,2,100%,X,X,25%,20%,4,70%,3,-50%,150%,3
"Torun, God of Anger",Cutthroat Jungle,59,,4.55,620,-,-,3,7.5,-,-,-,4.3,4.3,-,-,10,-,-,-,-,-,,5,-100%,150%,2,2,100%,X,X,30%,20%,4,70%,3,-50%,150%,3
"Torun, God of Anger",Cutthroat Jungle,60,,4.55,620,-,-,3,7.5,-,-,-,4.3,4.3,-,-,13,-,-,-,-,-,,5,-100%,150%,2,2,1,X,X,30%,20%,4,70%,3,-50%,150%,3
"Torun, God of Anger",Cutthroat Jungle,61,,4.55,620,-,-,3,7.5,-,-,-,4.3,4.3,-,-,13,-,-,-,-,-,,5,-100%,150%,2,2,100%,X,X,30%,30%,4,70%,3,-50%,150%,3
"Torun, God of Anger",Cutthroat Jungle,62,,4.55,620,-,-,3,7.5,-,-,-,4.3,4.3,-,-,13,-,-,-,-,-,,5,-100%,150%,2,2,100%,X,X,30%,30%,4,80%,3,-50%,150%,3
"Torun, God of Anger",Cutthroat Jungle,63,,4.55,620,-,-,3,7.5,-,-,-,4.3,4.3,-,-,13,-,-,-,-,-,,5,-100%,150%,2,2,100%,X,X,35%,30%,4,80%,3,-50%,150%,3
"Torun, God of Anger",Cutthroat Jungle,64,,4.55,620,-,-,3,7.5,-,-,-,4.3,4.3,-,-,13,-,-,-,-,-,,5,-100%,150%,2,2,100%,X,X,35%,40%,4,80%,3,-50%,150%,3
"Torun, God of Anger",Cutthroat Jungle,65,,4.55,620,-,-,3,7.5,-,-,-,4.3,4.3,-,-,13,-,-,-,-,-,,5,-100%,150%,2,2,100%,X,X,35%,40%,4,80%,3,-50%,200%,3
"Torun, God of Anger",Cutthroat Jungle,66,,4.55,620,-,-,3,7.5,-,-,-,4.3,4.3,-,-,13,-,-,-,-,-,,5,-100%,150%,2,2,100%,X,X,35%,40%,4,80%,3,-100%,200%,3
"Torun, God of Anger",Cutthroat Jungle,67,,4.55,620,-,-,3,7.5,-,-,-,4.3,4.3,-,-,13,-,-,-,-,-,,5,-100%,150%,2,2,100%,X,X,35%,40%,4,90%,3,-100%,200%,3
"Torun, God of Anger",Cutthroat Jungle,68,,4.55,620,-,-,3,7.5,-,-,-,4.3,4.3,-,-,13,-,-,-,-,-,,5,-100%,150%,2,2,100%,X,X,35%,50%,4,90%,3,-100%,200%,3
"Torun, God of Anger",Cutthroat Jungle,69,,4.55,620,-,-,3,7.5,-,-,-,4.3,4.3,-,-,13,-,-,-,-,-,,5,-100%,150%,2,2,100%,X,X,40%,50%,4,90%,3,-100%,200%,3
"Torun, God of Anger",Cutthroat Jungle,70,,4.55,620,-,-,3,7.5,-,-,-,4.3,4.3,-,5,13,-,-,-,-,-,,5,-100%,150%,2,2,1,X,X,40%,50%,4,90%,3,-100%,200%,3
"Torun, God of Anger",Cutthroat Jungle,71,,4.55,620,-,-,3,7.5,-,-,-,4.3,4.3,-,5,13,-,-,-,-,-,,5,-100%,150%,2,2,100%,X,X,40%,50%,4,100%,3,-100%,200%,3
"Torun, God of Anger",Cutthroat Jungle,72,,4.55,620,-,-,3,7.5,-,-,-,4.3,4.3,-,5,13,-,-,-,-,-,,5,-100%,150%,2,2,100%,X,X,40%,60%,4,100%,3,-100%,200%,3
"Torun, God of Anger",Cutthroat Jungle,73,,4.55,620,-,-,3,7.5,-,-,-,4.3,4.3,-,5,13,-,-,-,-,-,,5,-100%,150%,2,2,100%,X,X,45%,60%,4,100%,3,-100%,200%,3
"Torun, God of Anger",Cutthroat Jungle,74,,4.55,620,-,-,3,7.5,-,-,-,4.3,4.3,-,5,13,-,-,-,-,-,,5,-100%,150%,2,2,100%,X,X,45%,70%,4,100%,3,-100%,200%,3
"Torun, God of Anger",Cutthroat Jungle,75,,4.55,620,-,-,3,7.5,-,-,-,4.3,4.3,-,5,13,-,-,-,-,-,,5,-100%,150%,2,2,100%,X,X,45%,80%,4,100%,3,-100%,200%,3
"Torun, God of Anger",Cutthroat Jungle,76,,4.55,620,-,-,3,7.5,-,-,-,4.3,4.3,-,5,13,-,-,-,-,-,,5,-100%,200%,2,2,100%,X,X,45%,80%,4,100%,3,-100%,200%,3
"Torun, God of Anger",Cutthroat Jungle,77,,4.55,620,-,-,3,7.5,-,-,-,4.3,4.3,-,5,13,-,-,-,-,-,,5,-100%,200%,2,2,100%,X,X,45%,90%,4,100%,3,-100%,200%,3
"Torun, God of Anger",Cutthroat Jungle,78,,4.55,620,-,-,3,7.5,-,-,-,4.3,4.3,-,5,13,-,-,-,-,-,,5,-100%,200%,2,2,100%,X,X,45%,90%,4,110%,3,-100%,200%,3
"Torun, God of Anger",Cutthroat Jungle,79,,4.55,620,-,-,3,7.5,-,-,-,4.3,4.3,-,5,13,-,-,-,-,-,,5,-100%,200%,2,2,100%,X,X,50%,90%,4,110%,3,-100%,200%,3
"Torun, God of Anger",Cutthroat Jungle,80,,4.55,620,-,-,3,7.5,-,-,-,4.3,4.3,-,5,13,3,-,-,-,-,,5,-100%,200%,2,2,1,X,X,50%,90%,4,110%,3,-100%,200%,3
"Torun, God of Anger",Cutthroat Jungle,81,,4.55,620,-,-,3,7.5,-,-,-,4.3,4.3,-,5,13,3,-,-,-,-,,5,-100%,200%,2,2,100%,X,X,50%,100%,4,110%,3,-100%,200%,3
"Torun, God of Anger",Cutthroat Jungle,82,,4.55,620,-,-,3,7.5,-,-,-,4.3,4.3,-,5,13,3,-,-,-,-,,5,-100%,200%,2,2,100%,X,X,50%,100%,4,120%,3,-100%,200%,3
"Torun, God of Anger",Cutthroat Jungle,83,,4.55,620,-,-,3,7.5,-,-,-,4.3,4.3,-,5,13,3,-,-,-,-,,5,-100%,200%,2,2,100%,X,X,50%,110%,4,120%,3,-100%,200%,3
"Torun, God of Anger",Cutthroat Jungle,84,,4.55,620,-,-,3,7.5,-,-,-,4.3,4.3,-,5,13,3,-,-,-,-,,5,-100%,200%,2,2,100%,X,X,55%,110%,4,120%,3,-100%,200%,3
"Torun, God of Anger",Cutthroat Jungle,85,,4.55,620,-,-,3,7.5,-,-,-,4.3,4.3,-,5,13,3,-,-,-,-,,5,-100%,200%,2,2,100%,X,X,55%,110%,4,120%,3,-100%,250%,3
"Torun, God of Anger",Cutthroat Jungle,86,,4.55,620,-,-,3,7.5,-,-,-,4.3,4.3,-,5,13,3,-,-,-,-,,5,-100%,200%,2,2,100%,X,X,60%,110%,4,120%,3,-100%,250%,3
"Torun, God of Anger",Cutthroat Jungle,87,,4.55,620,-,-,3,7.5,-,-,-,4.3,4.3,-,5,13,3,-,-,-,-,,5,-100%,200%,2,2,100%,X,X,60%,110%,4,130%,3,-100%,250%,3
"Torun, God of Anger",Cutthroat Jungle,88,,4.55,620,-,-,3,7.5,-,-,-,4.3,4.3,-,5,13,3,-,-,-,-,,5,-100%,200%,2,2,100%,X,X,65%,110%,4,130%,3,-100%,250%,3
"Torun, God of Anger",Cutthroat Jungle,89,,4.55,620,-,-,3,7.5,-,-,-,4.3,4.3,-,5,13,3,-,-,-,-,,5,-100%,200%,2,2,100%,X,X,65%,120%,4,130%,3,-100%,250%,3
"Torun, God of Anger",Cutthroat Jungle,90,,4.55,635,-,-,3.75,7.5,-,-,-,4.3,4.3,-,5,13,3,-,-,-,-,,5,-100%,200%,2,2,1,X,X,65%,120%,4,130%,3,-100%,250%,3
"Torun, God of Anger",Cutthroat Jungle,91,,4.55,635,-,-,3.75,7.5,-,-,-,4.3,4.3,-,5,13,3,-,-,-,-,,5,-100%,200%,2,2,100%,X,X,65%,130%,4,130%,3,-100%,250%,3
"Torun, God of Anger",Cutthroat Jungle,92,,4.55,635,-,-,3.75,7.5,-,-,-,4.3,4.3,-,5,13,3,-,-,-,-,,5,-100%,200%,2,2,100%,X,X,65%,130%,4,140%,3,-100%,250%,3
"Torun, God of Anger",Cutthroat Jungle,93,,4.55,635,-,-,3.75,7.5,-,-,-,4.3,4.3,-,5,13,3,-,-,-,-,,5,-100%,200%,2,2,100%,X,X,70%,130%,4,140%,3,-100%,250%,3
"Torun, God of Anger",Cutthroat Jungle,94,,4.55,635,-,-,3.75,7.5,-,-,-,4.3,4.3,-,5,13,3,-,-,-,-,,5,-100%,250%,2,2,100%,X,X,70%,130%,4,140%,3,-100%,250%,3
"Torun, God of Anger",Cutthroat Jungle,95,,4.55,635,-,-,3.75,7.5,-,-,-,4.3,4.3,-,5,13,3,-,-,-,-,,5,-100%,250%,2,2,100%,X,X,70%,140%,4,140%,3,-100%,250%,3
"Torun, God of Anger",Cutthroat Jungle,96,,4.55,635,-,-,3.75,7.5,-,-,-,4.3,4.3,-,5,13,3,-,-,-,-,,5,-100%,250%,2,2,100%,X,X,70%,140%,4,150%,3,-100%,250%,3
"Torun, God of Anger",Cutthroat Jungle,97,,4.55,635,-,-,3.75,7.5,-,-,-,4.3,4.3,-,5,13,3,-,-,-,-,,5,-100%,250%,2,2,100%,X,X,75%,140%,4,150%,3,-100%,250%,3
"Torun, God of Anger",Cutthroat Jungle,98,,4.55,635,-,-,3.75,7.5,-,-,-,4.3,4.3,-,5,13,3,-,-,-,-,,5,-100%,250%,2,2,100%,X,X,75%,150%,4,150%,3,-100%,250%,3
"Torun, God of Anger",Cutthroat Jungle,99,,4.55,635,-,-,3.75,7.5,-,-,-,4.3,4.3,-,5,13,3,-,-,-,-,,5,-100%,250%,2,2,100%,X,X,80%,150%,4,150%,3,-100%,250%,3
"Torun, God of Anger",Cutthroat Jungle,100,,4.55,635,-,-,3.75,7.5,-,-,-,4.3,4.3,-,5,13,3,5,-,-,-,,5,-100%,250%,2,2,1,X,X,80%,150%,4,150%,3,-100%,250%,3
"Venedon, God of Discord",Caustic Reactor,0,,-,400,-,-,-,9,-,-,-,-,3,-,-,-,-,-,-,-,-,,-,-,-,-,-,-,-,-,-,-,-,-,-,-,-,-
"Venedon, God of Discord",Caustic Reactor,1,,-,500,-,-,-,9,-,-,-,-,3,-,-,-,-,-,-,-,-,,-,-,-,-,-,-,-,-,-,-,-,-,-,-,-,-
"Venedon, God of Discord",Caustic Reactor,2,,-,500,-,-,-,9,-,-,-,-,3,-,-,-,-,-,-,-,-,,-,-,-,-,-,-,-,-,5%,-,-,-,-,-,-,-
"Venedon, God of Discord",Caustic Reactor,3,,-,500,-,5,-,9,-,-,-,-,3,-,-,-,-,-,-,-,-,,-,-,-,-,-,-,-,-,5%,-,-,-,-,-,-,-
"Venedon, God of Discord",Caustic Reactor,4,,-,500,-,5,-,9,-,-,-,-,3,-,-,-,-,-,-,-,-,,-,-,-,-,-,-,-,-,5%,-,-,10%,-,-,-,-
"Venedon, God of Discord",Caustic Reactor,5,,-,500,-,5,-,9,-,-,-,-,5,-,-,-,-,-,-,-,-,,-,-,-,-,-,-,-,-,5%,-,-,10%,-,-,-,-
"Venedon, God of Discord",Caustic Reactor,6,,-,500,-,5,-,9,-,-,-,-,5,-,-,-,-,-,-,-,-,,-,-,-,-,-,-,-,-,5%,-,-,10%,-,-,50%,-
"Venedon, God of Discord",Caustic Reactor,7,,1.25,500,-,5,-,9,-,-,-,-,5,-,-,-,-,-,-,-,-,,-,-,-,-,-,-,-,-,5%,-,-,10%,-,-,50%,-
"Venedon, God of Discord",Caustic Reactor,8,,1.25,500,-,5,-,9,-,-,-,-,5,-,-,-,-,-,-,-,-,,-,-,-,-,-,-,-,-,5%,-,-,10%,-,-,50%,1
"Venedon, God of Discord",Caustic Reactor,9,,1.25,500,-,5,-,9,-,-,-,-,5,-,-,-,-,-,-,-,-,,-,-,-,-,-,-,-,X,5%,-,-,10%,-,-,50%,1
"Venedon, God of Discord",Caustic Reactor,10,,1.95,500,-,5,-,9,-,-,-,-,5,-,-,-,-,-,-,-,-,,-,-,-,-,-,-,-,X,5%,-,-,10%,-,-,50%,1
"Venedon, God of Discord",Caustic Reactor,11,,1.95,500,-,5,-,9,-,-,-,-,5,-,-,-,-,-,-,-,-,,-,-,-,1,-,-,-,X,5%,-,-,10%,-,-,50%,1
"Venedon, God of Discord",Caustic Reactor,12,,1.95,500,-,5,-,9,-,-,-,-,5,-,-,-,-,-,-,-,-,,-,-,50%,1,-,-,-,X,5%,-,-,10%,-,-,50%,1
"Venedon, God of Discord",Caustic Reactor,13,,1.95,500,-,5,-,9,-,-,-,-,5,-,-,-,-,-,-,-,-,,-,-,50%,1,-,-,-,X,5%,-,-,10%,1,-,50%,1
"Venedon, God of Discord",Caustic Reactor,14,,1.95,500,-,5,-,9,-,-,-,-,5,-,-,-,-,-,-,-,-,,-,-,50%,1,-,-,-,X,5%,-,1,10%,1,-,50%,1
"Venedon, God of Discord",Caustic Reactor,15,,1.95,550,-,5,-,9,-,-,-,-,5,-,-,-,-,-,-,-,-,,-,-,50%,1,-,-,-,X,5%,-,1,10%,1,-,50%,1
"Venedon, God of Discord",Caustic Reactor,16,,1.95,550,-,5,-,9,-,-,-,-,5,-,-,-,-,-,-,-,-,,-,-,50%,1,-,-,X,X,5%,-,1,10%,1,-,50%,1
"Venedon, God of Discord",Caustic Reactor,17,,1.95,550,-,5,-,9,-,-,-,-,5,-,-,-,-,-,-,-,-,,1,-,50%,1,-,-,X,X,5%,-,1,10%,1,-,50%,1
"Venedon, God of Discord",Caustic Reactor,18,,1.95,550,-,5,-,9,-,-,-,-,5,-,-,-,-,-,-,-,-,,1,-,50%,1,-,-,X,X,5%,-,1,20%,1,-,50%,1
"Venedon, God of Discord",Caustic Reactor,19,,1.95,550,-,5,-,9,-,-,-,-,5,-,-,-,-,-,-,-,-,,1,-,50%,1,-,-,X,X,10%,-,1,20%,1,-,50%,1
"Venedon, God of Discord",Caustic Reactor,20,,1.95,550,-,5,-,9,-,-,-,5,5,-,-,-,-,-,-,-,-,,1,-,50%,1,-,-,X,X,10%,-,1,20%,1,-,50%,1
"Venedon, God of Discord",Caustic Reactor,21,,1.95,550,-,5,-,9,-,-,-,5,5,-,-,-,-,-,-,-,-,,1,-,50%,1,-,-,X,X,10%,-,1,20%,1,-,100%,1
"Venedon, God of Discord",Caustic Reactor,22,,1.95,550,-,5,-,9,-,-,-,5,5,-,-,-,-,-,-,-,-,,1,-,50%,1,-,-,X,X,10%,-,1,20%,2,-,100%,1
"Venedon, God of Discord",Caustic Reactor,23,,1.95,550,-,5,-,9,-,-,-,5,5,-,-,-,-,-,-,-,-,,1,-,50%,1,-,-,X,X,10%,-,2,20%,2,-,100%,1
"Venedon, God of Discord",Caustic Reactor,24,,1.95,550,-,5,-,9,-,-,-,5,5,-,-,-,-,-,-,-,-,,1,-,50%,2,-,-,X,X,10%,-,2,20%,2,-,100%,1
"Venedon, God of Discord",Caustic Reactor,25,,1.95,550,-,5,-,9,-,-,-,5,5,-,-,5,-,-,-,-,-,,1,-,50%,2,-,-,X,X,10%,-,2,20%,2,-,100%,1
"Venedon, God of Discord",Caustic Reactor,26,,1.95,550,-,5,-,9,-,-,-,5,5,-,-,5,-,-,-,-,-,,1,-50%,50%,2,-,-,X,X,10%,-,2,20%,2,-,100%,1
"Venedon, God of Discord",Caustic Reactor,27,,1.95,550,-,5,-,9,-,-,-,5,5,-,-,5,-,-,-,-,-,,1,-50%,100%,2,-,-,X,X,10%,-,2,20%,2,-,100%,1
"Venedon, God of Discord",Caustic Reactor,28,,1.95,550,-,5,-,9,-,-,-,5,5,-,-,5,-,-,-,-,-,,1,-50%,100%,2,-,-,X,X,10%,-,2,20%,3,-,100%,1
"Venedon, God of Discord",Caustic Reactor,29,,1.95,550,-,5,-,9,-,-,-,5,5,-,-,5,-,-,-,-,-,,1,-50%,100%,2,-,-,X,X,15%,-,2,20%,3,-,100%,1
"Venedon, God of Discord",Caustic Reactor,30,,1.95,550,-,5,-,9,-,-,-,5,5,3,-,5,-,-,-,-,-,,1,-50%,100%,2,-,-,X,X,15%,-,2,20%,3,-,100%,1
"Venedon, God of Discord",Caustic Reactor,31,,1.95,550,-,5,-,9,-,-,-,5,5,3,-,5,-,-,-,-,-,,1,-50%,100%,2,-,-,X,X,15%,-,2,20%,3,-,100%,2
"Venedon, God of Discord",Caustic Reactor,32,,1.95,550,-,5,-,9,-,-,-,5,5,3,-,5,-,-,-,-,-,,1,-50%,100%,2,-,-,X,X,15%,-,2,20%,3,-50%,100%,2
"Venedon, God of Discord",Caustic Reactor,33,,1.95,550,-,5,-,9,-,-,-,5,5,3,-,5,-,-,-,-,-,,1,-50%,100%,2,1,-,X,X,15%,-,2,20%,3,-50%,100%,2
"Venedon, God of Discord",Caustic Reactor,34,,1.95,550,-,5,-,9,-,-,-,5,5,3,-,5,-,-,-,-,-,,1,-50%,100%,2,1,-,X,X,15%,-,3,20%,3,-50%,100%,2
"Venedon, God of Discord",Caustic Reactor,35,,1.95,550,-,5,-,11.5,-,-,-,5,5,3,-,5,-,-,-,-,-,,1,-50%,100%,2,1,-,X,X,15%,-,3,20%,3,-50%,100%,2
"Venedon, God of Discord",Caustic Reactor,36,,1.95,550,-,5,-,11.5,-,-,-,5,5,3,-,5,-,-,-,-,-,,2,-50%,100%,2,1,-,X,X,15%,-,3,20%,3,-50%,100%,2
"Venedon, God of Discord",Caustic Reactor,37,,1.95,550,-,5,-,11.5,-,-,-,5,5,3,-,5,-,-,-,-,-,,2,-50%,100%,2,1,-,X,X,15%,-,3,30%,3,-50%,100%,2
"Venedon, God of Discord",Caustic Reactor,38,,1.95,550,-,5,-,11.5,-,-,-,5,5,3,-,5,-,-,-,-,-,,2,-50%,100%,2,1,-,X,X,15%,-,3,30%,3,-50%,150%,2
"Venedon, God of Discord",Caustic Reactor,39,,1.95,550,-,5,-,11.5,-,-,-,5,5,3,-,5,-,-,-,-,-,,2,-50%,100%,2,1,-,X,X,15%,-,4,30%,3,-50%,150%,2
"Venedon, God of Discord",Caustic Reactor,40,,1.95,550,-,5,-,13.5,-,-,-,5,5,3,-,5,-,-,-,-,-,,2,-50%,100%,2,1,-,X,X,15%,-,4,30%,3,-50%,150%,2
"Venedon, God of Discord",Caustic Reactor,41,,1.95,550,-,5,-,13.5,-,-,-,5,5,3,-,5,-,-,-,-,-,,3,-50%,100%,2,1,-,X,X,15%,-,4,30%,3,-50%,150%,2
"Venedon, God of Discord",Caustic Reactor,42,,1.95,550,-,5,-,13.5,-,-,-,5,5,3,-,5,-,-,-,-,-,,3,-50%,100%,2,1,100%,X,X,15%,-,4,30%,3,-50%,150%,2
"Venedon, God of Discord",Caustic Reactor,43,,1.95,550,-,5,-,13.5,-,-,-,5,5,3,-,5,-,-,-,-,-,,3,-50%,100%,2,1,100%,X,X,15%,-,4,40%,3,-50%,150%,2
"Venedon, God of Discord",Caustic Reactor,44,,1.95,550,-,5,-,13.5,-,-,-,5,5,3,-,5,-,-,-,-,-,,3,-50%,100%,2,1,100%,X,X,20%,-,4,40%,3,-50%,150%,2
"Venedon, God of Discord",Caustic Reactor,45,,1.95,550,-,5,-,15.5,-,-,-,5,5,3,-,5,-,-,-,-,-,,3,-50%,100%,2,1,1,X,X,20%,-,4,40%,3,-50%,150%,2
"Venedon, God of Discord",Caustic Reactor,46,,1.95,550,-,5,-,15.5,-,-,-,5,5,3,-,5,-,-,-,-,-,,3,-50%,100%,2,1,100%,X,X,20%,10%,4,40%,3,-50%,150%,2
"Venedon, God of Discord",Caustic Reactor,47,,1.95,550,-,5,-,15.5,-,-,-,5,5,3,-,5,-,-,-,-,-,,3,-50%,150%,2,1,100%,X,X,20%,10%,4,40%,3,-50%,150%,2
"Venedon, God of Discord",Caustic Reactor,48,,1.95,550,-,5,-,15.5,-,-,-,5,5,3,-,5,-,-,-,-,-,,4,-50%,150%,2,1,100%,X,X,20%,10%,4,40%,3,-50%,150%,2
"Venedon, God of Discord",Caustic Reactor,49,,1.95,550,-,5,-,15.5,-,-,-,5,5,3,-,5,-,-,-,-,-,,4,-50%,150%,2,1,100%,X,X,20%,10%,4,50%,3,-50%,150%,2
"Venedon, God of Discord",Caustic Reactor,50,,1.95,550,-,5,-,15.5,-,-,-,5,5,3,8,5,-,-,-,-,-,,4,-50%,150%,2,1,1,X,X,20%,10%,4,50%,3,-50%,150%,2
"Venedon, God of Discord",Caustic Reactor,51,,1.95,550,-,5,-,15.5,-,-,-,5,5,3,8,5,-,-,-,-,-,,4,-50%,150%,2,1,100%,X,X,25%,10%,4,50%,3,-50%,150%,2
"Venedon, God of Discord",Caustic Reactor,52,,1.95,550,-,5,-,15.5,-,-,-,5,5,3,8,5,-,-,-,-,-,,4,-50%,150%,2,2,100%,X,X,25%,10%,4,50%,3,-50%,150%,2
"Venedon, God of Discord",Caustic Reactor,53,,1.95,550,-,5,-,15.5,-,-,-,5,5,3,8,5,-,-,-,-,-,,4,-50%,150%,2,2,100%,X,X,25%,20%,4,50%,3,-50%,150%,2
"Venedon, God of Discord",Caustic Reactor,54,,1.95,550,-,5,-,15.5,-,-,-,5,5,3,8,5,-,-,-,-,-,,4,-50%,150%,2,2,100%,X,X,25%,20%,4,60%,3,-50%,150%,2
"Venedon, God of Discord",Caustic Reactor,55,,1.95,550,-,5,-,15.5,-,-,-,5,5,3,8,5,-,-,-,-,-,,4,-50%,150%,2,2,100%,X,X,25%,20%,4,60%,3,-50%,150%,3
"Venedon, God of Discord",Caustic Reactor,56,,1.95,550,-,5,-,15.5,-,-,-,5,5,3,8,5,-,-,-,-,-,,4,-100%,150%,2,2,100%,X,X,25%,20%,4,60%,3,-50%,150%,3
"Venedon, God of Discord",Caustic Reactor,57,,1.95,550,-,5,-,15.5,-,-,-,5,5,3,8,5,-,-,-,-,-,,5,-100%,150%,2,2,100%,X,X,25%,20%,4,60%,3,-50%,150%,3
"Venedon, God of Discord",Caustic Reactor,58,,1.95,550,-,5,-,15.5,-,-,-,5,5,3,8,5,-,-,-,-,-,,5,-100%,150%,2,2,100%,X,X,25%,20%,4,70%,3,-50%,150%,3
"Venedon, God of Discord",Caustic Reactor,59,,1.95,550,-,5,-,15.5,-,-,-,5,5,3,8,5,-,-,-,-,-,,5,-100%,150%,2,2,100%,X,X,30%,20%,4,70%,3,-50%,150%,3
"Venedon, God of Discord",Caustic Reactor,60,,1.95,550,-,10,-,15.5,-,-,-,5,5,3,8,5,-,-,-,-,-,,5,-100%,150%,2,2,1,X,X,30%,20%,4,70%,3,-50%,150%,3
"Venedon, God of Discord",Caustic Reactor,61,,1.95,550,-,10,-,15.5,-,-,-,5,5,3,8,5,-,-,-,-,-,,5,-100%,150%,2,2,100%,X,X,30%,30%,4,70%,3,-50%,150%,3
"Venedon, God of Discord",Caustic Reactor,62,,1.95,550,-,10,-,15.5,-,-,-,5,5,3,8,5,-,-,-,-,-,,5,-100%,150%,2,2,100%,X,X,30%,30%,4,80%,3,-50%,150%,3
"Venedon, God of Discord",Caustic Reactor,63,,1.95,550,-,10,-,15.5,-,-,-,5,5,3,8,5,-,-,-,-,-,,5,-100%,150%,2,2,100%,X,X,35%,30%,4,80%,3,-50%,150%,3
"Venedon, God of Discord",Caustic Reactor,64,,1.95,550,-,10,-,15.5,-,-,-,5,5,3,8,5,-,-,-,-,-,,5,-100%,150%,2,2,100%,X,X,35%,40%,4,80%,3,-50%,150%,3
"Venedon, God of Discord",Caustic Reactor,65,,1.95,550,-,10,-,15.5,-,-,-,5,5,3,8,5,-,-,-,-,-,,5,-100%,150%,2,2,100%,X,X,35%,40%,4,80%,3,-50%,200%,3
"Venedon, God of Discord",Caustic Reactor,66,,1.95,550,-,10,-,15.5,-,-,-,5,5,3,8,5,-,-,-,-,-,,5,-100%,150%,2,2,100%,X,X,35%,40%,4,80%,3,-100%,200%,3
"Venedon, God of Discord",Caustic Reactor,67,,1.95,550,-,10,-,15.5,-,-,-,5,5,3,8,5,-,-,-,-,-,,5,-100%,150%,2,2,100%,X,X,35%,40%,4,90%,3,-100%,200%,3
"Venedon, God of Discord",Caustic Reactor,68,,1.95,550,-,10,-,15.5,-,-,-,5,5,3,8,5,-,-,-,-,-,,5,-100%,150%,2,2,100%,X,X,35%,50%,4,90%,3,-100%,200%,3
"Venedon, God of Discord",Caustic Reactor,69,,1.95,550,-,10,-,15.5,-,-,-,5,5,3,8,5,-,-,-,-,-,,5,-100%,150%,2,2,100%,X,X,40%,50%,4,90%,3,-100%,200%,3
"Venedon, God of Discord",Caustic Reactor,70,,1.95,550,-,10,-,15.5,-,-,-,5,5,3,8,8,-,-,-,-,-,,5,-100%,150%,2,2,1,X,X,40%,50%,4,90%,3,-100%,200%,3
"Venedon, God of Discord",Caustic Reactor,71,,1.95,550,-,10,-,15.5,-,-,-,5,5,3,8,8,-,-,-,-,-,,5,-100%,150%,2,2,100%,X,X,40%,50%,4,100%,3,-100%,200%,3
"Venedon, God of Discord",Caustic Reactor,72,,1.95,550,-,10,-,15.5,-,-,-,5,5,3,8,8,-,-,-,-,-,,5,-100%,150%,2,2,100%,X,X,40%,60%,4,100%,3,-100%,200%,3
"Venedon, God of Discord",Caustic Reactor,73,,1.95,550,-,10,-,15.5,-,-,-,5,5,3,8,8,-,-,-,-,-,,5,-100%,150%,2,2,100%,X,X,45%,60%,4,100%,3,-100%,200%,3
"Venedon, God of Discord",Caustic Reactor,74,,1.95,550,-,10,-,15.5,-,-,-,5,5,3,8,8,-,-,-,-,-,,5,-100%,150%,2,2,100%,X,X,45%,70%,4,100%,3,-100%,200%,3
"Venedon, God of Discord",Caustic Reactor,75,,1.95,550,-,10,-,15.5,-,-,-,5,5,3,8,8,-,-,-,-,-,,5,-100%,150%,2,2,100%,X,X,45%,80%,4,100%,3,-100%,200%,3
"Venedon, God of Discord",Caustic Reactor,76,,1.95,550,-,10,-,15.5,-,-,-,5,5,3,8,8,-,-,-,-,-,,5,-100%,200%,2,2,100%,X,X,45%,80%,4,100%,3,-100%,200%,3
"Venedon, God of Discord",Caustic Reactor,77,,1.95,550,-,10,-,15.5,-,-,-,5,5,3,8,8,-,-,-,-,-,,5,-100%,200%,2,2,100%,X,X,45%,90%,4,100%,3,-100%,200%,3
"Venedon, God of Discord",Caustic Reactor,78,,1.95,550,-,10,-,15.5,-,-,-,5,5,3,8,8,-,-,-,-,-,,5,-100%,200%,2,2,100%,X,X,45%,90%,4,110%,3,-100%,200%,3
"Venedon, God of Discord",Caustic Reactor,79,,1.95,550,-,10,-,15.5,-,-,-,5,5,3,8,8,-,-,-,-,-,,5,-100%,200%,2,2,100%,X,X,50%,90%,4,110%,3,-100%,200%,3
"Venedon, God of Discord",Caustic Reactor,80,,1.95,550,-,10,-,15.5,-,-,-,5,5,3,8,8,-,5,-,-,-,,5,-100%,200%,2,2,1,X,X,50%,90%,4,110%,3,-100%,200%,3
"Venedon, God of Discord",Caustic Reactor,81,,1.95,550,-,10,-,15.5,-,-,-,5,5,3,8,8,-,5,-,-,-,,5,-100%,200%,2,2,100%,X,X,50%,100%,4,110%,3,-100%,200%,3
"Venedon, God of Discord",Caustic Reactor,82,,1.95,550,-,10,-,15.5,-,-,-,5,5,3,8,8,-,5,-,-,-,,5,-100%,200%,2,2,100%,X,X,50%,100%,4,120%,3,-100%,200%,3
"Venedon, God of Discord",Caustic Reactor,83,,1.95,550,-,10,-,15.5,-,-,-,5,5,3,8,8,-,5,-,-,-,,5,-100%,200%,2,2,100%,X,X,50%,110%,4,120%,3,-100%,200%,3
"Venedon, God of Discord",Caustic Reactor,84,,1.95,550,-,10,-,15.5,-,-,-,5,5,3,8,8,-,5,-,-,-,,5,-100%,200%,2,2,100%,X,X,55%,110%,4,120%,3,-100%,200%,3
"Venedon, God of Discord",Caustic Reactor,85,,1.95,550,-,10,-,15.5,-,-,-,5,5,3,8,8,-,5,-,-,-,,5,-100%,200%,2,2,100%,X,X,55%,110%,4,120%,3,-100%,250%,3
"Venedon, God of Discord",Caustic Reactor,86,,1.95,550,-,10,-,15.5,-,-,-,5,5,3,8,8,-,5,-,-,-,,5,-100%,200%,2,2,100%,X,X,60%,110%,4,120%,3,-100%,250%,3
"Venedon, God of Discord",Caustic Reactor,87,,1.95,550,-,10,-,15.5,-,-,-,5,5,3,8,8,-,5,-,-,-,,5,-100%,200%,2,2,100%,X,X,60%,110%,4,130%,3,-100%,250%,3
"Venedon, God of Discord",Caustic Reactor,88,,1.95,550,-,10,-,15.5,-,-,-,5,5,3,8,8,-,5,-,-,-,,5,-100%,200%,2,2,100%,X,X,65%,110%,4,130%,3,-100%,250%,3
"Venedon, God of Discord",Caustic Reactor,89,,1.95,550,-,10,-,15.5,-,-,-,5,5,3,8,8,-,5,-,-,-,,5,-100%,200%,2,2,100%,X,X,65%,120%,4,130%,3,-100%,250%,3
"Venedon, God of Discord",Caustic Reactor,90,,1.95,550,-,10,-,15.5,-,-,20%,5,5,3,8,8,-,5,-,-,-,,5,-100%,200%,2,2,1,X,X,65%,120%,4,130%,3,-100%,250%,3
"Venedon, God of Discord",Caustic Reactor,91,,1.95,550,-,10,-,15.5,-,-,20%,5,5,3,8,8,-,5,-,-,-,,5,-100%,200%,2,2,100%,X,X,65%,130%,4,130%,3,-100%,250%,3
"Venedon, God of Discord",Caustic Reactor,92,,1.95,550,-,10,-,15.5,-,-,20%,5,5,3,8,8,-,5,-,-,-,,5,-100%,200%,2,2,100%,X,X,65%,130%,4,140%,3,-100%,250%,3
"Venedon, God of Discord",Caustic Reactor,93,,1.95,550,-,10,-,15.5,-,-,20%,5,5,3,8,8,-,5,-,-,-,,5,-100%,200%,2,2,100%,X,X,70%,130%,4,140%,3,-100%,250%,3
"Venedon, God of Discord",Caustic Reactor,94,,1.95,550,-,10,-,15.5,-,-,20%,5,5,3,8,8,-,5,-,-,-,,5,-100%,250%,2,2,100%,X,X,70%,130%,4,140%,3,-100%,250%,3
"Venedon, God of Discord",Caustic Reactor,95,,1.95,550,-,10,-,15.5,-,-,20%,5,5,3,8,8,-,5,-,-,-,,5,-100%,250%,2,2,100%,X,X,70%,140%,4,140%,3,-100%,250%,3
"Venedon, God of Discord",Caustic Reactor,96,,1.95,550,-,10,-,15.5,-,-,20%,5,5,3,8,8,-,5,-,-,-,,5,-100%,250%,2,2,100%,X,X,70%,140%,4,150%,3,-100%,250%,3
"Venedon, God of Discord",Caustic Reactor,97,,1.95,550,-,10,-,15.5,-,-,20%,5,5,3,8,8,-,5,-,-,-,,5,-100%,250%,2,2,100%,X,X,75%,140%,4,150%,3,-100%,250%,3
"Venedon, God of Discord",Caustic Reactor,98,,1.95,550,-,10,-,15.5,-,-,20%,5,5,3,8,8,-,5,-,-,-,,5,-100%,250%,2,2,100%,X,X,75%,150%,4,150%,3,-100%,250%,3
"Venedon, God of Discord",Caustic Reactor,99,,1.95,550,-,10,-,15.5,-,-,20%,5,5,3,8,8,-,5,-,-,-,,5,-100%,250%,2,2,100%,X,X,80%,150%,4,150%,3,-100%,250%,3
"Venedon, God of Discord",Caustic Reactor,100,,2.65,550,-,10,-,15.5,-,-,20%,5,5,3,8,8,-,5,-,-,-,,5,-100%,250%,2,2,1,X,X,80%,150%,4,150%,3,-100%,250%,3
"Vertraag, God of Time",Eternity's End,0,,-,600,-,-,1,4,-,-,-,1,-,-,-,-,-,3,-,-,-,,-,-,-,-,-,-,-,-,-,-,-,-,-,-,-,-
"Vertraag, God of Time",Eternity's End,1,,-,675,-,-,1,4,-,-,-,1,-,-,-,-,-,3,-,-,-,,-,-,-,-,-,-,-,-,-,-,-,-,-,-,-,-
"Vertraag, God of Time",Eternity's End,2,,-,675,-,-,1,4,-,-,-,1,-,-,-,-,-,3,-,-,-,,-,-,-,-,-,-,-,-,5%,-,-,-,-,-,-,-
"Vertraag, God of Time",Eternity's End,3,,-,675,-,-,1,4,-,-,-,2,-,-,-,-,-,3,-,-,-,,-,-,-,-,-,-,-,-,5%,-,-,-,-,-,-,-
"Vertraag, God of Time",Eternity's End,4,,-,675,-,-,1,4,-,-,-,2,-,-,-,-,-,3,-,-,-,,-,-,-,-,-,-,-,-,5%,-,-,10%,-,-,-,-
"Vertraag, God of Time",Eternity's End,5,,-,725,-,-,1,4,-,-,-,2,-,-,-,-,-,3,-,-,-,,-,-,-,-,-,-,-,-,5%,-,-,10%,-,-,-,-
"Vertraag, God of Time",Eternity's End,6,,-,725,-,-,1,4,-,-,-,2,-,-,-,-,-,3,-,-,-,,-,-,-,-,-,-,-,-,5%,-,-,10%,-,-,50%,-
"Vertraag, God of Time",Eternity's End,7,,1,725,-,-,1,4,-,-,-,2,-,-,-,-,-,3,-,-,-,,-,-,-,-,-,-,-,-,5%,-,-,10%,-,-,50%,-
"Vertraag, God of Time",Eternity's End,8,,1,725,-,-,1,4,-,-,-,2,-,-,-,-,-,3,-,-,-,,-,-,-,-,-,-,-,-,5%,-,-,10%,-,-,50%,1
"Vertraag, God of Time",Eternity's End,9,,1,725,-,-,1,4,-,-,-,2,-,-,-,-,-,3,-,-,-,,-,-,-,-,-,-,-,X,5%,-,-,10%,-,-,50%,1
"Vertraag, God of Time",Eternity's End,10,,1,725,-,-,1,4,-,-,-,2,2,-,-,-,-,3,-,-,-,,-,-,-,-,-,-,-,X,5%,-,-,10%,-,-,50%,1
"Vertraag, God of Time",Eternity's End,11,,1,725,-,-,1,4,-,-,-,2,2,-,-,-,-,3,-,-,-,,-,-,-,1,-,-,-,X,5%,-,-,10%,-,-,50%,1
"Vertraag, God of Time",Eternity's End,12,,1,725,-,-,1,4,-,-,-,2,2,-,-,-,-,3,-,-,-,,-,-,50%,1,-,-,-,X,5%,-,-,10%,-,-,50%,1
"Vertraag, God of Time",Eternity's End,13,,1,725,-,-,1,4,-,-,-,2,2,-,-,-,-,3,-,-,-,,-,-,50%,1,-,-,-,X,5%,-,-,10%,1,-,50%,1
"Vertraag, God of Time",Eternity's End,14,,1,725,-,-,1,4,-,-,-,2,2,-,-,-,-,3,-,-,-,,-,-,50%,1,-,-,-,X,5%,-,1,10%,1,-,50%,1
"Vertraag, God of Time",Eternity's End,15,,1,725,-,-,1,4,-,-,-,2,2,-,-,-,-,6,-,-,-,,-,-,50%,1,-,-,-,X,5%,-,1,10%,1,-,50%,1
"Vertraag, God of Time",Eternity's End,16,,1,725,-,-,1,4,-,-,-,2,2,-,-,-,-,6,-,-,-,,-,-,50%,1,-,-,X,X,5%,-,1,10%,1,-,50%,1
"Vertraag, God of Time",Eternity's End,17,,1,725,-,-,1,4,-,-,-,2,2,-,-,-,-,6,-,-,-,,1,-,50%,1,-,-,X,X,5%,-,1,10%,1,-,50%,1
"Vertraag, God of Time",Eternity's End,18,,1,725,-,-,1,4,-,-,-,2,2,-,-,-,-,6,-,-,-,,1,-,50%,1,-,-,X,X,5%,-,1,20%,1,-,50%,1
"Vertraag, God of Time",Eternity's End,19,,1,725,-,-,1,4,-,-,-,2,2,-,-,-,-,6,-,-,-,,1,-,50%,1,-,-,X,X,10%,-,1,20%,1,-,50%,1
"Vertraag, God of Time",Eternity's End,20,,1,725,-,-,1,4,-,-,-,2,2,-,-,-,-,9,-,-,-,,1,-,50%,1,-,-,X,X,10%,-,1,20%,1,-,50%,1
"Vertraag, God of Time",Eternity's End,21,,1,725,-,-,1,4,-,-,-,2,2,-,-,-,-,9,-,-,-,,1,-,50%,1,-,-,X,X,10%,-,1,20%,1,-,100%,1
"Vertraag, God of Time",Eternity's End,22,,1,725,-,-,1,4,-,-,-,2,2,-,-,-,-,9,-,-,-,,1,-,50%,1,-,-,X,X,10%,-,1,20%,2,-,100%,1
"Vertraag, God of Time",Eternity's End,23,,1,725,-,-,1,4,-,-,-,2,2,-,-,-,-,9,-,-,-,,1,-,50%,1,-,-,X,X,10%,-,2,20%,2,-,100%,1
"Vertraag, God of Time",Eternity's End,24,,1,725,-,-,1,4,-,-,-,2,2,-,-,-,-,9,-,-,-,,1,-,50%,2,-,-,X,X,10%,-,2,20%,2,-,100%,1
"Vertraag, God of Time",Eternity's End,25,,1,725,-,-,1,4,-,-,-,3,2,-,-,-,-,9,-,-,-,,1,-,50%,2,-,-,X,X,10%,-,2,20%,2,-,100%,1
"Vertraag, God of Time",Eternity's End,26,,1,725,-,-,1,4,-,-,-,3,2,-,-,-,-,9,-,-,-,,1,-50%,50%,2,-,-,X,X,10%,-,2,20%,2,-,100%,1
"Vertraag, God of Time",Eternity's End,27,,1,725,-,-,1,4,-,-,-,3,2,-,-,-,-,9,-,-,-,,1,-50%,100%,2,-,-,X,X,10%,-,2,20%,2,-,100%,1
"Vertraag, God of Time",Eternity's End,28,,1,725,-,-,1,4,-,-,-,3,2,-,-,-,-,9,-,-,-,,1,-50%,100%,2,-,-,X,X,10%,-,2,20%,3,-,100%,1
"Vertraag, God of Time",Eternity's End,29,,1,725,-,-,1,4,-,-,-,3,2,-,-,-,-,9,-,-,-,,1,-50%,100%,2,-,-,X,X,15%,-,2,20%,3,-,100%,1
"Vertraag, God of Time",Eternity's End,30,,2,725,-,-,1,4,-,-,-,3,2,-,-,-,-,9,-,-,-,,1,-50%,100%,2,-,-,X,X,15%,-,2,20%,3,-,100%,1
"Vertraag, God of Time",Eternity's End,31,,2,725,-,-,1,4,-,-,-,3,2,-,-,-,-,9,-,-,-,,1,-50%,100%,2,-,-,X,X,15%,-,2,20%,3,-,100%,2
"Vertraag, God of Time",Eternity's End,32,,2,725,-,-,1,4,-,-,-,3,2,-,-,-,-,9,-,-,-,,1,-50%,100%,2,-,-,X,X,15%,-,2,20%,3,-50%,100%,2
"Vertraag, God of Time",Eternity's End,33,,2,725,-,-,1,4,-,-,-,3,2,-,-,-,-,9,-,-,-,,1,-50%,100%,2,1,-,X,X,15%,-,2,20%,3,-50%,100%,2
"Vertraag, God of Time",Eternity's End,34,,2,725,-,-,1,4,-,-,-,3,2,-,-,-,-,9,-,-,-,,1,-50%,100%,2,1,-,X,X,15%,-,3,20%,3,-50%,100%,2
"Vertraag, God of Time",Eternity's End,35,,2,850,-,-,1,4,-,-,-,3,2,-,-,-,-,9,-,-,-,,1,-50%,100%,2,1,-,X,X,15%,-,3,20%,3,-50%,100%,2
"Vertraag, God of Time",Eternity's End,36,,2,850,-,-,1,4,-,-,-,3,2,-,-,-,-,9,-,-,-,,2,-50%,100%,2,1,-,X,X,15%,-,3,20%,3,-50%,100%,2
"Vertraag, God of Time",Eternity's End,37,,2,850,-,-,1,4,-,-,-,3,2,-,-,-,-,9,-,-,-,,2,-50%,100%,2,1,-,X,X,15%,-,3,30%,3,-50%,100%,2
"Vertraag, God of Time",Eternity's End,38,,2,850,-,-,1,4,-,-,-,3,2,-,-,-,-,9,-,-,-,,2,-50%,100%,2,1,-,X,X,15%,-,3,30%,3,-50%,150%,2
"Vertraag, God of Time",Eternity's End,39,,2,850,-,-,1,4,-,-,-,3,2,-,-,-,-,9,-,-,-,,2,-50%,100%,2,1,-,X,X,15%,-,4,30%,3,-50%,150%,2
"Vertraag, God of Time",Eternity's End,40,,2,850,-,-,1,4,-,-,-,3,2,-,2,-,-,9,-,-,-,,2,-50%,100%,2,1,-,X,X,15%,-,4,30%,3,-50%,150%,2
"Vertraag, God of Time",Eternity's End,41,,2,850,-,-,1,4,-,-,-,3,2,-,2,-,-,9,-,-,-,,3,-50%,100%,2,1,-,X,X,15%,-,4,30%,3,-50%,150%,2
"Vertraag, God of Time",Eternity's End,42,,2,850,-,-,1,4,-,-,-,3,2,-,2,-,-,9,-,-,-,,3,-50%,100%,2,1,100%,X,X,15%,-,4,30%,3,-50%,150%,2
"Vertraag, God of Time",Eternity's End,43,,2,850,-,-,1,4,-,-,-,3,2,-,2,-,-,9,-,-,-,,3,-50%,100%,2,1,100%,X,X,15%,-,4,40%,3,-50%,150%,2
"Vertraag, God of Time",Eternity's End,44,,2,850,-,-,1,4,-,-,-,3,2,-,2,-,-,9,-,-,-,,3,-50%,100%,2,1,100%,X,X,20%,-,4,40%,3,-50%,150%,2
"Vertraag, God of Time",Eternity's End,45,,2,850,-,-,1,4,-,-,-,3,2,-,2,-,-,12,-,-,-,,3,-50%,100%,2,1,1,X,X,20%,-,4,40%,3,-50%,150%,2
"Vertraag, God of Time",Eternity's End,46,,2,850,-,-,1,4,-,-,-,3,2,-,2,-,-,12,-,-,-,,3,-50%,100%,2,1,100%,X,X,20%,10%,4,40%,3,-50%,150%,2
"Vertraag, God of Time",Eternity's End,47,,2,850,-,-,1,4,-,-,-,3,2,-,2,-,-,12,-,-,-,,3,-50%,150%,2,1,100%,X,X,20%,10%,4,40%,3,-50%,150%,2
"Vertraag, God of Time",Eternity's End,48,,2,850,-,-,1,4,-,-,-,3,2,-,2,-,-,12,-,-,-,,4,-50%,150%,2,1,100%,X,X,20%,10%,4,40%,3,-50%,150%,2
"Vertraag, God of Time",Eternity's End,49,,2,850,-,-,1,4,-,-,-,3,2,-,2,-,-,12,-,-,-,,4,-50%,150%,2,1,100%,X,X,20%,10%,4,50%,3,-50%,150%,2
"Vertraag, God of Time",Eternity's End,50,,2,850,-,-,1,7,-,-,-,3,2,-,2,-,-,12,-,-,-,,4,-50%,150%,2,1,1,X,X,20%,10%,4,50%,3,-50%,150%,2
"Vertraag, God of Time",Eternity's End,51,,2,850,-,-,1,7,-,-,-,3,2,-,2,-,-,12,-,-,-,,4,-50%,150%,2,1,100%,X,X,25%,10%,4,50%,3,-50%,150%,2
"Vertraag, God of Time",Eternity's End,52,,2,850,-,-,1,7,-,-,-,3,2,-,2,-,-,12,-,-,-,,4,-50%,150%,2,2,100%,X,X,25%,10%,4,50%,3,-50%,150%,2
"Vertraag, God of Time",Eternity's End,53,,2,850,-,-,1,7,-,-,-,3,2,-,2,-,-,12,-,-,-,,4,-50%,150%,2,2,100%,X,X,25%,20%,4,50%,3,-50%,150%,2
"Vertraag, God of Time",Eternity's End,54,,2,850,-,-,1,7,-,-,-,3,2,-,2,-,-,12,-,-,-,,4,-50%,150%,2,2,100%,X,X,25%,20%,4,60%,3,-50%,150%,2
"Vertraag, God of Time",Eternity's End,55,,2,850,-,-,1,7,-,-,-,3,2,-,2,-,-,12,-,-,-,,4,-50%,150%,2,2,100%,X,X,25%,20%,4,60%,3,-50%,150%,3
"Vertraag, God of Time",Eternity's End,56,,2,850,-,-,1,7,-,-,-,3,2,-,2,-,-,12,-,-,-,,4,-100%,150%,2,2,100%,X,X,25%,20%,4,60%,3,-50%,150%,3
"Vertraag, God of Time",Eternity's End,57,,2,850,-,-,1,7,-,-,-,3,2,-,2,-,-,12,-,-,-,,5,-100%,150%,2,2,100%,X,X,25%,20%,4,60%,3,-50%,150%,3
"Vertraag, God of Time",Eternity's End,58,,2,850,-,-,1,7,-,-,-,3,2,-,2,-,-,12,-,-,-,,5,-100%,150%,2,2,100%,X,X,25%,20%,4,70%,3,-50%,150%,3
"Vertraag, God of Time",Eternity's End,59,,2,850,-,-,1,7,-,-,-,3,2,-,2,-,-,12,-,-,-,,5,-100%,150%,2,2,100%,X,X,30%,20%,4,70%,3,-50%,150%,3
"Vertraag, God of Time",Eternity's End,60,,2,850,-,-,1,7,-,-,-,4,2,-,2,-,-,12,-,-,-,,5,-100%,150%,2,2,1,X,X,30%,20%,4,70%,3,-50%,150%,3
"Vertraag, God of Time",Eternity's End,61,,2,850,-,-,1,7,-,-,-,4,2,-,2,-,-,12,-,-,-,,5,-100%,150%,2,2,100%,X,X,30%,30%,4,70%,3,-50%,150%,3
"Vertraag, God of Time",Eternity's End,62,,2,850,-,-,1,7,-,-,-,4,2,-,2,-,-,12,-,-,-,,5,-100%,150%,2,2,100%,X,X,30%,30%,4,80%,3,-50%,150%,3
"Vertraag, God of Time",Eternity's End,63,,2,850,-,-,1,7,-,-,-,4,2,-,2,-,-,12,-,-,-,,5,-100%,150%,2,2,100%,X,X,35%,30%,4,80%,3,-50%,150%,3
"Vertraag, God of Time",Eternity's End,64,,2,850,-,-,1,7,-,-,-,4,2,-,2,-,-,12,-,-,-,,5,-100%,150%,2,2,100%,X,X,35%,40%,4,80%,3,-50%,150%,3
"Vertraag, God of Time",Eternity's End,65,,2,850,-,-,1,7,-,-,-,4,2,-,2,-,-,12,-,-,-,,5,-100%,150%,2,2,100%,X,X,35%,40%,4,80%,3,-50%,200%,3
"Vertraag, God of Time",Eternity's End,66,,2,850,-,-,1,7,-,-,-,4,2,-,2,-,-,12,-,-,-,,5,-100%,150%,2,2,100%,X,X,35%,40%,4,80%,3,-100%,200%,3
"Vertraag, God of Time",Eternity's End,67,,2,850,-,-,1,7,-,-,-,4,2,-,2,-,-,12,-,-,-,,5,-100%,150%,2,2,100%,X,X,35%,40%,4,90%,3,-100%,200%,3
"Vertraag, God of Time",Eternity's End,68,,2,850,-,-,1,7,-,-,-,4,2,-,2,-,-,12,-,-,-,,5,-100%,150%,2,2,100%,X,X,35%,50%,4,90%,3,-100%,200%,3
"Vertraag, God of Time",Eternity's End,69,,2,850,-,-,1,7,-,-,-,4,2,-,2,-,-,12,-,-,-,,5,-100%,150%,2,2,100%,X,X,40%,50%,4,90%,3,-100%,200%,3
"Vertraag, God of Time",Eternity's End,70,,2,850,-,-,1,8,-,-,-,4,2,-,2,-,-,12,-,-,-,,5,-100%,150%,2,2,1,X,X,40%,50%,4,90%,3,-100%,200%,3
"Vertraag, God of Time",Eternity's End,71,,2,850,-,-,1,8,-,-,-,4,2,-,2,-,-,12,-,-,-,,5,-100%,150%,2,2,100%,X,X,40%,50%,4,100%,3,-100%,200%,3
"Vertraag, God of Time",Eternity's End,72,,2,850,-,-,1,8,-,-,-,4,2,-,2,-,-,12,-,-,-,,5,-100%,150%,2,2,100%,X,X,40%,60%,4,100%,3,-100%,200%,3
"Vertraag, God of Time",Eternity's End,73,,2,850,-,-,1,8,-,-,-,4,2,-,2,-,-,12,-,-,-,,5,-100%,150%,2,2,100%,X,X,45%,60%,4,100%,3,-100%,200%,3
"Vertraag, God of Time",Eternity's End,74,,2,850,-,-,1,8,-,-,-,4,2,-,2,-,-,12,-,-,-,,5,-100%,150%,2,2,100%,X,X,45%,70%,4,100%,3,-100%,200%,3
"Vertraag, God of Time",Eternity's End,75,,2,850,-,-,1,8,-,-,-,4,2,-,2,-,-,12,-,-,-,,5,-100%,150%,2,2,100%,X,X,45%,80%,4,100%,3,-100%,200%,3
"Vertraag, God of Time",Eternity's End,76,,2,850,-,-,1,8,-,-,-,4,2,-,2,-,-,12,-,-,-,,5,-100%,200%,2,2,100%,X,X,45%,80%,4,100%,3,-100%,200%,3
"Vertraag, God of Time",Eternity's End,77,,2,850,-,-,1,8,-,-,-,4,2,-,2,-,-,12,-,-,-,,5,-100%,200%,2,2,100%,X,X,45%,90%,4,100%,3,-100%,200%,3
"Vertraag, God of Time",Eternity's End,78,,2,850,-,-,1,8,-,-,-,4,2,-,2,-,-,12,-,-,-,,5,-100%,200%,2,2,100%,X,X,45%,90%,4,110%,3,-100%,200%,3
"Vertraag, God of Time",Eternity's End,79,,2,850,-,-,1,8,-,-,-,4,2,-,2,-,-,12,-,-,-,,5,-100%,200%,2,2,100%,X,X,50%,90%,4,110%,3,-100%,200%,3
"Vertraag, God of Time",Eternity's End,80,,2,850,-,-,2,8,-,-,-,4,2,-,2,-,-,12,-,-,-,,5,-100%,200%,2,2,1,X,X,50%,90%,4,110%,3,-100%,200%,3
"Vertraag, God of Time",Eternity's End,81,,2,850,-,-,2,8,-,-,-,4,2,-,2,-,-,12,-,-,-,,5,-100%,200%,2,2,100%,X,X,50%,100%,4,110%,3,-100%,200%,3
"Vertraag, God of Time",Eternity's End,82,,2,850,-,-,2,8,-,-,-,4,2,-,2,-,-,12,-,-,-,,5,-100%,200%,2,2,100%,X,X,50%,100%,4,120%,3,-100%,200%,3
"Vertraag, God of Time",Eternity's End,83,,2,850,-,-,2,8,-,-,-,4,2,-,2,-,-,12,-,-,-,,5,-100%,200%,2,2,100%,X,X,50%,110%,4,120%,3,-100%,200%,3
"Vertraag, God of Time",Eternity's End,84,,2,850,-,-,2,8,-,-,-,4,2,-,2,-,-,12,-,-,-,,5,-100%,200%,2,2,100%,X,X,55%,110%,4,120%,3,-100%,200%,3
"Vertraag, God of Time",Eternity's End,85,,2,850,-,-,2,8,-,-,-,4,2,-,2,-,-,12,-,-,-,,5,-100%,200%,2,2,100%,X,X,55%,110%,4,120%,3,-100%,250%,3
"Vertraag, God of Time",Eternity's End,86,,2,850,-,-,2,8,-,-,-,4,2,-,2,-,-,12,-,-,-,,5,-100%,200%,2,2,100%,X,X,60%,110%,4,120%,3,-100%,250%,3
"Vertraag, God of Time",Eternity's End,87,,2,850,-,-,2,8,-,-,-,4,2,-,2,-,-,12,-,-,-,,5,-100%,200%,2,2,100%,X,X,60%,110%,4,130%,3,-100%,250%,3
"Vertraag, God of Time",Eternity's End,88,,2,850,-,-,2,8,-,-,-,4,2,-,2,-,-,12,-,-,-,,5,-100%,200%,2,2,100%,X,X,65%,110%,4,130%,3,-100%,250%,3
"Vertraag, God of Time",Eternity's End,89,,2,850,-,-,2,8,-,-,-,4,2,-,2,-,-,12,-,-,-,,5,-100%,200%,2,2,100%,X,X,65%,120%,4,130%,3,-100%,250%,3
"Vertraag, God of Time",Eternity's End,90,,2,850,-,-,2,8,-,-,-,4,2,-,2,2,-,12,-,-,-,,5,-100%,200%,2,2,1,X,X,65%,120%,4,130%,3,-100%,250%,3
"Vertraag, God of Time",Eternity's End,91,,2,850,-,-,2,8,-,-,-,4,2,-,2,2,-,12,-,-,-,,5,-100%,200%,2,2,100%,X,X,65%,130%,4,130%,3,-100%,250%,3
"Vertraag, God of Time",Eternity's End,92,,2,850,-,-,2,8,-,-,-,4,2,-,2,2,-,12,-,-,-,,5,-100%,200%,2,2,100%,X,X,65%,130%,4,140%,3,-100%,250%,3
"Vertraag, God of Time",Eternity's End,93,,2,850,-,-,2,8,-,-,-,4,2,-,2,2,-,12,-,-,-,,5,-100%,200%,2,2,100%,X,X,70%,130%,4,140%,3,-100%,250%,3
"Vertraag, God of Time",Eternity's End,94,,2,850,-,-,2,8,-,-,-,4,2,-,2,2,-,12,-,-,-,,5,-100%,250%,2,2,100%,X,X,70%,130%,4,140%,3,-100%,250%,3
"Vertraag, God of Time",Eternity's End,95,,2,850,-,-,2,8,-,-,-,4,2,-,2,2,-,12,-,-,-,,5,-100%,250%,2,2,100%,X,X,70%,140%,4,140%,3,-100%,250%,3
"Vertraag, God of Time",Eternity's End,96,,2,850,-,-,2,8,-,-,-,4,2,-,2,2,-,12,-,-,-,,5,-100%,250%,2,2,100%,X,X,70%,140%,4,150%,3,-100%,250%,3
"Vertraag, God of Time",Eternity's End,97,,2,850,-,-,2,8,-,-,-,4,2,-,2,2,-,12,-,-,-,,5,-100%,250%,2,2,100%,X,X,75%,140%,4,150%,3,-100%,250%,3
"Vertraag, God of Time",Eternity's End,98,,2,850,-,-,2,8,-,-,-,4,2,-,2,2,-,12,-,-,-,,5,-100%,250%,2,2,100%,X,X,75%,150%,4,150%,3,-100%,250%,3
"Vertraag, God of Time",Eternity's End,99,,2,850,-,-,2,8,-,-,-,4,2,-,2,2,-,12,-,-,-,,5,-100%,250%,2,2,100%,X,X,80%,150%,4,150%,3,-100%,250%,3
"Vertraag, God of Time",Eternity's End,100,,2,850,-,-,2,8,-,-,-,4,2,-,2,2,-,15,-,-,-,,5,-100%,250%,2,2,1,X,X,80%,150%,4,150%,3,-100%,250%,3
"Vulcanar, God of Fire",Great Pandemonium,0,,-,325,-,-,5,-,-,1,-,3,-,-,-,-,3,-,-,-,-,,-,-,-,-,-,-,-,-,-,-,-,-,-,-,-,-
"Vulcanar, God of Fire",Great Pandemonium,1,,-,325,-,-,7.5,-,-,1,-,3,-,-,-,-,3,-,-,-,-,,-,-,-,-,-,-,-,-,-,-,-,-,-,-,-,-
"Vulcanar, God of Fire",Great Pandemonium,2,,-,325,-,-,7.5,-,-,1,-,3,-,-,-,-,3,-,-,-,-,,-,-,-,-,-,-,-,-,5%,-,-,-,-,-,-,-
"Vulcanar, God of Fire",Great Pandemonium,3,,-,325,-,-,7.5,-,-,1,-,3,3,-,-,-,3,-,-,-,-,,-,-,-,-,-,-,-,-,5%,-,-,-,-,-,-,-
"Vulcanar, God of Fire",Great Pandemonium,4,,-,325,-,-,7.5,-,-,1,-,3,3,-,-,-,3,-,-,-,-,,-,-,-,-,-,-,-,-,5%,-,-,10%,-,-,-,-
"Vulcanar, God of Fire",Great Pandemonium,5,,-,385,-,-,7.5,-,-,1,-,3,3,-,-,-,3,-,-,-,-,,-,-,-,-,-,-,-,-,5%,-,-,10%,-,-,-,-
"Vulcanar, God of Fire",Great Pandemonium,6,,-,385,-,-,7.5,-,-,1,-,3,3,-,-,-,3,-,-,-,-,,-,-,-,-,-,-,-,-,5%,-,-,10%,-,-,50%,-
"Vulcanar, God of Fire",Great Pandemonium,7,,-,385,-,-,7.5,-,-,1,-,3,3,-,-,-,3,-,-,-,-,,-,-,-,-,-,-,-,-,5%,-,-,10%,-,-,50%,-
"Vulcanar, God of Fire",Great Pandemonium,8,,-,385,-,-,7.5,-,-,1,-,3,3,-,-,-,3,-,-,-,-,,-,-,-,-,-,-,-,-,5%,-,-,10%,-,-,50%,1
"Vulcanar, God of Fire",Great Pandemonium,9,,-,385,-,-,7.5,-,-,1,-,3,3,-,-,-,3,-,-,-,-,,-,-,-,-,-,-,-,X,5%,-,-,10%,-,-,50%,1
"Vulcanar, God of Fire",Great Pandemonium,10,,-,385,-,-,7.5,-,-,1,-,3,3,-,-,-,3,-,-,-,-,,-,-,-,-,-,-,-,X,5%,-,-,10%,-,-,50%,1
"Vulcanar, God of Fire",Great Pandemonium,11,,-,385,-,-,7.5,-,-,1,-,3,3,-,-,-,3,-,-,-,-,,-,-,-,1,-,-,-,X,5%,-,-,10%,-,-,50%,1
"Vulcanar, God of Fire",Great Pandemonium,12,,-,385,-,-,7.5,-,-,1,-,3,3,-,-,-,3,-,-,-,-,,-,-,50%,1,-,-,-,X,5%,-,-,10%,-,-,50%,1
"Vulcanar, God of Fire",Great Pandemonium,13,,-,385,-,-,7.5,-,-,1,-,3,3,-,-,-,3,-,-,-,-,,-,-,50%,1,-,-,-,X,5%,-,-,10%,1,-,50%,1
"Vulcanar, God of Fire",Great Pandemonium,14,,-,385,-,-,7.5,-,-,1,-,3,3,-,-,-,3,-,-,-,-,,-,-,50%,1,-,-,-,X,5%,-,1,10%,1,-,50%,1
"Vulcanar, God of Fire",Great Pandemonium,15,,-,385,-,-,7.5,-,-,2,-,3,3,-,-,-,3,-,-,-,-,,-,-,50%,1,-,-,-,X,5%,-,1,10%,1,-,50%,1
"Vulcanar, God of Fire",Great Pandemonium,16,,-,385,-,-,7.5,-,-,2,-,3,3,-,-,-,3,-,-,-,-,,-,-,50%,1,-,-,X,X,5%,-,1,10%,1,-,50%,1
"Vulcanar, God of Fire",Great Pandemonium,17,,-,385,-,-,7.5,-,-,2,-,3,3,-,-,-,3,-,-,-,-,,1,-,50%,1,-,-,X,X,5%,-,1,10%,1,-,50%,1
"Vulcanar, God of Fire",Great Pandemonium,18,,-,385,-,-,7.5,-,-,2,-,3,3,-,-,-,3,-,-,-,-,,1,-,50%,1,-,-,X,X,5%,-,1,20%,1,-,50%,1
"Vulcanar, God of Fire",Great Pandemonium,19,,-,385,-,-,7.5,-,-,2,-,3,3,-,-,-,3,-,-,-,-,,1,-,50%,1,-,-,X,X,10%,-,1,20%,1,-,50%,1
"Vulcanar, God of Fire",Great Pandemonium,20,,-,385,-,-,10,-,-,2,-,3,3,-,-,-,3,-,-,-,-,,1,-,50%,1,-,-,X,X,10%,-,1,20%,1,-,50%,1
"Vulcanar, God of Fire",Great Pandemonium,21,,-,385,-,-,10,-,-,2,-,3,3,-,-,-,3,-,-,-,-,,1,-,50%,1,-,-,X,X,10%,-,1,20%,1,-,100%,1
"Vulcanar, God of Fire",Great Pandemonium,22,,-,385,-,-,10,-,-,2,-,3,3,-,-,-,3,-,-,-,-,,1,-,50%,1,-,-,X,X,10%,-,1,20%,2,-,100%,1
"Vulcanar, God of Fire",Great Pandemonium,23,,-,385,-,-,10,-,-,2,-,3,3,-,-,-,3,-,-,-,-,,1,-,50%,1,-,-,X,X,10%,-,2,20%,2,-,100%,1
"Vulcanar, God of Fire",Great Pandemonium,24,,-,385,-,-,10,-,-,2,-,3,3,-,-,-,3,-,-,-,-,,1,-,50%,2,-,-,X,X,10%,-,2,20%,2,-,100%,1
"Vulcanar, God of Fire",Great Pandemonium,25,,-,385,-,-,10,-,-,2,-,3,3,-,3,-,3,-,-,-,-,,1,-,50%,2,-,-,X,X,10%,-,2,20%,2,-,100%,1
"Vulcanar, God of Fire",Great Pandemonium,26,,-,385,-,-,10,-,-,2,-,3,3,-,3,-,3,-,-,-,-,,1,-50%,50%,2,-,-,X,X,10%,-,2,20%,2,-,100%,1
"Vulcanar, God of Fire",Great Pandemonium,27,,-,385,-,-,10,-,-,2,-,3,3,-,3,-,3,-,-,-,-,,1,-50%,100%,2,-,-,X,X,10%,-,2,20%,2,-,100%,1
"Vulcanar, God of Fire",Great Pandemonium,28,,-,385,-,-,10,-,-,2,-,3,3,-,3,-,3,-,-,-,-,,1,-50%,100%,2,-,-,X,X,10%,-,2,20%,3,-,100%,1
"Vulcanar, God of Fire",Great Pandemonium,29,,-,385,-,-,10,-,-,2,-,3,3,-,3,-,3,-,-,-,-,,1,-50%,100%,2,-,-,X,X,15%,-,2,20%,3,-,100%,1
"Vulcanar, God of Fire",Great Pandemonium,30,,1,385,-,-,10,-,-,2,-,3,3,-,3,-,3,-,-,-,-,,1,-50%,100%,2,-,-,X,X,15%,-,2,20%,3,-,100%,1
"Vulcanar, God of Fire",Great Pandemonium,31,,1,385,-,-,10,-,-,2,-,3,3,-,3,-,3,-,-,-,-,,1,-50%,100%,2,-,-,X,X,15%,-,2,20%,3,-,100%,2
"Vulcanar, God of Fire",Great Pandemonium,32,,1,385,-,-,10,-,-,2,-,3,3,-,3,-,3,-,-,-,-,,1,-50%,100%,2,-,-,X,X,15%,-,2,20%,3,-50%,100%,2
"Vulcanar, God of Fire",Great Pandemonium,33,,1,385,-,-,10,-,-,2,-,3,3,-,3,-,3,-,-,-,-,,1,-50%,100%,2,1,-,X,X,15%,-,2,20%,3,-50%,100%,2
"Vulcanar, God of Fire",Great Pandemonium,34,,1,385,-,-,10,-,-,2,-,3,3,-,3,-,3,-,-,-,-,,1,-50%,100%,2,1,-,X,X,15%,-,3,20%,3,-50%,100%,2
"Vulcanar, God of Fire",Great Pandemonium,35,,1,385,-,-,10,-,-,2,-,3,3,-,3,-,3,4,-,-,-,,1,-50%,100%,2,1,-,X,X,15%,-,3,20%,3,-50%,100%,2
"Vulcanar, God of Fire",Great Pandemonium,36,,1,385,-,-,10,-,-,2,-,3,3,-,3,-,3,4,-,-,-,,2,-50%,100%,2,1,-,X,X,15%,-,3,20%,3,-50%,100%,2
"Vulcanar, God of Fire",Great Pandemonium,37,,1,385,-,-,10,-,-,2,-,3,3,-,3,-,3,4,-,-,-,,2,-50%,100%,2,1,-,X,X,15%,-,3,30%,3,-50%,100%,2
"Vulcanar, God of Fire",Great Pandemonium,38,,1,385,-,-,10,-,-,2,-,3,3,-,3,-,3,4,-,-,-,,2,-50%,100%,2,1,-,X,X,15%,-,3,30%,3,-50%,150%,2
"Vulcanar, God of Fire",Great Pandemonium,39,,1,385,-,-,10,-,-,2,-,3,3,-,3,-,3,4,-,-,-,,2,-50%,100%,2,1,-,X,X,15%,-,4,30%,3,-50%,150%,2
"Vulcanar, God of Fire",Great Pandemonium,40,,1,385,-,-,10,-,-,2,-,3,3,-,3,-,3,7,-,-,-,,2,-50%,100%,2,1,-,X,X,15%,-,4,30%,3,-50%,150%,2
"Vulcanar, God of Fire",Great Pandemonium,41,,1,385,-,-,10,-,-,2,-,3,3,-,3,-,3,7,-,-,-,,3,-50%,100%,2,1,-,X,X,15%,-,4,30%,3,-50%,150%,2
"Vulcanar, God of Fire",Great Pandemonium,42,,1,385,-,-,10,-,-,2,-,3,3,-,3,-,3,7,-,-,-,,3,-50%,100%,2,1,100%,X,X,15%,-,4,30%,3,-50%,150%,2
"Vulcanar, God of Fire",Great Pandemonium,43,,1,385,-,-,10,-,-,2,-,3,3,-,3,-,3,7,-,-,-,,3,-50%,100%,2,1,100%,X,X,15%,-,4,40%,3,-50%,150%,2
"Vulcanar, God of Fire",Great Pandemonium,44,,1,385,-,-,10,-,-,2,-,3,3,-,3,-,3,7,-,-,-,,3,-50%,100%,2,1,100%,X,X,20%,-,4,40%,3,-50%,150%,2
"Vulcanar, God of Fire",Great Pandemonium,45,,2,385,-,-,10,-,-,2,-,3,3,-,3,-,3,7,-,-,-,,3,-50%,100%,2,1,1,X,X,20%,-,4,40%,3,-50%,150%,2
"Vulcanar, God of Fire",Great Pandemonium,46,,2,385,-,-,10,-,-,2,-,3,3,-,3,-,3,7,-,-,-,,3,-50%,100%,2,1,100%,X,X,20%,10%,4,40%,3,-50%,150%,2
"Vulcanar, God of Fire",Great Pandemonium,47,,2,385,-,-,10,-,-,2,-,3,3,-,3,-,3,7,-,-,-,,3,-50%,150%,2,1,100%,X,X,20%,10%,4,40%,3,-50%,150%,2
"Vulcanar, God of Fire",Great Pandemonium,48,,2,385,-,-,10,-,-,2,-,3,3,-,3,-,3,7,-,-,-,,4,-50%,150%,2,1,100%,X,X,20%,10%,4,40%,3,-50%,150%,2
"Vulcanar, God of Fire",Great Pandemonium,49,,2,385,-,-,10,-,-,2,-,3,3,-,3,-,3,7,-,-,-,,4,-50%,150%,2,1,100%,X,X,20%,10%,4,50%,3,-50%,150%,2
"Vulcanar, God of Fire",Great Pandemonium,50,,2,385,-,-,15,-,-,2,-,3,3,-,3,-,3,7,-,-,-,,4,-50%,150%,2,1,1,X,X,20%,10%,4,50%,3,-50%,150%,2
"Vulcanar, God of Fire",Great Pandemonium,51,,2,385,-,-,15,-,-,2,-,3,3,-,3,-,3,7,-,-,-,,4,-50%,150%,2,1,100%,X,X,25%,10%,4,50%,3,-50%,150%,2
"Vulcanar, God of Fire",Great Pandemonium,52,,2,385,-,-,15,-,-,2,-,3,3,-,3,-,3,7,-,-,-,,4,-50%,150%,2,2,100%,X,X,25%,10%,4,50%,3,-50%,150%,2
"Vulcanar, God of Fire",Great Pandemonium,53,,2,385,-,-,15,-,-,2,-,3,3,-,3,-,3,7,-,-,-,,4,-50%,150%,2,2,100%,X,X,25%,20%,4,50%,3,-50%,150%,2
"Vulcanar, God of Fire",Great Pandemonium,54,,2,385,-,-,15,-,-,2,-,3,3,-,3,-,3,7,-,-,-,,4,-50%,150%,2,2,100%,X,X,25%,20%,4,60%,3,-50%,150%,2
"Vulcanar, God of Fire",Great Pandemonium,55,,2,385,-,-,15,-,-,2,-,3,3,-,3,-,3,7,-,-,-,,4,-50%,150%,2,2,100%,X,X,25%,20%,4,60%,3,-50%,150%,3
"Vulcanar, God of Fire",Great Pandemonium,56,,2,385,-,-,15,-,-,2,-,3,3,-,3,-,3,7,-,-,-,,4,-100%,150%,2,2,100%,X,X,25%,20%,4,60%,3,-50%,150%,3
"Vulcanar, God of Fire",Great Pandemonium,57,,2,385,-,-,15,-,-,2,-,3,3,-,3,-,3,7,-,-,-,,5,-100%,150%,2,2,100%,X,X,25%,20%,4,60%,3,-50%,150%,3
"Vulcanar, God of Fire",Great Pandemonium,58,,2,385,-,-,15,-,-,2,-,3,3,-,3,-,3,7,-,-,-,,5,-100%,150%,2,2,100%,X,X,25%,20%,4,70%,3,-50%,150%,3
"Vulcanar, God of Fire",Great Pandemonium,59,,2,385,-,-,15,-,-,2,-,3,3,-,3,-,3,7,-,-,-,,5,-100%,150%,2,2,100%,X,X,30%,20%,4,70%,3,-50%,150%,3
"Vulcanar, God of Fire",Great Pandemonium,60,,2,385,-,-,15,-,-,2,-,3,5,-,5,-,3,7,-,-,-,,5,-100%,150%,2,2,1,X,X,30%,20%,4,70%,3,-50%,150%,3
"Vulcanar, God of Fire",Great Pandemonium,61,,2,385,-,-,15,-,-,2,-,3,5,-,5,-,3,7,-,-,-,,5,-100%,150%,2,2,100%,X,X,30%,30%,4,70%,3,-50%,150%,3
"Vulcanar, God of Fire",Great Pandemonium,62,,2,385,-,-,15,-,-,2,-,3,5,-,5,-,3,7,-,-,-,,5,-100%,150%,2,2,100%,X,X,30%,30%,4,80%,3,-50%,150%,3
"Vulcanar, God of Fire",Great Pandemonium,63,,2,385,-,-,15,-,-,2,-,3,5,-,5,-,3,7,-,-,-,,5,-100%,150%,2,2,100%,X,X,35%,30%,4,80%,3,-50%,150%,3
"Vulcanar, God of Fire",Great Pandemonium,64,,2,385,-,-,15,-,-,2,-,3,5,-,5,-,3,7,-,-,-,,5,-100%,150%,2,2,100%,X,X,35%,40%,4,80%,3,-50%,150%,3
"Vulcanar, God of Fire",Great Pandemonium,65,,2,385,-,-,15,-,-,2,-,3,5,-,5,-,3,7,-,-,-,,5,-100%,150%,2,2,100%,X,X,35%,40%,4,80%,3,-50%,200%,3
"Vulcanar, God of Fire",Great Pandemonium,66,,2,385,-,-,15,-,-,2,-,3,5,-,5,-,3,7,-,-,-,,5,-100%,150%,2,2,100%,X,X,35%,40%,4,80%,3,-100%,200%,3
"Vulcanar, God of Fire",Great Pandemonium,67,,2,385,-,-,15,-,-,2,-,3,5,-,5,-,3,7,-,-,-,,5,-100%,150%,2,2,100%,X,X,35%,40%,4,90%,3,-100%,200%,3
"Vulcanar, God of Fire",Great Pandemonium,68,,2,385,-,-,15,-,-,2,-,3,5,-,5,-,3,7,-,-,-,,5,-100%,150%,2,2,100%,X,X,35%,50%,4,90%,3,-100%,200%,3
"Vulcanar, God of Fire",Great Pandemonium,69,,2,385,-,-,15,-,-,2,-,3,5,-,5,-,3,7,-,-,-,,5,-100%,150%,2,2,100%,X,X,40%,50%,4,90%,3,-100%,200%,3
"Vulcanar, God of Fire",Great Pandemonium,70,,2,385,-,-,15,-,-,2,-,3,5,-,5,5,3,7,-,-,-,,5,-100%,150%,2,2,1,X,X,40%,50%,4,90%,3,-100%,200%,3
"Vulcanar, God of Fire",Great Pandemonium,71,,2,385,-,-,15,-,-,2,-,3,5,-,5,5,3,7,-,-,-,,5,-100%,150%,2,2,100%,X,X,40%,50%,4,100%,3,-100%,200%,3
"Vulcanar, God of Fire",Great Pandemonium,72,,2,385,-,-,15,-,-,2,-,3,5,-,5,5,3,7,-,-,-,,5,-100%,150%,2,2,100%,X,X,40%,60%,4,100%,3,-100%,200%,3
"Vulcanar, God of Fire",Great Pandemonium,73,,2,385,-,-,15,-,-,2,-,3,5,-,5,5,3,7,-,-,-,,5,-100%,150%,2,2,100%,X,X,45%,60%,4,100%,3,-100%,200%,3
"Vulcanar, God of Fire",Great Pandemonium,74,,2,385,-,-,15,-,-,2,-,3,5,-,5,5,3,7,-,-,-,,5,-100%,150%,2,2,100%,X,X,45%,70%,4,100%,3,-100%,200%,3
"Vulcanar, God of Fire",Great Pandemonium,75,,2,385,-,-,15,-,-,2,-,3,5,-,5,5,3,7,-,-,-,,5,-100%,150%,2,2,100%,X,X,45%,80%,4,100%,3,-100%,200%,3
"Vulcanar, God of Fire",Great Pandemonium,76,,2,385,-,-,15,-,-,2,-,3,5,-,5,5,3,7,-,-,-,,5,-100%,200%,2,2,100%,X,X,45%,80%,4,100%,3,-100%,200%,3
"Vulcanar, God of Fire",Great Pandemonium,77,,2,385,-,-,15,-,-,2,-,3,5,-,5,5,3,7,-,-,-,,5,-100%,200%,2,2,100%,X,X,45%,90%,4,100%,3,-100%,200%,3
"Vulcanar, God of Fire",Great Pandemonium,78,,2,385,-,-,15,-,-,2,-,3,5,-,5,5,3,7,-,-,-,,5,-100%,200%,2,2,100%,X,X,45%,90%,4,110%,3,-100%,200%,3
"Vulcanar, God of Fire",Great Pandemonium,79,,2,385,-,-,15,-,-,2,-,3,5,-,5,5,3,7,-,-,-,,5,-100%,200%,2,2,100%,X,X,50%,90%,4,110%,3,-100%,200%,3
"Vulcanar, God of Fire",Great Pandemonium,80,,2,385,-,-,15,4,-,2,-,3,5,-,5,5,3,7,-,-,-,,5,-100%,200%,2,2,1,X,X,50%,90%,4,110%,3,-100%,200%,3
"Vulcanar, God of Fire",Great Pandemonium,81,,2,385,-,-,15,4,-,2,-,3,5,-,5,5,3,7,-,-,-,,5,-100%,200%,2,2,100%,X,X,50%,100%,4,110%,3,-100%,200%,3
"Vulcanar, God of Fire",Great Pandemonium,82,,2,385,-,-,15,4,-,2,-,3,5,-,5,5,3,7,-,-,-,,5,-100%,200%,2,2,100%,X,X,50%,100%,4,120%,3,-100%,200%,3
"Vulcanar, God of Fire",Great Pandemonium,83,,2,385,-,-,15,4,-,2,-,3,5,-,5,5,3,7,-,-,-,,5,-100%,200%,2,2,100%,X,X,50%,110%,4,120%,3,-100%,200%,3
"Vulcanar, God of Fire",Great Pandemonium,84,,2,385,-,-,15,4,-,2,-,3,5,-,5,5,3,7,-,-,-,,5,-100%,200%,2,2,100%,X,X,55%,110%,4,120%,3,-100%,200%,3
"Vulcanar, God of Fire",Great Pandemonium,85,,2,385,-,-,15,4,-,2,-,3,5,-,5,5,3,7,-,-,-,,5,-100%,200%,2,2,100%,X,X,55%,110%,4,120%,3,-100%,250%,3
"Vulcanar, God of Fire",Great Pandemonium,86,,2,385,-,-,15,4,-,2,-,3,5,-,5,5,3,7,-,-,-,,5,-100%,200%,2,2,100%,X,X,60%,110%,4,120%,3,-100%,250%,3
"Vulcanar, God of Fire",Great Pandemonium,87,,2,385,-,-,15,4,-,2,-,3,5,-,5,5,3,7,-,-,-,,5,-100%,200%,2,2,100%,X,X,60%,110%,4,130%,3,-100%,250%,3
"Vulcanar, God of Fire",Great Pandemonium,88,,2,385,-,-,15,4,-,2,-,3,5,-,5,5,3,7,-,-,-,,5,-100%,200%,2,2,100%,X,X,65%,110%,4,130%,3,-100%,250%,3
"Vulcanar, God of Fire",Great Pandemonium,89,,2,385,-,-,15,4,-,2,-,3,5,-,5,5,3,7,-,-,-,,5,-100%,200%,2,2,100%,X,X,65%,120%,4,130%,3,-100%,250%,3
"Vulcanar, God of Fire",Great Pandemonium,90,,2,385,-,-,15,4,-,2,-,3,5,-,5,8,3,7,-,-,-,,5,-100%,200%,2,2,1,X,X,65%,120%,4,130%,3,-100%,250%,3
"Vulcanar, God of Fire",Great Pandemonium,91,,2,385,-,-,15,4,-,2,-,3,5,-,5,8,3,7,-,-,-,,5,-100%,200%,2,2,100%,X,X,65%,130%,4,130%,3,-100%,250%,3
"Vulcanar, God of Fire",Great Pandemonium,92,,2,385,-,-,15,4,-,2,-,3,5,-,5,8,3,7,-,-,-,,5,-100%,200%,2,2,100%,X,X,65%,130%,4,140%,3,-100%,250%,3
"Vulcanar, God of Fire",Great Pandemonium,93,,2,385,-,-,15,4,-,2,-,3,5,-,5,8,3,7,-,-,-,,5,-100%,200%,2,2,100%,X,X,70%,130%,4,140%,3,-100%,250%,3
"Vulcanar, God of Fire",Great Pandemonium,94,,2,385,-,-,15,4,-,2,-,3,5,-,5,8,3,7,-,-,-,,5,-100%,250%,2,2,100%,X,X,70%,130%,4,140%,3,-100%,250%,3
"Vulcanar, God of Fire",Great Pandemonium,95,,2,385,-,-,15,4,-,2,-,3,5,-,5,8,3,7,-,-,-,,5,-100%,250%,2,2,100%,X,X,70%,140%,4,140%,3,-100%,250%,3
"Vulcanar, God of Fire",Great Pandemonium,96,,2,385,-,-,15,4,-,2,-,3,5,-,5,8,3,7,-,-,-,,5,-100%,250%,2,2,100%,X,X,70%,140%,4,150%,3,-100%,250%,3
"Vulcanar, God of Fire",Great Pandemonium,97,,2,385,-,-,15,4,-,2,-,3,5,-,5,8,3,7,-,-,-,,5,-100%,250%,2,2,100%,X,X,75%,140%,4,150%,3,-100%,250%,3
"Vulcanar, God of Fire",Great Pandemonium,98,,2,385,-,-,15,4,-,2,-,3,5,-,5,8,3,7,-,-,-,,5,-100%,250%,2,2,100%,X,X,75%,150%,4,150%,3,-100%,250%,3
"Vulcanar, God of Fire",Great Pandemonium,99,,2,385,-,-,15,4,-,2,-,3,5,-,5,8,3,7,-,-,-,,5,-100%,250%,2,2,100%,X,X,80%,150%,4,150%,3,-100%,250%,3
"Vulcanar, God of Fire",Great Pandemonium,100,,2,385,-,-,15,4,-,2,-,3,5,-,5,8,3,8,-,-,-,,5,-100%,250%,2,2,1,X,X,80%,150%,4,150%,3,-100%,250%,3
"Yseros, Goddess of Illusion",The Barrens,0,,-,425,-,-,-,14.5,-,-,-,3,-,-,-,-,-,-,-,-,-,,-,-,-,-,-,-,-,-,-,-,-,-,-,-,-,-
"Yseros, Goddess of Illusion",The Barrens,1,,-,475,-,-,-,14.5,-,-,-,3,-,-,-,-,-,-,-,-,-,,-,-,-,-,-,-,-,-,-,-,-,-,-,-,-,-
"Yseros, Goddess of Illusion",The Barrens,2,,-,475,-,-,-,14.5,-,-,-,3,-,-,-,-,-,-,-,-,-,,-,-,-,-,-,-,-,-,5%,-,-,-,-,-,-,-
"Yseros, Goddess of Illusion",The Barrens,3,,-,475,-,-,-,16,-,-,-,3,-,-,-,-,-,-,-,-,-,,-,-,-,-,-,-,-,-,5%,-,-,-,-,-,-,-
"Yseros, Goddess of Illusion",The Barrens,4,,-,475,-,-,-,16,-,-,-,3,-,-,-,-,-,-,-,-,-,,-,-,-,-,-,-,-,-,5%,-,-,10%,-,-,-,-
"Yseros, Goddess of Illusion",The Barrens,5,,-,575,-,-,-,16,-,-,-,3,-,-,-,-,-,-,-,-,-,,-,-,-,-,-,-,-,-,5%,-,-,10%,-,-,-,-
"Yseros, Goddess of Illusion",The Barrens,6,,-,575,-,-,-,16,-,-,-,3,-,-,-,-,-,-,-,-,-,,-,-,-,-,-,-,-,-,5%,-,-,10%,-,-,50%,-
"Yseros, Goddess of Illusion",The Barrens,7,,-,575,-,-,-,16,-,-,-,3,-,-,-,-,-,-,-,-,-,,-,-,-,-,-,-,-,-,5%,-,-,10%,-,-,50%,-
"Yseros, Goddess of Illusion",The Barrens,8,,-,575,-,-,-,16,-,-,-,3,-,-,-,-,-,-,-,-,-,,-,-,-,-,-,-,-,-,5%,-,-,10%,-,-,50%,1
"Yseros, Goddess of Illusion",The Barrens,9,,-,575,-,-,-,16,-,-,-,3,-,-,-,-,-,-,-,-,-,,-,-,-,-,-,-,-,X,5%,-,-,10%,-,-,50%,1
"Yseros, Goddess of Illusion",The Barrens,10,,-,575,-,-,-,18.5,-,-,-,3,-,-,-,-,-,-,-,-,-,,-,-,-,-,-,-,-,X,5%,-,-,10%,-,-,50%,1
"Yseros, Goddess of Illusion",The Barrens,11,,-,575,-,-,-,18.5,-,-,-,3,-,-,-,-,-,-,-,-,-,,-,-,-,1,-,-,-,X,5%,-,-,10%,-,-,50%,1
"Yseros, Goddess of Illusion",The Barrens,12,,-,575,-,-,-,18.5,-,-,-,3,-,-,-,-,-,-,-,-,-,,-,-,50%,1,-,-,-,X,5%,-,-,10%,-,-,50%,1
"Yseros, Goddess of Illusion",The Barrens,13,,-,575,-,-,-,18.5,-,-,-,3,-,-,-,-,-,-,-,-,-,,-,-,50%,1,-,-,-,X,5%,-,-,10%,1,-,50%,1
"Yseros, Goddess of Illusion",The Barrens,14,,-,575,-,-,-,18.5,-,-,-,3,-,-,-,-,-,-,-,-,-,,-,-,50%,1,-,-,-,X,5%,-,1,10%,1,-,50%,1
"Yseros, Goddess of Illusion",The Barrens,15,,-,575,-,-,-,18.5,-,-,-,3,3,-,-,-,-,-,-,-,-,,-,-,50%,1,-,-,-,X,5%,-,1,10%,1,-,50%,1
"Yseros, Goddess of Illusion",The Barrens,16,,-,575,-,-,-,18.5,-,-,-,3,3,-,-,-,-,-,-,-,-,,-,-,50%,1,-,-,X,X,5%,-,1,10%,1,-,50%,1
"Yseros, Goddess of Illusion",The Barrens,17,,-,575,-,-,-,18.5,-,-,-,3,3,-,-,-,-,-,-,-,-,,1,-,50%,1,-,-,X,X,5%,-,1,10%,1,-,50%,1
"Yseros, Goddess of Illusion",The Barrens,18,,-,575,-,-,-,18.5,-,-,-,3,3,-,-,-,-,-,-,-,-,,1,-,50%,1,-,-,X,X,5%,-,1,20%,1,-,50%,1
"Yseros, Goddess of Illusion",The Barrens,19,,-,575,-,-,-,18.5,-,-,-,3,3,-,-,-,-,-,-,-,-,,1,-,50%,1,-,-,X,X,10%,-,1,20%,1,-,50%,1
"Yseros, Goddess of Illusion",The Barrens,20,,-,575,-,-,-,20.5,-,-,-,3,3,-,-,-,-,-,-,-,-,,1,-,50%,1,-,-,X,X,10%,-,1,20%,1,-,50%,1
"Yseros, Goddess of Illusion",The Barrens,21,,-,575,-,-,-,20.5,-,-,-,3,3,-,-,-,-,-,-,-,-,,1,-,50%,1,-,-,X,X,10%,-,1,20%,1,-,100%,1
"Yseros, Goddess of Illusion",The Barrens,22,,-,575,-,-,-,20.5,-,-,-,3,3,-,-,-,-,-,-,-,-,,1,-,50%,1,-,-,X,X,10%,-,1,20%,2,-,100%,1
"Yseros, Goddess of Illusion",The Barrens,23,,-,575,-,-,-,20.5,-,-,-,3,3,-,-,-,-,-,-,-,-,,1,-,50%,1,-,-,X,X,10%,-,2,20%,2,-,100%,1
"Yseros, Goddess of Illusion",The Barrens,24,,-,575,-,-,-,20.5,-,-,-,3,3,-,-,-,-,-,-,-,-,,1,-,50%,2,-,-,X,X,10%,-,2,20%,2,-,100%,1
"Yseros, Goddess of Illusion",The Barrens,25,,0.9,575,-,-,-,20.5,-,-,-,3,3,-,-,-,-,-,-,-,-,,1,-,50%,2,-,-,X,X,10%,-,2,20%,2,-,100%,1
"Yseros, Goddess of Illusion",The Barrens,26,,0.9,575,-,-,-,20.5,-,-,-,3,3,-,-,-,-,-,-,-,-,,1,-50%,50%,2,-,-,X,X,10%,-,2,20%,2,-,100%,1
"Yseros, Goddess of Illusion",The Barrens,27,,0.9,575,-,-,-,20.5,-,-,-,3,3,-,-,-,-,-,-,-,-,,1,-50%,100%,2,-,-,X,X,10%,-,2,20%,2,-,100%,1
"Yseros, Goddess of Illusion",The Barrens,28,,0.9,575,-,-,-,20.5,-,-,-,3,3,-,-,-,-,-,-,-,-,,1,-50%,100%,2,-,-,X,X,10%,-,2,20%,3,-,100%,1
"Yseros, Goddess of Illusion",The Barrens,29,,0.9,575,-,-,-,20.5,-,-,-,3,3,-,-,-,-,-,-,-,-,,1,-50%,100%,2,-,-,X,X,15%,-,2,20%,3,-,100%,1
"Yseros, Goddess of Illusion",The Barrens,30,,0.9,575,-,-,8,20.5,-,-,-,3,3,-,-,-,-,-,-,-,-,,1,-50%,100%,2,-,-,X,X,15%,-,2,20%,3,-,100%,1
"Yseros, Goddess of Illusion",The Barrens,31,,0.9,575,-,-,8,20.5,-,-,-,3,3,-,-,-,-,-,-,-,-,,1,-50%,100%,2,-,-,X,X,15%,-,2,20%,3,-,100%,2
"Yseros, Goddess of Illusion",The Barrens,32,,0.9,575,-,-,8,20.5,-,-,-,3,3,-,-,-,-,-,-,-,-,,1,-50%,100%,2,-,-,X,X,15%,-,2,20%,3,-50%,100%,2
"Yseros, Goddess of Illusion",The Barrens,33,,0.9,575,-,-,8,20.5,-,-,-,3,3,-,-,-,-,-,-,-,-,,1,-50%,100%,2,1,-,X,X,15%,-,2,20%,3,-50%,100%,2
"Yseros, Goddess of Illusion",The Barrens,34,,0.9,575,-,-,8,20.5,-,-,-,3,3,-,-,-,-,-,-,-,-,,1,-50%,100%,2,1,-,X,X,15%,-,3,20%,3,-50%,100%,2
"Yseros, Goddess of Illusion",The Barrens,35,,0.9,635,-,-,8,21.75,-,-,-,3,3,-,-,-,-,-,-,-,-,,1,-50%,100%,2,1,-,X,X,15%,-,3,20%,3,-50%,100%,2
"Yseros, Goddess of Illusion",The Barrens,36,,0.9,635,-,-,8,21.75,-,-,-,3,3,-,-,-,-,-,-,-,-,,2,-50%,100%,2,1,-,X,X,15%,-,3,20%,3,-50%,100%,2
"Yseros, Goddess of Illusion",The Barrens,37,,0.9,635,-,-,8,21.75,-,-,-,3,3,-,-,-,-,-,-,-,-,,2,-50%,100%,2,1,-,X,X,15%,-,3,30%,3,-50%,100%,2
"Yseros, Goddess of Illusion",The Barrens,38,,0.9,635,-,-,8,21.75,-,-,-,3,3,-,-,-,-,-,-,-,-,,2,-50%,100%,2,1,-,X,X,15%,-,3,30%,3,-50%,150%,2
"Yseros, Goddess of Illusion",The Barrens,39,,0.9,635,-,-,8,21.75,-,-,-,3,3,-,-,-,-,-,-,-,-,,2,-50%,100%,2,1,-,X,X,15%,-,4,30%,3,-50%,150%,2
"Yseros, Goddess of Illusion",The Barrens,40,,2.15,635,-,-,8,21.75,-,-,-,3,3,-,-,-,-,-,-,-,-,,2,-50%,100%,2,1,-,X,X,15%,-,4,30%,3,-50%,150%,2
"Yseros, Goddess of Illusion",The Barrens,41,,2.15,635,-,-,8,21.75,-,-,-,3,3,-,-,-,-,-,-,-,-,,3,-50%,100%,2,1,-,X,X,15%,-,4,30%,3,-50%,150%,2
"Yseros, Goddess of Illusion",The Barrens,42,,2.15,635,-,-,8,21.75,-,-,-,3,3,-,-,-,-,-,-,-,-,,3,-50%,100%,2,1,100%,X,X,15%,-,4,30%,3,-50%,150%,2
"Yseros, Goddess of Illusion",The Barrens,43,,2.15,635,-,-,8,21.75,-,-,-,3,3,-,-,-,-,-,-,-,-,,3,-50%,100%,2,1,100%,X,X,15%,-,4,40%,3,-50%,150%,2
"Yseros, Goddess of Illusion",The Barrens,44,,2.15,635,-,-,8,21.75,-,-,-,3,3,-,-,-,-,-,-,-,-,,3,-50%,100%,2,1,100%,X,X,20%,-,4,40%,3,-50%,150%,2
"Yseros, Goddess of Illusion",The Barrens,45,,2.15,635,-,-,8,21.75,-,-,-,3,3,-,-,3,-,-,-,-,-,,3,-50%,100%,2,1,1,X,X,20%,-,4,40%,3,-50%,150%,2
"Yseros, Goddess of Illusion",The Barrens,46,,2.15,635,-,-,8,21.75,-,-,-,3,3,-,-,3,-,-,-,-,-,,3,-50%,100%,2,1,100%,X,X,20%,10%,4,40%,3,-50%,150%,2
"Yseros, Goddess of Illusion",The Barrens,47,,2.15,635,-,-,8,21.75,-,-,-,3,3,-,-,3,-,-,-,-,-,,3,-50%,150%,2,1,100%,X,X,20%,10%,4,40%,3,-50%,150%,2
"Yseros, Goddess of Illusion",The Barrens,48,,2.15,635,-,-,8,21.75,-,-,-,3,3,-,-,3,-,-,-,-,-,,4,-50%,150%,2,1,100%,X,X,20%,10%,4,40%,3,-50%,150%,2
"Yseros, Goddess of Illusion",The Barrens,49,,2.15,635,-,-,8,21.75,-,-,-,3,3,-,-,3,-,-,-,-,-,,4,-50%,150%,2,1,100%,X,X,20%,10%,4,50%,3,-50%,150%,2
"Yseros, Goddess of Illusion",The Barrens,50,,2.85,635,-,-,8,21.75,-,-,-,3,3,-,-,3,-,-,-,-,-,,4,-50%,150%,2,1,1,X,X,20%,10%,4,50%,3,-50%,150%,2
"Yseros, Goddess of Illusion",The Barrens,51,,2.85,635,-,-,8,21.75,-,-,-,3,3,-,-,3,-,-,-,-,-,,4,-50%,150%,2,1,100%,X,X,25%,10%,4,50%,3,-50%,150%,2
"Yseros, Goddess of Illusion",The Barrens,52,,2.85,635,-,-,8,21.75,-,-,-,3,3,-,-,3,-,-,-,-,-,,4,-50%,150%,2,2,100%,X,X,25%,10%,4,50%,3,-50%,150%,2
"Yseros, Goddess of Illusion",The Barrens,53,,2.85,635,-,-,8,21.75,-,-,-,3,3,-,-,3,-,-,-,-,-,,4,-50%,150%,2,2,100%,X,X,25%,20%,4,50%,3,-50%,150%,2
"Yseros, Goddess of Illusion",The Barrens,54,,2.85,635,-,-,8,21.75,-,-,-,3,3,-,-,3,-,-,-,-,-,,4,-50%,150%,2,2,100%,X,X,25%,20%,4,60%,3,-50%,150%,2
"Yseros, Goddess of Illusion",The Barrens,55,,2.85,635,-,-,8,21.75,-,-,-,3,3,-,-,3,-,-,-,-,-,,4,-50%,150%,2,2,100%,X,X,25%,20%,4,60%,3,-50%,150%,3
"Yseros, Goddess of Illusion",The Barrens,56,,2.85,635,-,-,8,21.75,-,-,-,3,3,-,-,3,-,-,-,-,-,,4,-100%,150%,2,2,100%,X,X,25%,20%,4,60%,3,-50%,150%,3
"Yseros, Goddess of Illusion",The Barrens,57,,2.85,635,-,-,8,21.75,-,-,-,3,3,-,-,3,-,-,-,-,-,,5,-100%,150%,2,2,100%,X,X,25%,20%,4,60%,3,-50%,150%,3
"Yseros, Goddess of Illusion",The Barrens,58,,2.85,635,-,-,8,21.75,-,-,-,3,3,-,-,3,-,-,-,-,-,,5,-100%,150%,2,2,100%,X,X,25%,20%,4,70%,3,-50%,150%,3
"Yseros, Goddess of Illusion",The Barrens,59,,2.85,635,-,-,8,21.75,-,-,-,3,3,-,-,3,-,-,-,-,-,,5,-100%,150%,2,2,100%,X,X,30%,20%,4,70%,3,-50%,150%,3
"Yseros, Goddess of Illusion",The Barrens,60,,2.85,635,-,-,8,21.75,-,-,-,3,3,-,-,3,-,3,-,-,-,,5,-100%,150%,2,2,1,X,X,30%,20%,4,70%,3,-50%,150%,3
"Yseros, Goddess of Illusion",The Barrens,61,,2.85,635,-,-,8,21.75,-,-,-,3,3,-,-,3,-,3,-,-,-,,5,-100%,150%,2,2,100%,X,X,30%,30%,4,70%,3,-50%,150%,3
"Yseros, Goddess of Illusion",The Barrens,62,,2.85,635,-,-,8,21.75,-,-,-,3,3,-,-,3,-,3,-,-,-,,5,-100%,150%,2,2,100%,X,X,30%,30%,4,80%,3,-50%,150%,3
"Yseros, Goddess of Illusion",The Barrens,63,,2.85,635,-,-,8,21.75,-,-,-,3,3,-,-,3,-,3,-,-,-,,5,-100%,150%,2,2,100%,X,X,35%,30%,4,80%,3,-50%,150%,3
"Yseros, Goddess of Illusion",The Barrens,64,,2.85,635,-,-,8,21.75,-,-,-,3,3,-,-,3,-,3,-,-,-,,5,-100%,150%,2,2,100%,X,X,35%,40%,4,80%,3,-50%,150%,3
"Yseros, Goddess of Illusion",The Barrens,65,,2.85,635,-,-,8,21.75,-,-,-,3,3,-,-,3,-,3,-,-,-,,5,-100%,150%,2,2,100%,X,X,35%,40%,4,80%,3,-50%,200%,3
"Yseros, Goddess of Illusion",The Barrens,66,,2.85,635,-,-,8,21.75,-,-,-,3,3,-,-,3,-,3,-,-,-,,5,-100%,150%,2,2,100%,X,X,35%,40%,4,80%,3,-100%,200%,3
"Yseros, Goddess of Illusion",The Barrens,67,,2.85,635,-,-,8,21.75,-,-,-,3,3,-,-,3,-,3,-,-,-,,5,-100%,150%,2,2,100%,X,X,35%,40%,4,90%,3,-100%,200%,3
"Yseros, Goddess of Illusion",The Barrens,68,,2.85,635,-,-,8,21.75,-,-,-,3,3,-,-,3,-,3,-,-,-,,5,-100%,150%,2,2,100%,X,X,35%,50%,4,90%,3,-100%,200%,3
"Yseros, Goddess of Illusion",The Barrens,69,,2.85,635,-,-,8,21.75,-,-,-,3,3,-,-,3,-,3,-,-,-,,5,-100%,150%,2,2,100%,X,X,40%,50%,4,90%,3,-100%,200%,3
"Yseros, Goddess of Illusion",The Barrens,70,,2.85,635,-,-,8,21.75,-,-,-,3,3,-,-,3,8,3,-,-,-,,5,-100%,150%,2,2,1,X,X,40%,50%,4,90%,3,-100%,200%,3
"Yseros, Goddess of Illusion",The Barrens,71,,2.85,635,-,-,8,21.75,-,-,-,3,3,-,-,3,8,3,-,-,-,,5,-100%,150%,2,2,100%,X,X,40%,50%,4,100%,3,-100%,200%,3
"Yseros, Goddess of Illusion",The Barrens,72,,2.85,635,-,-,8,21.75,-,-,-,3,3,-,-,3,8,3,-,-,-,,5,-100%,150%,2,2,100%,X,X,40%,60%,4,100%,3,-100%,200%,3
"Yseros, Goddess of Illusion",The Barrens,73,,2.85,635,-,-,8,21.75,-,-,-,3,3,-,-,3,8,3,-,-,-,,5,-100%,150%,2,2,100%,X,X,45%,60%,4,100%,3,-100%,200%,3
"Yseros, Goddess of Illusion",The Barrens,74,,2.85,635,-,-,8,21.75,-,-,-,3,3,-,-,3,8,3,-,-,-,,5,-100%,150%,2,2,100%,X,X,45%,70%,4,100%,3,-100%,200%,3
"Yseros, Goddess of Illusion",The Barrens,75,,2.85,635,-,-,8,21.75,-,-,-,3,3,-,-,3,8,3,-,-,-,,5,-100%,150%,2,2,100%,X,X,45%,80%,4,100%,3,-100%,200%,3
"Yseros, Goddess of Illusion",The Barrens,76,,2.85,635,-,-,8,21.75,-,-,-,3,3,-,-,3,8,3,-,-,-,,5,-100%,200%,2,2,100%,X,X,45%,80%,4,100%,3,-100%,200%,3
"Yseros, Goddess of Illusion",The Barrens,77,,2.85,635,-,-,8,21.75,-,-,-,3,3,-,-,3,8,3,-,-,-,,5,-100%,200%,2,2,100%,X,X,45%,90%,4,100%,3,-100%,200%,3
"Yseros, Goddess of Illusion",The Barrens,78,,2.85,635,-,-,8,21.75,-,-,-,3,3,-,-,3,8,3,-,-,-,,5,-100%,200%,2,2,100%,X,X,45%,90%,4,110%,3,-100%,200%,3
"Yseros, Goddess of Illusion",The Barrens,79,,2.85,635,-,-,8,21.75,-,-,-,3,3,-,-,3,8,3,-,-,-,,5,-100%,200%,2,2,100%,X,X,50%,90%,4,110%,3,-100%,200%,3
"Yseros, Goddess of Illusion",The Barrens,80,,2.85,700,-,-,8,23,-,-,-,3,3,-,-,3,8,3,-,-,-,,5,-100%,200%,2,2,1,X,X,50%,90%,4,110%,3,-100%,200%,3
"Yseros, Goddess of Illusion",The Barrens,81,,2.85,700,-,-,8,23,-,-,-,3,3,-,-,3,8,3,-,-,-,,5,-100%,200%,2,2,100%,X,X,50%,100%,4,110%,3,-100%,200%,3
"Yseros, Goddess of Illusion",The Barrens,82,,2.85,700,-,-,8,23,-,-,-,3,3,-,-,3,8,3,-,-,-,,5,-100%,200%,2,2,100%,X,X,50%,100%,4,120%,3,-100%,200%,3
"Yseros, Goddess of Illusion",The Barrens,83,,2.85,700,-,-,8,23,-,-,-,3,3,-,-,3,8,3,-,-,-,,5,-100%,200%,2,2,100%,X,X,50%,110%,4,120%,3,-100%,200%,3
"Yseros, Goddess of Illusion",The Barrens,84,,2.85,700,-,-,8,23,-,-,-,3,3,-,-,3,8,3,-,-,-,,5,-100%,200%,2,2,100%,X,X,55%,110%,4,120%,3,-100%,200%,3
"Yseros, Goddess of Illusion",The Barrens,85,,2.85,700,-,-,8,23,-,-,-,3,3,-,-,3,8,3,-,-,-,,5,-100%,200%,2,2,100%,X,X,55%,110%,4,120%,3,-100%,250%,3
"Yseros, Goddess of Illusion",The Barrens,86,,2.85,700,-,-,8,23,-,-,-,3,3,-,-,3,8,3,-,-,-,,5,-100%,200%,2,2,100%,X,X,60%,110%,4,120%,3,-100%,250%,3
"Yseros, Goddess of Illusion",The Barrens,87,,2.85,700,-,-,8,23,-,-,-,3,3,-,-,3,8,3,-,-,-,,5,-100%,200%,2,2,100%,X,X,60%,110%,4,130%,3,-100%,250%,3
"Yseros, Goddess of Illusion",The Barrens,88,,2.85,700,-,-,8,23,-,-,-,3,3,-,-,3,8,3,-,-,-,,5,-100%,200%,2,2,100%,X,X,65%,110%,4,130%,3,-100%,250%,3
"Yseros, Goddess of Illusion",The Barrens,89,,2.85,700,-,-,8,23,-,-,-,3,3,-,-,3,8,3,-,-,-,,5,-100%,200%,2,2,100%,X,X,65%,120%,4,130%,3,-100%,250%,3
"Yseros, Goddess of Illusion",The Barrens,90,,2.85,700,-,-,8,28,-,-,-,3,3,-,-,3,8,3,-,-,-,,5,-100%,200%,2,2,1,X,X,65%,120%,4,130%,3,-100%,250%,3
"Yseros, Goddess of Illusion",The Barrens,91,,2.85,700,-,-,8,28,-,-,-,3,3,-,-,3,8,3,-,-,-,,5,-100%,200%,2,2,100%,X,X,65%,130%,4,130%,3,-100%,250%,3
"Yseros, Goddess of Illusion",The Barrens,92,,2.85,700,-,-,8,28,-,-,-,3,3,-,-,3,8,3,-,-,-,,5,-100%,200%,2,2,100%,X,X,65%,130%,4,140%,3,-100%,250%,3
"Yseros, Goddess of Illusion",The Barrens,93,,2.85,700,-,-,8,28,-,-,-,3,3,-,-,3,8,3,-,-,-,,5,-100%,200%,2,2,100%,X,X,70%,130%,4,140%,3,-100%,250%,3
"Yseros, Goddess of Illusion",The Barrens,94,,2.85,700,-,-,8,28,-,-,-,3,3,-,-,3,8,3,-,-,-,,5,-100%,250%,2,2,100%,X,X,70%,130%,4,140%,3,-100%,250%,3
"Yseros, Goddess of Illusion",The Barrens,95,,2.85,700,-,-,8,28,-,-,-,3,3,-,-,3,8,3,-,-,-,,5,-100%,250%,2,2,100%,X,X,70%,140%,4,140%,3,-100%,250%,3
"Yseros, Goddess of Illusion",The Barrens,96,,2.85,700,-,-,8,28,-,-,-,3,3,-,-,3,8,3,-,-,-,,5,-100%,250%,2,2,100%,X,X,70%,140%,4,150%,3,-100%,250%,3
"Yseros, Goddess of Illusion",The Barrens,97,,2.85,700,-,-,8,28,-,-,-,3,3,-,-,3,8,3,-,-,-,,5,-100%,250%,2,2,100%,X,X,75%,140%,4,150%,3,-100%,250%,3
"Yseros, Goddess of Illusion",The Barrens,98,,2.85,700,-,-,8,28,-,-,-,3,3,-,-,3,8,3,-,-,-,,5,-100%,250%,2,2,100%,X,X,75%,150%,4,150%,3,-100%,250%,3
"Yseros, Goddess of Illusion",The Barrens,99,,2.85,700,-,-,8,28,-,-,-,3,3,-,-,3,8,3,-,-,-,,5,-100%,250%,2,2,100%,X,X,80%,150%,4,150%,3,-100%,250%,3
"Yseros, Goddess of Illusion",The Barrens,100,,2.85,700,-,-,8,28,-,-,-,3,3,-,3,3,8,3,-,-,-,,5,-100%,250%,2,2,1,X,X,80%,150%,4,150%,3,-100%,250%,3
"Zonte, God of Wisdom",Refuge of the Magi,0,,0.2,520,-,-,1,0.2,-,-,-,3.2,0.2,-,-,-,-,-,-,-,-,,-,-,-,-,-,-,-,-,-,-,-,-,-,-,-,-
"Zonte, God of Wisdom",Refuge of the Magi,1,,0.2,520,-,-,1,0.2,-,-,-,3.2,3.2,-,-,-,-,-,-,-,-,,-,-,-,-,-,-,-,-,-,-,-,-,-,-,-,-
"Zonte, God of Wisdom",Refuge of the Magi,2,,0.2,520,-,-,1,0.2,-,-,-,3.2,3.2,-,-,-,-,-,-,-,-,,-,-,-,-,-,-,-,-,5%,-,-,-,-,-,-,-
"Zonte, God of Wisdom",Refuge of the Magi,3,,0.2,620,-,-,1,0.2,-,-,-,3.2,3.2,-,-,-,-,-,-,-,-,,-,-,-,-,-,-,-,-,5%,-,-,-,-,-,-,-
"Zonte, God of Wisdom",Refuge of the Magi,4,,0.2,620,-,-,1,0.2,-,-,-,3.2,3.2,-,-,-,-,-,-,-,-,,-,-,-,-,-,-,-,-,5%,-,-,10%,-,-,-,-
"Zonte, God of Wisdom",Refuge of the Magi,5,,0.2,670,-,-,1,0.2,-,-,-,3.2,3.2,-,-,-,-,-,-,-,-,,-,-,-,-,-,-,-,-,5%,-,-,10%,-,-,-,-
"Zonte, God of Wisdom",Refuge of the Magi,6,,0.2,670,-,-,1,0.2,-,-,-,3.2,3.2,-,-,-,-,-,-,-,-,,-,-,-,-,-,-,-,-,5%,-,-,10%,-,-,50%,-
"Zonte, God of Wisdom",Refuge of the Magi,7,,0.9,670,-,-,1,0.2,-,-,-,3.2,3.2,-,-,-,-,-,-,-,-,,-,-,-,-,-,-,-,-,5%,-,-,10%,-,-,50%,-
"Zonte, God of Wisdom",Refuge of the Magi,8,,0.9,670,-,-,1,0.2,-,-,-,3.2,3.2,-,-,-,-,-,-,-,-,,-,-,-,-,-,-,-,-,5%,-,-,10%,-,-,50%,1
"Zonte, God of Wisdom",Refuge of the Magi,9,,0.9,670,-,-,1,0.2,-,-,-,3.2,3.2,-,-,-,-,-,-,-,-,,-,-,-,-,-,-,-,X,5%,-,-,10%,-,-,50%,1
"Zonte, God of Wisdom",Refuge of the Magi,10,,1,680,-,-,1.5,0.3,-,-,-,3.2,3.2,-,-,-,-,-,-,-,-,,-,-,-,-,-,-,-,X,5%,-,-,10%,-,-,50%,1
"Zonte, God of Wisdom",Refuge of the Magi,11,,1,680,-,-,1.5,0.3,-,-,-,3.2,3.2,-,-,-,-,-,-,-,-,,-,-,-,1,-,-,-,X,5%,-,-,10%,-,-,50%,1
"Zonte, God of Wisdom",Refuge of the Magi,12,,1,680,-,-,1.5,0.3,-,-,-,3.2,3.2,-,-,-,-,-,-,-,-,,-,-,50%,1,-,-,-,X,5%,-,-,10%,-,-,50%,1
"Zonte, God of Wisdom",Refuge of the Magi,13,,1,680,-,-,1.5,0.3,-,-,-,3.2,3.2,-,-,-,-,-,-,-,-,,-,-,50%,1,-,-,-,X,5%,-,-,10%,1,-,50%,1
"Zonte, God of Wisdom",Refuge of the Magi,14,,1,680,-,-,1.5,0.3,-,-,-,3.2,3.2,-,-,-,-,-,-,-,-,,-,-,50%,1,-,-,-,X,5%,-,1,10%,1,-,50%,1
"Zonte, God of Wisdom",Refuge of the Magi,15,,1,730,-,-,1.5,0.3,-,-,-,3.2,3.2,-,-,-,-,-,-,-,-,,-,-,50%,1,-,-,-,X,5%,-,1,10%,1,-,50%,1
"Zonte, God of Wisdom",Refuge of the Magi,16,,1,730,-,-,1.5,0.3,-,-,-,3.2,3.2,-,-,-,-,-,-,-,-,,-,-,50%,1,-,-,X,X,5%,-,1,10%,1,-,50%,1
"Zonte, God of Wisdom",Refuge of the Magi,17,,1,730,-,-,1.5,0.3,-,-,-,3.2,3.2,-,-,-,-,-,-,-,-,,1,-,50%,1,-,-,X,X,5%,-,1,10%,1,-,50%,1
"Zonte, God of Wisdom",Refuge of the Magi,18,,1,730,-,-,1.5,0.3,-,-,-,3.2,3.2,-,-,-,-,-,-,-,-,,1,-,50%,1,-,-,X,X,5%,-,1,20%,1,-,50%,1
"Zonte, God of Wisdom",Refuge of the Magi,19,,1,730,-,-,1.5,0.3,-,-,-,3.2,3.2,-,-,-,-,-,-,-,-,,1,-,50%,1,-,-,X,X,10%,-,1,20%,1,-,50%,1
"Zonte, God of Wisdom",Refuge of the Magi,20,,1,730,-,-,1.5,0.3,-,-,-,3.2,3.2,-,-,-,3,-,-,-,-,,1,-,50%,1,-,-,X,X,10%,-,1,20%,1,-,50%,1
"Zonte, God of Wisdom",Refuge of the Magi,21,,1,730,-,-,1.5,0.3,-,-,-,3.2,3.2,-,-,-,3,-,-,-,-,,1,-,50%,1,-,-,X,X,10%,-,1,20%,1,-,100%,1
"Zonte, God of Wisdom",Refuge of the Magi,22,,1,730,-,-,1.5,0.3,-,-,-,3.2,3.2,-,-,-,3,-,-,-,-,,1,-,50%,1,-,-,X,X,10%,-,1,20%,2,-,100%,1
"Zonte, God of Wisdom",Refuge of the Magi,23,,1,730,-,-,1.5,0.3,-,-,-,3.2,3.2,-,-,-,3,-,-,-,-,,1,-,50%,1,-,-,X,X,10%,-,2,20%,2,-,100%,1
"Zonte, God of Wisdom",Refuge of the Magi,24,,1,730,-,-,1.5,0.3,-,-,-,3.2,3.2,-,-,-,3,-,-,-,-,,1,-,50%,2,-,-,X,X,10%,-,2,20%,2,-,100%,1
"Zonte, God of Wisdom",Refuge of the Magi,25,,1,730,-,-,1.5,0.3,-,-,-,3.2,3.2,-,-,-,3,-,8,-,-,,1,-,50%,2,-,-,X,X,10%,-,2,20%,2,-,100%,1
"Zonte, God of Wisdom",Refuge of the Magi,26,,1,730,-,-,1.5,0.3,-,-,-,3.2,3.2,-,-,-,3,-,8,-,-,,1,-50%,50%,2,-,-,X,X,10%,-,2,20%,2,-,100%,1
"Zonte, God of Wisdom",Refuge of the Magi,27,,1,730,-,-,1.5,0.3,-,-,-,3.2,3.2,-,-,-,3,-,8,-,-,,1,-50%,100%,2,-,-,X,X,10%,-,2,20%,2,-,100%,1
"Zonte, God of Wisdom",Refuge of the Magi,28,,1,730,-,-,1.5,0.3,-,-,-,3.2,3.2,-,-,-,3,-,8,-,-,,1,-50%,100%,2,-,-,X,X,10%,-,2,20%,3,-,100%,1
"Zonte, God of Wisdom",Refuge of the Magi,29,,1,730,-,-,1.5,0.3,-,-,-,3.2,3.2,-,-,-,3,-,8,-,-,,1,-50%,100%,2,-,-,X,X,15%,-,2,20%,3,-,100%,1
"Zonte, God of Wisdom",Refuge of the Magi,30,,1,730,-,-,1.5,2.3,-,-,-,3.2,3.2,-,-,-,3,-,8,-,-,,1,-50%,100%,2,-,-,X,X,15%,-,2,20%,3,-,100%,1
"Zonte, God of Wisdom",Refuge of the Magi,31,,1,730,-,-,1.5,2.3,-,-,-,3.2,3.2,-,-,-,3,-,8,-,-,,1,-50%,100%,2,-,-,X,X,15%,-,2,20%,3,-,100%,2
"Zonte, God of Wisdom",Refuge of the Magi,32,,1,730,-,-,1.5,2.3,-,-,-,3.2,3.2,-,-,-,3,-,8,-,-,,1,-50%,100%,2,-,-,X,X,15%,-,2,20%,3,-50%,100%,2
"Zonte, God of Wisdom",Refuge of the Magi,33,,1,730,-,-,1.5,2.3,-,-,-,3.2,3.2,-,-,-,3,-,8,-,-,,1,-50%,100%,2,1,-,X,X,15%,-,2,20%,3,-50%,100%,2
"Zonte, God of Wisdom",Refuge of the Magi,34,,1,730,-,-,1.5,2.3,-,-,-,3.2,3.2,-,-,-,3,-,8,-,-,,1,-50%,100%,2,1,-,X,X,15%,-,3,20%,3,-50%,100%,2
"Zonte, God of Wisdom",Refuge of the Magi,35,,1,730,-,-,1.5,4.3,-,-,-,3.2,3.2,-,-,-,3,-,8,-,-,,1,-50%,100%,2,1,-,X,X,15%,-,3,20%,3,-50%,100%,2
"Zonte, God of Wisdom",Refuge of the Magi,36,,1,730,-,-,1.5,4.3,-,-,-,3.2,3.2,-,-,-,3,-,8,-,-,,2,-50%,100%,2,1,-,X,X,15%,-,3,20%,3,-50%,100%,2
"Zonte, God of Wisdom",Refuge of the Magi,37,,1,730,-,-,1.5,4.3,-,-,-,3.2,3.2,-,-,-,3,-,8,-,-,,2,-50%,100%,2,1,-,X,X,15%,-,3,30%,3,-50%,100%,2
"Zonte, God of Wisdom",Refuge of the Magi,38,,1,730,-,-,1.5,4.3,-,-,-,3.2,3.2,-,-,-,3,-,8,-,-,,2,-50%,100%,2,1,-,X,X,15%,-,3,30%,3,-50%,150%,2
"Zonte, God of Wisdom",Refuge of the Magi,39,,1,730,-,-,1.5,4.3,-,-,-,3.2,3.2,-,-,-,3,-,8,-,-,,2,-50%,100%,2,1,-,X,X,15%,-,4,30%,3,-50%,150%,2
"Zonte, God of Wisdom",Refuge of the Magi,40,,1,740,-,-,2,4.4,-,-,-,3.2,3.2,-,-,-,3,-,8,-,-,,2,-50%,100%,2,1,-,X,X,15%,-,4,30%,3,-50%,150%,2
"Zonte, God of Wisdom",Refuge of the Magi,41,,1,740,-,-,2,4.4,-,-,-,3.2,3.2,-,-,-,3,-,8,-,-,,3,-50%,100%,2,1,-,X,X,15%,-,4,30%,3,-50%,150%,2
"Zonte, God of Wisdom",Refuge of the Magi,42,,1,740,-,-,2,4.4,-,-,-,3.2,3.2,-,-,-,3,-,8,-,-,,3,-50%,100%,2,1,100%,X,X,15%,-,4,30%,3,-50%,150%,2
"Zonte, God of Wisdom",Refuge of the Magi,43,,1,740,-,-,2,4.4,-,-,-,3.2,3.2,-,-,-,3,-,8,-,-,,3,-50%,100%,2,1,100%,X,X,15%,-,4,40%,3,-50%,150%,2
"Zonte, God of Wisdom",Refuge of the Magi,44,,1,740,-,-,2,4.4,-,-,-,3.2,3.2,-,-,-,3,-,8,-,-,,3,-50%,100%,2,1,100%,X,X,20%,-,4,40%,3,-50%,150%,2
"Zonte, God of Wisdom",Refuge of the Magi,45,,1,740,-,-,2,6.4,-,-,-,3.2,3.2,-,-,-,3,-,8,-,-,,3,-50%,100%,2,1,1,X,X,20%,-,4,40%,3,-50%,150%,2
"Zonte, God of Wisdom",Refuge of the Magi,46,,1,740,-,-,2,6.4,-,-,-,3.2,3.2,-,-,-,3,-,8,-,-,,3,-50%,100%,2,1,100%,X,X,20%,10%,4,40%,3,-50%,150%,2
"Zonte, God of Wisdom",Refuge of the Magi,47,,1,740,-,-,2,6.4,-,-,-,3.2,3.2,-,-,-,3,-,8,-,-,,3,-50%,150%,2,1,100%,X,X,20%,10%,4,40%,3,-50%,150%,2
"Zonte, God of Wisdom",Refuge of the Magi,48,,1,740,-,-,2,6.4,-,-,-,3.2,3.2,-,-,-,3,-,8,-,-,,4,-50%,150%,2,1,100%,X,X,20%,10%,4,40%,3,-50%,150%,2
"Zonte, God of Wisdom",Refuge of the Magi,49,,1,740,-,-,2,6.4,-,-,-,3.2,3.2,-,-,-,3,-,8,-,-,,4,-50%,150%,2,1,100%,X,X,20%,10%,4,50%,3,-50%,150%,2
"Zonte, God of Wisdom",Refuge of the Magi,50,,1,740,-,-,2,6.4,-,-,-,5,5,-,-,-,5,-,8,-,-,,4,-50%,150%,2,1,1,X,X,20%,10%,4,50%,3,-50%,150%,2
"Zonte, God of Wisdom",Refuge of the Magi,51,,1,740,-,-,2,6.4,-,-,-,5,5,-,-,-,5,-,8,-,-,,4,-50%,150%,2,1,100%,X,X,25%,10%,4,50%,3,-50%,150%,2
"Zonte, God of Wisdom",Refuge of the Magi,52,,1,740,-,-,2,6.4,-,-,-,5,5,-,-,-,5,-,8,-,-,,4,-50%,150%,2,2,100%,X,X,25%,10%,4,50%,3,-50%,150%,2
"Zonte, God of Wisdom",Refuge of the Magi,53,,1,740,-,-,2,6.4,-,-,-,5,5,-,-,-,5,-,8,-,-,,4,-50%,150%,2,2,100%,X,X,25%,20%,4,50%,3,-50%,150%,2
"Zonte, God of Wisdom",Refuge of the Magi,54,,1,740,-,-,2,6.4,-,-,-,5,5,-,-,-,5,-,8,-,-,,4,-50%,150%,2,2,100%,X,X,25%,20%,4,60%,3,-50%,150%,2
"Zonte, God of Wisdom",Refuge of the Magi,55,,1,740,-,-,2,6.4,-,-,-,5,5,-,-,-,5,-,8,-,-,,4,-50%,150%,2,2,100%,X,X,25%,20%,4,60%,3,-50%,150%,3
"Zonte, God of Wisdom",Refuge of the Magi,56,,1,740,-,-,2,6.4,-,-,-,5,5,-,-,-,5,-,8,-,-,,4,-100%,150%,2,2,100%,X,X,25%,20%,4,60%,3,-50%,150%,3
"Zonte, God of Wisdom",Refuge of the Magi,57,,1,740,-,-,2,6.4,-,-,-,5,5,-,-,-,5,-,8,-,-,,5,-100%,150%,2,2,100%,X,X,25%,20%,4,60%,3,-50%,150%,3
"Zonte, God of Wisdom",Refuge of the Magi,58,,1,740,-,-,2,6.4,-,-,-,5,5,-,-,-,5,-,8,-,-,,5,-100%,150%,2,2,100%,X,X,25%,20%,4,70%,3,-50%,150%,3
"Zonte, God of Wisdom",Refuge of the Magi,59,,1,740,-,-,2,6.4,-,-,-,5,5,-,-,-,5,-,8,-,-,,5,-100%,150%,2,2,100%,X,X,30%,20%,4,70%,3,-50%,150%,3
"Zonte, God of Wisdom",Refuge of the Magi,60,,1,740,-,-,2,6.4,-,-,-,5,5,-,-,-,5,-,8,-,8,,5,-100%,150%,2,2,1,X,X,30%,20%,4,70%,3,-50%,150%,3
"Zonte, God of Wisdom",Refuge of the Magi,61,,1,740,-,-,2,6.4,-,-,-,5,5,-,-,-,5,-,8,-,8,,5,-100%,150%,2,2,100%,X,X,30%,30%,4,70%,3,-50%,150%,3
"Zonte, God of Wisdom",Refuge of the Magi,62,,1,740,-,-,2,6.4,-,-,-,5,5,-,-,-,5,-,8,-,8,,5,-100%,150%,2,2,100%,X,X,30%,30%,4,80%,3,-50%,150%,3
"Zonte, God of Wisdom",Refuge of the Magi,63,,1,740,-,-,2,6.4,-,-,-,5,5,-,-,-,5,-,8,-,8,,5,-100%,150%,2,2,100%,X,X,35%,30%,4,80%,3,-50%,150%,3
"Zonte, God of Wisdom",Refuge of the Magi,64,,1,740,-,-,2,6.4,-,-,-,5,5,-,-,-,5,-,8,-,8,,5,-100%,150%,2,2,100%,X,X,35%,40%,4,80%,3,-50%,150%,3
"Zonte, God of Wisdom",Refuge of the Magi,65,,1,740,-,-,2,6.4,-,-,-,5,5,-,-,-,5,-,8,-,8,,5,-100%,150%,2,2,100%,X,X,35%,40%,4,80%,3,-50%,200%,3
"Zonte, God of Wisdom",Refuge of the Magi,66,,1,740,-,-,2,6.4,-,-,-,5,5,-,-,-,5,-,8,-,8,,5,-100%,150%,2,2,100%,X,X,35%,40%,4,80%,3,-100%,200%,3
"Zonte, God of Wisdom",Refuge of the Magi,67,,1,740,-,-,2,6.4,-,-,-,5,5,-,-,-,5,-,8,-,8,,5,-100%,150%,2,2,100%,X,X,35%,40%,4,90%,3,-100%,200%,3
"Zonte, God of Wisdom",Refuge of the Magi,68,,1,740,-,-,2,6.4,-,-,-,5,5,-,-,-,5,-,8,-,8,,5,-100%,150%,2,2,100%,X,X,35%,50%,4,90%,3,-100%,200%,3
"Zonte, God of Wisdom",Refuge of the Magi,69,,1,740,-,-,2,6.4,-,-,-,5,5,-,-,-,5,-,8,-,8,,5,-100%,150%,2,2,100%,X,X,40%,50%,4,90%,3,-100%,200%,3
"Zonte, God of Wisdom",Refuge of the Magi,70,,1,740,-,-,2,6.4,-,-,-,5,5,2,-,-,5,-,8,-,8,,5,-100%,150%,2,2,1,X,X,40%,50%,4,90%,3,-100%,200%,3
"Zonte, God of Wisdom",Refuge of the Magi,71,,1,740,-,-,2,6.4,-,-,-,5,5,2,-,-,5,-,8,-,8,,5,-100%,150%,2,2,100%,X,X,40%,50%,4,100%,3,-100%,200%,3
"Zonte, God of Wisdom",Refuge of the Magi,72,,1,740,-,-,2,6.4,-,-,-,5,5,2,-,-,5,-,8,-,8,,5,-100%,150%,2,2,100%,X,X,40%,60%,4,100%,3,-100%,200%,3
"Zonte, God of Wisdom",Refuge of the Magi,73,,1,740,-,-,2,6.4,-,-,-,5,5,2,-,-,5,-,8,-,8,,5,-100%,150%,2,2,100%,X,X,45%,60%,4,100%,3,-100%,200%,3
"Zonte, God of Wisdom",Refuge of the Magi,74,,1,740,-,-,2,6.4,-,-,-,5,5,2,-,-,5,-,8,-,8,,5,-100%,150%,2,2,100%,X,X,45%,70%,4,100%,3,-100%,200%,3
"Zonte, God of Wisdom",Refuge of the Magi,75,,1,740,-,-,2,6.4,-,-,-,5,5,2,-,-,5,-,8,-,8,,5,-100%,150%,2,2,100%,X,X,45%,80%,4,100%,3,-100%,200%,3
"Zonte, God of Wisdom",Refuge of the Magi,76,,1,740,-,-,2,6.4,-,-,-,5,5,2,-,-,5,-,8,-,8,,5,-100%,200%,2,2,100%,X,X,45%,80%,4,100%,3,-100%,200%,3
"Zonte, God of Wisdom",Refuge of the Magi,77,,1,740,-,-,2,6.4,-,-,-,5,5,2,-,-,5,-,8,-,8,,5,-100%,200%,2,2,100%,X,X,45%,90%,4,100%,3,-100%,200%,3
"Zonte, God of Wisdom",Refuge of the Magi,78,,1,740,-,-,2,6.4,-,-,-,5,5,2,-,-,5,-,8,-,8,,5,-100%,200%,2,2,100%,X,X,45%,90%,4,110%,3,-100%,200%,3
"Zonte, God of Wisdom",Refuge of the Magi,79,,1,740,-,-,2,6.4,-,-,-,5,5,2,-,-,5,-,8,-,8,,5,-100%,200%,2,2,100%,X,X,50%,90%,4,110%,3,-100%,200%,3
"Zonte, God of Wisdom",Refuge of the Magi,80,,1,740,-,-,2,6.4,-,-,-,5,5,2,-,-,5,2,8,-,8,,5,-100%,200%,2,2,1,X,X,50%,90%,4,110%,3,-100%,200%,3
"Zonte, God of Wisdom",Refuge of the Magi,81,,1,740,-,-,2,6.4,-,-,-,5,5,2,-,-,5,2,8,-,8,,5,-100%,200%,2,2,100%,X,X,50%,100%,4,110%,3,-100%,200%,3
"Zonte, God of Wisdom",Refuge of the Magi,82,,1,740,-,-,2,6.4,-,-,-,5,5,2,-,-,5,2,8,-,8,,5,-100%,200%,2,2,100%,X,X,50%,100%,4,120%,3,-100%,200%,3
"Zonte, God of Wisdom",Refuge of the Magi,83,,1,740,-,-,2,6.4,-,-,-,5,5,2,-,-,5,2,8,-,8,,5,-100%,200%,2,2,100%,X,X,50%,110%,4,120%,3,-100%,200%,3
"Zonte, God of Wisdom",Refuge of the Magi,84,,1,740,-,-,2,6.4,-,-,-,5,5,2,-,-,5,2,8,-,8,,5,-100%,200%,2,2,100%,X,X,55%,110%,4,120%,3,-100%,200%,3
"Zonte, God of Wisdom",Refuge of the Magi,85,,1,740,-,-,2,6.4,-,-,-,5,5,2,-,-,5,2,8,-,8,,5,-100%,200%,2,2,100%,X,X,55%,110%,4,120%,3,-100%,250%,3
"Zonte, God of Wisdom",Refuge of the Magi,86,,1,740,-,-,2,6.4,-,-,-,5,5,2,-,-,5,2,8,-,8,,5,-100%,200%,2,2,100%,X,X,60%,110%,4,120%,3,-100%,250%,3
"Zonte, God of Wisdom",Refuge of the Magi,87,,1,740,-,-,2,6.4,-,-,-,5,5,2,-,-,5,2,8,-,8,,5,-100%,200%,2,2,100%,X,X,60%,110%,4,130%,3,-100%,250%,3
"Zonte, God of Wisdom",Refuge of the Magi,88,,1,740,-,-,2,6.4,-,-,-,5,5,2,-,-,5,2,8,-,8,,5,-100%,200%,2,2,100%,X,X,65%,110%,4,130%,3,-100%,250%,3
"Zonte, God of Wisdom",Refuge of the Magi,89,,1,740,-,-,2,6.4,-,-,-,5,5,2,-,-,5,2,8,-,8,,5,-100%,200%,2,2,100%,X,X,65%,120%,4,130%,3,-100%,250%,3
"Zonte, God of Wisdom",Refuge of the Magi,90,,1,750,-,-,2.5,6.5,-,-,-,5,5,2,-,-,5,2,8,-,8,,5,-100%,200%,2,2,1,X,X,65%,120%,4,130%,3,-100%,250%,3
"Zonte, God of Wisdom",Refuge of the Magi,91,,1,750,-,-,2.5,6.5,-,-,-,5,5,2,-,-,5,2,8,-,8,,5,-100%,200%,2,2,100%,X,X,65%,130%,4,130%,3,-100%,250%,3
"Zonte, God of Wisdom",Refuge of the Magi,92,,1,750,-,-,2.5,6.5,-,-,-,5,5,2,-,-,5,2,8,-,8,,5,-100%,200%,2,2,100%,X,X,65%,130%,4,140%,3,-100%,250%,3
"Zonte, God of Wisdom",Refuge of the Magi,93,,1,750,-,-,2.5,6.5,-,-,-,5,5,2,-,-,5,2,8,-,8,,5,-100%,200%,2,2,100%,X,X,70%,130%,4,140%,3,-100%,250%,3
"Zonte, God of Wisdom",Refuge of the Magi,94,,1,750,-,-,2.5,6.5,-,-,-,5,5,2,-,-,5,2,8,-,8,,5,-100%,250%,2,2,100%,X,X,70%,130%,4,140%,3,-100%,250%,3
"Zonte, God of Wisdom",Refuge of the Magi,95,,1,750,-,-,2.5,6.5,-,-,-,5,5,2,-,-,5,2,8,-,8,,5,-100%,250%,2,2,100%,X,X,70%,140%,4,140%,3,-100%,250%,3
"Zonte, God of Wisdom",Refuge of the Magi,96,,1,750,-,-,2.5,6.5,-,-,-,5,5,2,-,-,5,2,8,-,8,,5,-100%,250%,2,2,100%,X,X,70%,140%,4,150%,3,-100%,250%,3
"Zonte, God of Wisdom",Refuge of the Magi,97,,1,750,-,-,2.5,6.5,-,-,-,5,5,2,-,-,5,2,8,-,8,,5,-100%,250%,2,2,100%,X,X,75%,140%,4,150%,3,-100%,250%,3
"Zonte, God of Wisdom",Refuge of the Magi,98,,1,750,-,-,2.5,6.5,-,-,-,5,5,2,-,-,5,2,8,-,8,,5,-100%,250%,2,2,100%,X,X,75%,150%,4,150%,3,-100%,250%,3
"Zonte, God of Wisdom",Refuge of the Magi,99,,1,750,-,-,2.5,6.5,-,-,-,5,5,2,-,-,5,2,8,-,8,,5,-100%,250%,2,2,100%,X,X,80%,150%,4,150%,3,-100%,250%,3
"Zonte, God of Wisdom",Refuge of the Magi,100,,1,750,-,-,2.5,6.5,-,-,-,5,5,2,-,2,5,2,8,-,8,,5,-100%,250%,2,2,1,X,X,80%,150%,4,150%,3,-100%,250%,3